ISO-10303-21;
HEADER;
/* Generated by software containing ST-Developer
 * from STEP Tools, Inc. (www.steptools.com) 
 */
/* OPTION: using custom renumber hook */

FILE_DESCRIPTION(
/* description */ ('STEP AP242 Edition 2',
'CAx-IF Rec.Pracs.---Representation and Presentation of Product Manufa
cturing Information (PMI)---4.0---2014-10-13',
'CAx-IF Rec.Pracs.---3D Tessellated Geometry---0.4---2014-09-14','2;1',
'CAx-IF Rec.Pracs.---User Defined Attributes---1.5---2016-08-15'),
/* implementation_level */ '2;1');

FILE_NAME(
/* name */ '694cf775d14239b98191a565',
/* time_stamp */ '2025-12-25T08:36:05Z',
/* author */ (''),
/* organization */ (''),
/* preprocessor_version */ 'ST-DEVELOPER v20',
/* originating_system */ 'ONSHAPE BY PTC INC, 1.208',
/* authorisation */ '  ');

FILE_SCHEMA (('AP242_MANAGED_MODEL_BASED_3D_ENGINEERING_MIM_LF { 1 0 10303 442 3 1 4 }'));
ENDSEC;

DATA;
#10=(
BOUNDED_CURVE()
B_SPLINE_CURVE(2,(#408,#409,#410,#411,#412,#413,#414,#415,#416,#417,#418,
#419,#420,#421,#422,#423,#424,#425,#426,#427,#428,#429,#430,#431,#432,#433,
#434,#435,#436,#437,#438,#439,#440,#441,#442,#443,#444,#445,#446,#447,#448,
#449,#450,#451,#452,#453,#454,#455,#456,#457,#458,#459,#460,#461,#462,#463,
#464,#465,#466,#467,#468,#469,#470,#471,#472,#473,#474,#475,#476,#477,#478,
#479,#480,#481,#482,#483,#484,#485,#486,#487,#488,#489,#490,#491,#492,#493,
#494,#495,#496,#497,#498,#499,#500,#501,#502,#503,#504,#505,#506,#507,#508,
#509,#510,#511,#512,#513,#514,#515,#516,#517,#518,#519,#520,#521,#522,#523,
#524,#525,#526,#527,#528,#529,#530,#531,#532,#533,#534,#535,#536,#537,#538,
#539,#540,#541,#542,#543,#544,#545,#546,#547,#548,#549,#550,#551,#552,#553,
#554,#555,#556,#557,#558,#559,#560,#561,#562,#563,#564,#565,#566,#567,#568,
#569,#570,#571,#572,#573,#574,#575,#576),.UNSPECIFIED.,.F.,.F.)
B_SPLINE_CURVE_WITH_KNOTS((3,2,2,2,2,2,2,2,2,2,2,2,2,2,2,2,2,2,2,2,2,2,
2,2,2,2,2,2,2,2,2,2,2,2,2,2,2,2,2,2,2,2,2,2,2,2,2,2,2,2,2,2,2,2,2,2,2,2,
2,2,2,2,2,2,2,2,2,2,2,2,2,2,2,2,2,2,2,2,2,2,2,2,2,2,3),(0.,0.0119047619047619,
0.0238095238095238,0.0357142857142857,0.0476190476190476,0.0595238095238095,
0.0714285714285714,0.0833333333333333,0.0952380952380952,0.107142857142857,
0.119047619047619,0.130952380952381,0.142857142857143,0.154761904761905,
0.166666666666667,0.178571428571428,0.19047619047619,0.202380952380952,
0.214285714285714,0.226190476190476,0.238095238095238,0.25,0.261904761904762,
0.273809523809524,0.285714285714286,0.297619047619048,0.309523809523809,
0.321428571428572,0.333333333333334,0.345238095238096,0.357142857142857,
0.369047619047619,0.380952380952381,0.392857142857143,0.404761904761905,
0.416666666666667,0.428571428571428,0.44047619047619,0.452380952380952,
0.464285714285714,0.476190476190476,0.488095238095238,0.5,0.511904761904762,
0.523809523809524,0.535714285714286,0.547619047619048,0.55952380952381,
0.571428571428571,0.583333333333333,0.595238095238095,0.607142857142857,
0.619047619047619,0.630952380952381,0.642857142857143,0.654761904761905,
0.666666666666667,0.678571428571429,0.690476190476191,0.702380952380952,
0.714285714285714,0.726190476190476,0.738095238095238,0.75,0.761904761904762,
0.773809523809524,0.785714285714286,0.797619047619048,0.80952380952381,
0.821428571428571,0.833333333333333,0.845238095238095,0.857142857142857,
0.869047619047619,0.880952380952381,0.892857142857143,0.904761904761905,
0.916666666666667,0.928571428571429,0.94047619047619,0.952380952380952,
0.964285714285714,0.976190476190476,0.988095238095238,1.),.UNSPECIFIED.)
CURVE()
GEOMETRIC_REPRESENTATION_ITEM()
RATIONAL_B_SPLINE_CURVE((1.,0.866025403784439,1.,0.866025403784439,1.,0.866025403784439,
1.,0.866025403784439,1.,0.866025403784439,1.,0.866025403784439,1.,0.866025403784439,
1.,0.866025403784439,1.,0.866025403784439,1.,0.866025403784439,1.,0.866025403784439,
1.,0.866025403784439,1.,0.866025403784439,1.,0.866025403784439,1.,0.866025403784439,
1.,0.866025403784439,1.,0.866025403784439,1.,0.866025403784439,1.,0.866025403784439,
1.,0.866025403784439,1.,0.866025403784439,1.,0.866025403784439,1.,0.866025403784439,
1.,0.866025403784439,1.,0.866025403784439,1.,0.866025403784439,1.,0.866025403784439,
1.,0.866025403784439,1.,0.866025403784439,1.,0.866025403784439,1.,0.866025403784439,
1.,0.866025403784439,1.,0.866025403784439,1.,0.866025403784439,1.,0.866025403784439,
1.,0.866025403784439,1.,0.866025403784439,1.,0.866025403784439,1.,0.866025403784439,
1.,0.866025403784439,1.,0.866025403784439,1.,0.866025403784439,1.,0.866025403784439,
1.,0.866025403784439,1.,0.866025403784439,1.,0.866025403784439,1.,0.866025403784439,
1.,0.866025403784439,1.,0.866025403784439,1.,0.866025403784439,1.,0.866025403784439,
1.,0.866025403784439,1.,0.866025403784439,1.,0.866025403784439,1.,0.866025403784439,
1.,0.866025403784439,1.,0.866025403784439,1.,0.866025403784439,1.,0.866025403784439,
1.,0.866025403784439,1.,0.866025403784439,1.,0.866025403784439,1.,0.866025403784439,
1.,0.866025403784439,1.,0.866025403784439,1.,0.866025403784439,1.,0.866025403784439,
1.,0.866025403784439,1.,0.866025403784439,1.,0.866025403784439,1.,0.866025403784439,
1.,0.866025403784439,1.,0.866025403784439,1.,0.866025403784439,1.,0.866025403784439,
1.,0.866025403784439,1.,0.866025403784439,1.,0.866025403784439,1.,0.866025403784439,
1.,0.866025403784439,1.,0.866025403784439,1.,0.866025403784439,1.,0.866025403784439,
1.,0.866025403784439,1.))
REPRESENTATION_ITEM('')
);
#11=(
BOUNDED_CURVE()
B_SPLINE_CURVE(2,(#580,#581,#582,#583,#584,#585,#586,#587,#588,#589,#590,
#591,#592),.UNSPECIFIED.,.F.,.F.)
B_SPLINE_CURVE_WITH_KNOTS((3,2,2,2,2,2,3),(0.,0.166666666666667,0.333333333333334,
0.5,0.666666666666667,0.833333333333333,1.),.UNSPECIFIED.)
CURVE()
GEOMETRIC_REPRESENTATION_ITEM()
RATIONAL_B_SPLINE_CURVE((1.,0.866025403784439,1.,0.866025403784439,1.,0.866025403784439,
1.,0.866025403784439,1.,0.866025403784439,1.,0.866025403784439,1.))
REPRESENTATION_ITEM('')
);
#12=(
BOUNDED_CURVE()
B_SPLINE_CURVE(2,(#921,#922,#923,#924,#925,#926,#927,#928,#929,#930,#931,
#932,#933,#934,#935,#936,#937,#938,#939,#940,#941,#942,#943,#944,#945,#946,
#947,#948,#949,#950,#951,#952,#953,#954,#955,#956,#957,#958,#959,#960,#961,
#962,#963,#964,#965,#966,#967,#968,#969,#970,#971,#972,#973,#974,#975,#976,
#977,#978,#979,#980,#981,#982,#983,#984,#985,#986,#987,#988,#989,#990,#991,
#992,#993,#994,#995,#996,#997,#998,#999,#1000,#1001,#1002,#1003,#1004,#1005,
#1006,#1007,#1008,#1009,#1010,#1011,#1012,#1013,#1014,#1015,#1016,#1017,
#1018,#1019,#1020,#1021,#1022,#1023,#1024,#1025,#1026,#1027,#1028,#1029,
#1030,#1031,#1032,#1033,#1034,#1035,#1036,#1037,#1038,#1039,#1040,#1041,
#1042,#1043,#1044,#1045,#1046,#1047,#1048,#1049,#1050,#1051,#1052,#1053,
#1054,#1055,#1056,#1057,#1058,#1059,#1060,#1061,#1062,#1063,#1064,#1065,
#1066,#1067,#1068,#1069,#1070,#1071,#1072,#1073,#1074,#1075,#1076,#1077,
#1078,#1079,#1080,#1081,#1082,#1083,#1084,#1085,#1086,#1087,#1088,#1089),
 .UNSPECIFIED.,.F.,.F.)
B_SPLINE_CURVE_WITH_KNOTS((3,2,2,2,2,2,2,2,2,2,2,2,2,2,2,2,2,2,2,2,2,2,
2,2,2,2,2,2,2,2,2,2,2,2,2,2,2,2,2,2,2,2,2,2,2,2,2,2,2,2,2,2,2,2,2,2,2,2,
2,2,2,2,2,2,2,2,2,2,2,2,2,2,2,2,2,2,2,2,2,2,2,2,2,2,3),(0.,0.0119047619047619,
0.0238095238095238,0.0357142857142857,0.0476190476190476,0.0595238095238095,
0.0714285714285714,0.0833333333333333,0.0952380952380952,0.107142857142857,
0.119047619047619,0.130952380952381,0.142857142857143,0.154761904761905,
0.166666666666667,0.178571428571428,0.19047619047619,0.202380952380952,
0.214285714285714,0.226190476190476,0.238095238095238,0.25,0.261904761904762,
0.273809523809524,0.285714285714286,0.297619047619048,0.309523809523809,
0.321428571428572,0.333333333333334,0.345238095238096,0.357142857142857,
0.369047619047619,0.380952380952381,0.392857142857143,0.404761904761905,
0.416666666666667,0.428571428571428,0.44047619047619,0.452380952380952,
0.464285714285714,0.476190476190476,0.488095238095238,0.5,0.511904761904762,
0.523809523809524,0.535714285714286,0.547619047619048,0.55952380952381,
0.571428571428571,0.583333333333333,0.595238095238095,0.607142857142857,
0.619047619047619,0.630952380952381,0.642857142857143,0.654761904761905,
0.666666666666667,0.678571428571429,0.690476190476191,0.702380952380952,
0.714285714285714,0.726190476190476,0.738095238095238,0.75,0.761904761904762,
0.773809523809524,0.785714285714286,0.797619047619048,0.80952380952381,
0.821428571428571,0.833333333333333,0.845238095238095,0.857142857142857,
0.869047619047619,0.880952380952381,0.892857142857143,0.904761904761905,
0.916666666666667,0.928571428571429,0.94047619047619,0.952380952380952,
0.964285714285714,0.976190476190476,0.988095238095238,1.),.UNSPECIFIED.)
CURVE()
GEOMETRIC_REPRESENTATION_ITEM()
RATIONAL_B_SPLINE_CURVE((1.,0.866025403784439,1.,0.866025403784439,1.,0.866025403784439,
1.,0.866025403784439,1.,0.866025403784439,1.,0.866025403784439,1.,0.866025403784439,
1.,0.866025403784439,1.,0.866025403784439,1.,0.866025403784439,1.,0.866025403784439,
1.,0.866025403784439,1.,0.866025403784439,1.,0.866025403784439,1.,0.866025403784439,
1.,0.866025403784439,1.,0.866025403784439,1.,0.866025403784439,1.,0.866025403784439,
1.,0.866025403784439,1.,0.866025403784439,1.,0.866025403784439,1.,0.866025403784439,
1.,0.866025403784439,1.,0.866025403784439,1.,0.866025403784439,1.,0.866025403784439,
1.,0.866025403784439,1.,0.866025403784439,1.,0.866025403784439,1.,0.866025403784439,
1.,0.866025403784439,1.,0.866025403784439,1.,0.866025403784439,1.,0.866025403784439,
1.,0.866025403784439,1.,0.866025403784439,1.,0.866025403784439,1.,0.866025403784439,
1.,0.866025403784439,1.,0.866025403784439,1.,0.866025403784439,1.,0.866025403784439,
1.,0.866025403784439,1.,0.866025403784439,1.,0.866025403784439,1.,0.866025403784439,
1.,0.866025403784439,1.,0.866025403784439,1.,0.866025403784439,1.,0.866025403784439,
1.,0.866025403784439,1.,0.866025403784439,1.,0.866025403784439,1.,0.866025403784439,
1.,0.866025403784439,1.,0.866025403784439,1.,0.866025403784439,1.,0.866025403784439,
1.,0.866025403784439,1.,0.866025403784439,1.,0.866025403784439,1.,0.866025403784439,
1.,0.866025403784439,1.,0.866025403784439,1.,0.866025403784439,1.,0.866025403784439,
1.,0.866025403784439,1.,0.866025403784439,1.,0.866025403784439,1.,0.866025403784439,
1.,0.866025403784439,1.,0.866025403784439,1.,0.866025403784439,1.,0.866025403784439,
1.,0.866025403784439,1.,0.866025403784439,1.,0.866025403784439,1.,0.866025403784439,
1.,0.866025403784439,1.,0.866025403784439,1.,0.866025403784439,1.,0.866025403784439,
1.,0.866025403784439,1.))
REPRESENTATION_ITEM('')
);
#13=(
BOUNDED_CURVE()
B_SPLINE_CURVE(2,(#1093,#1094,#1095,#1096,#1097,#1098,#1099,#1100,#1101,
#1102,#1103,#1104,#1105,#1106,#1107,#1108,#1109,#1110,#1111,#1112,#1113,
#1114,#1115,#1116,#1117,#1118,#1119,#1120,#1121,#1122,#1123,#1124,#1125,
#1126,#1127,#1128,#1129,#1130,#1131,#1132,#1133,#1134,#1135,#1136,#1137,
#1138,#1139,#1140,#1141,#1142,#1143,#1144,#1145,#1146,#1147,#1148,#1149,
#1150,#1151,#1152,#1153,#1154,#1155,#1156,#1157,#1158,#1159,#1160,#1161,
#1162,#1163,#1164,#1165,#1166,#1167,#1168,#1169,#1170,#1171,#1172,#1173,
#1174,#1175,#1176,#1177,#1178,#1179,#1180,#1181,#1182,#1183,#1184,#1185,
#1186,#1187,#1188,#1189,#1190,#1191,#1192,#1193,#1194,#1195,#1196,#1197,
#1198,#1199,#1200,#1201,#1202,#1203,#1204,#1205,#1206,#1207,#1208,#1209,
#1210,#1211,#1212,#1213,#1214,#1215,#1216,#1217,#1218,#1219,#1220,#1221,
#1222,#1223,#1224,#1225,#1226,#1227,#1228,#1229,#1230,#1231,#1232,#1233,
#1234,#1235,#1236,#1237,#1238,#1239,#1240,#1241,#1242,#1243,#1244,#1245,
#1246,#1247,#1248,#1249,#1250,#1251,#1252,#1253,#1254,#1255,#1256,#1257,
#1258,#1259,#1260,#1261),.UNSPECIFIED.,.F.,.F.)
B_SPLINE_CURVE_WITH_KNOTS((3,2,2,2,2,2,2,2,2,2,2,2,2,2,2,2,2,2,2,2,2,2,
2,2,2,2,2,2,2,2,2,2,2,2,2,2,2,2,2,2,2,2,2,2,2,2,2,2,2,2,2,2,2,2,2,2,2,2,
2,2,2,2,2,2,2,2,2,2,2,2,2,2,2,2,2,2,2,2,2,2,2,2,2,2,3),(0.,0.0119047619047619,
0.0238095238095238,0.0357142857142857,0.0476190476190476,0.0595238095238095,
0.0714285714285714,0.0833333333333333,0.0952380952380952,0.107142857142857,
0.119047619047619,0.130952380952381,0.142857142857143,0.154761904761905,
0.166666666666667,0.178571428571428,0.19047619047619,0.202380952380952,
0.214285714285714,0.226190476190476,0.238095238095238,0.25,0.261904761904762,
0.273809523809524,0.285714285714286,0.297619047619048,0.309523809523809,
0.321428571428572,0.333333333333334,0.345238095238096,0.357142857142857,
0.369047619047619,0.380952380952381,0.392857142857143,0.404761904761905,
0.416666666666667,0.428571428571428,0.44047619047619,0.452380952380952,
0.464285714285714,0.476190476190476,0.488095238095238,0.5,0.511904761904762,
0.523809523809524,0.535714285714286,0.547619047619048,0.55952380952381,
0.571428571428571,0.583333333333333,0.595238095238095,0.607142857142857,
0.619047619047619,0.630952380952381,0.642857142857143,0.654761904761905,
0.666666666666667,0.678571428571429,0.690476190476191,0.702380952380952,
0.714285714285714,0.726190476190476,0.738095238095238,0.75,0.761904761904762,
0.773809523809524,0.785714285714286,0.797619047619048,0.80952380952381,
0.821428571428571,0.833333333333333,0.845238095238095,0.857142857142857,
0.869047619047619,0.880952380952381,0.892857142857143,0.904761904761905,
0.916666666666667,0.928571428571429,0.94047619047619,0.952380952380952,
0.964285714285714,0.976190476190476,0.988095238095238,1.),.UNSPECIFIED.)
CURVE()
GEOMETRIC_REPRESENTATION_ITEM()
RATIONAL_B_SPLINE_CURVE((1.,0.866025403784439,1.,0.866025403784439,1.,0.866025403784439,
1.,0.866025403784439,1.,0.866025403784439,1.,0.866025403784439,1.,0.866025403784439,
1.,0.866025403784439,1.,0.866025403784439,1.,0.866025403784439,1.,0.866025403784439,
1.,0.866025403784439,1.,0.866025403784439,1.,0.866025403784439,1.,0.866025403784439,
1.,0.866025403784439,1.,0.866025403784439,1.,0.866025403784439,1.,0.866025403784439,
1.,0.866025403784439,1.,0.866025403784439,1.,0.866025403784439,1.,0.866025403784439,
1.,0.866025403784439,1.,0.866025403784439,1.,0.866025403784439,1.,0.866025403784439,
1.,0.866025403784439,1.,0.866025403784439,1.,0.866025403784439,1.,0.866025403784439,
1.,0.866025403784439,1.,0.866025403784439,1.,0.866025403784439,1.,0.866025403784439,
1.,0.866025403784439,1.,0.866025403784439,1.,0.866025403784439,1.,0.866025403784439,
1.,0.866025403784439,1.,0.866025403784439,1.,0.866025403784439,1.,0.866025403784439,
1.,0.866025403784439,1.,0.866025403784439,1.,0.866025403784439,1.,0.866025403784439,
1.,0.866025403784439,1.,0.866025403784439,1.,0.866025403784439,1.,0.866025403784439,
1.,0.866025403784439,1.,0.866025403784439,1.,0.866025403784439,1.,0.866025403784439,
1.,0.866025403784439,1.,0.866025403784439,1.,0.866025403784439,1.,0.866025403784439,
1.,0.866025403784439,1.,0.866025403784439,1.,0.866025403784439,1.,0.866025403784439,
1.,0.866025403784439,1.,0.866025403784439,1.,0.866025403784439,1.,0.866025403784439,
1.,0.866025403784439,1.,0.866025403784439,1.,0.866025403784439,1.,0.866025403784439,
1.,0.866025403784439,1.,0.866025403784439,1.,0.866025403784439,1.,0.866025403784439,
1.,0.866025403784439,1.,0.866025403784439,1.,0.866025403784439,1.,0.866025403784439,
1.,0.866025403784439,1.,0.866025403784439,1.,0.866025403784439,1.,0.866025403784439,
1.,0.866025403784439,1.))
REPRESENTATION_ITEM('')
);
#14=(
BOUNDED_CURVE()
B_SPLINE_CURVE(2,(#1589,#1590,#1591,#1592,#1593,#1594,#1595,#1596,#1597,
#1598,#1599,#1600,#1601,#1602,#1603,#1604,#1605,#1606,#1607,#1608,#1609,
#1610,#1611,#1612,#1613,#1614,#1615,#1616,#1617,#1618,#1619,#1620,#1621,
#1622,#1623,#1624,#1625,#1626,#1627,#1628,#1629,#1630,#1631,#1632,#1633,
#1634,#1635,#1636,#1637,#1638,#1639,#1640,#1641,#1642,#1643,#1644,#1645,
#1646,#1647,#1648,#1649,#1650,#1651,#1652,#1653,#1654,#1655,#1656,#1657,
#1658,#1659,#1660,#1661,#1662,#1663,#1664,#1665,#1666,#1667,#1668,#1669,
#1670,#1671,#1672,#1673,#1674,#1675,#1676,#1677,#1678,#1679,#1680,#1681,
#1682,#1683,#1684,#1685,#1686,#1687,#1688,#1689,#1690,#1691,#1692,#1693,
#1694,#1695,#1696,#1697,#1698,#1699,#1700,#1701,#1702,#1703,#1704,#1705,
#1706,#1707,#1708,#1709,#1710,#1711,#1712,#1713,#1714,#1715,#1716,#1717,
#1718,#1719,#1720,#1721,#1722,#1723,#1724,#1725,#1726,#1727,#1728,#1729,
#1730,#1731,#1732,#1733,#1734,#1735,#1736,#1737,#1738,#1739,#1740,#1741,
#1742,#1743,#1744,#1745,#1746,#1747,#1748,#1749,#1750,#1751,#1752,#1753,
#1754,#1755,#1756,#1757),.UNSPECIFIED.,.F.,.F.)
B_SPLINE_CURVE_WITH_KNOTS((3,2,2,2,2,2,2,2,2,2,2,2,2,2,2,2,2,2,2,2,2,2,
2,2,2,2,2,2,2,2,2,2,2,2,2,2,2,2,2,2,2,2,2,2,2,2,2,2,2,2,2,2,2,2,2,2,2,2,
2,2,2,2,2,2,2,2,2,2,2,2,2,2,2,2,2,2,2,2,2,2,2,2,2,2,3),(0.,0.0119047619047619,
0.0238095238095238,0.0357142857142857,0.0476190476190476,0.0595238095238095,
0.0714285714285714,0.0833333333333333,0.0952380952380952,0.107142857142857,
0.119047619047619,0.130952380952381,0.142857142857143,0.154761904761905,
0.166666666666667,0.178571428571428,0.19047619047619,0.202380952380952,
0.214285714285714,0.226190476190476,0.238095238095238,0.25,0.261904761904762,
0.273809523809524,0.285714285714286,0.297619047619048,0.309523809523809,
0.321428571428572,0.333333333333334,0.345238095238096,0.357142857142857,
0.369047619047619,0.380952380952381,0.392857142857143,0.404761904761905,
0.416666666666667,0.428571428571428,0.44047619047619,0.452380952380952,
0.464285714285714,0.476190476190476,0.488095238095238,0.5,0.511904761904762,
0.523809523809524,0.535714285714286,0.547619047619048,0.55952380952381,
0.571428571428571,0.583333333333333,0.595238095238095,0.607142857142857,
0.619047619047619,0.630952380952381,0.642857142857143,0.654761904761905,
0.666666666666667,0.678571428571429,0.690476190476191,0.702380952380952,
0.714285714285714,0.726190476190476,0.738095238095238,0.75,0.761904761904762,
0.773809523809524,0.785714285714286,0.797619047619048,0.80952380952381,
0.821428571428571,0.833333333333333,0.845238095238095,0.857142857142857,
0.869047619047619,0.880952380952381,0.892857142857143,0.904761904761905,
0.916666666666667,0.928571428571429,0.94047619047619,0.952380952380952,
0.964285714285714,0.976190476190476,0.988095238095238,1.),.UNSPECIFIED.)
CURVE()
GEOMETRIC_REPRESENTATION_ITEM()
RATIONAL_B_SPLINE_CURVE((1.,0.866025403784439,1.,0.866025403784439,1.,0.866025403784439,
1.,0.866025403784439,1.,0.866025403784439,1.,0.866025403784439,1.,0.866025403784439,
1.,0.866025403784439,1.,0.866025403784439,1.,0.866025403784439,1.,0.866025403784439,
1.,0.866025403784439,1.,0.866025403784439,1.,0.866025403784439,1.,0.866025403784439,
1.,0.866025403784439,1.,0.866025403784439,1.,0.866025403784439,1.,0.866025403784439,
1.,0.866025403784439,1.,0.866025403784439,1.,0.866025403784439,1.,0.866025403784439,
1.,0.866025403784439,1.,0.866025403784439,1.,0.866025403784439,1.,0.866025403784439,
1.,0.866025403784439,1.,0.866025403784439,1.,0.866025403784439,1.,0.866025403784439,
1.,0.866025403784439,1.,0.866025403784439,1.,0.866025403784439,1.,0.866025403784439,
1.,0.866025403784439,1.,0.866025403784439,1.,0.866025403784439,1.,0.866025403784439,
1.,0.866025403784439,1.,0.866025403784439,1.,0.866025403784439,1.,0.866025403784439,
1.,0.866025403784439,1.,0.866025403784439,1.,0.866025403784439,1.,0.866025403784439,
1.,0.866025403784439,1.,0.866025403784439,1.,0.866025403784439,1.,0.866025403784439,
1.,0.866025403784439,1.,0.866025403784439,1.,0.866025403784439,1.,0.866025403784439,
1.,0.866025403784439,1.,0.866025403784439,1.,0.866025403784439,1.,0.866025403784439,
1.,0.866025403784439,1.,0.866025403784439,1.,0.866025403784439,1.,0.866025403784439,
1.,0.866025403784439,1.,0.866025403784439,1.,0.866025403784439,1.,0.866025403784439,
1.,0.866025403784439,1.,0.866025403784439,1.,0.866025403784439,1.,0.866025403784439,
1.,0.866025403784439,1.,0.866025403784439,1.,0.866025403784439,1.,0.866025403784439,
1.,0.866025403784439,1.,0.866025403784439,1.,0.866025403784439,1.,0.866025403784439,
1.,0.866025403784439,1.,0.866025403784439,1.,0.866025403784439,1.,0.866025403784439,
1.,0.866025403784439,1.))
REPRESENTATION_ITEM('')
);
#15=(
BOUNDED_CURVE()
B_SPLINE_CURVE(2,(#1788,#1789,#1790,#1791,#1792,#1793,#1794,#1795,#1796,
#1797,#1798,#1799,#1800),.UNSPECIFIED.,.F.,.F.)
B_SPLINE_CURVE_WITH_KNOTS((3,2,2,2,2,2,3),(0.,0.166666666666667,0.333333333333334,
0.5,0.666666666666667,0.833333333333333,1.),.UNSPECIFIED.)
CURVE()
GEOMETRIC_REPRESENTATION_ITEM()
RATIONAL_B_SPLINE_CURVE((1.,0.866025403784439,1.,0.866025403784439,1.,0.866025403784439,
1.,0.866025403784439,1.,0.866025403784439,1.,0.866025403784439,1.))
REPRESENTATION_ITEM('')
);
#16=LINE('',#405,#26);
#17=LINE('',#578,#27);
#18=LINE('',#919,#28);
#19=LINE('',#1091,#29);
#20=LINE('',#1588,#30);
#21=LINE('',#1759,#31);
#22=LINE('',#1786,#32);
#23=LINE('',#1802,#33);
#24=LINE('',#1804,#34);
#25=LINE('',#1805,#35);
#26=VECTOR('',#331,1.);
#27=VECTOR('',#332,1.);
#28=VECTOR('',#333,1.);
#29=VECTOR('',#334,1.);
#30=VECTOR('',#335,1.);
#31=VECTOR('',#336,1.);
#32=VECTOR('',#337,1.);
#33=VECTOR('',#338,1.);
#34=VECTOR('',#341,1.);
#35=VECTOR('',#342,1.);
#36=(
BOUNDED_SURFACE()
B_SPLINE_SURFACE(1,2,((#379,#380,#381,#382,#383,#384,#385,#386,#387,#388,
#389,#390,#391),(#392,#393,#394,#395,#396,#397,#398,#399,#400,#401,#402,
#403,#404)),.UNSPECIFIED.,.F.,.F.,.F.)
B_SPLINE_SURFACE_WITH_KNOTS((2,2),(3,2,2,2,2,2,3),(0.,1.),(0.,0.166666666666667,
0.333333333333334,0.5,0.666666666666667,0.833333333333333,1.),
 .UNSPECIFIED.)
GEOMETRIC_REPRESENTATION_ITEM()
RATIONAL_B_SPLINE_SURFACE(((1.,0.866025403784439,1.,0.866025403784439,1.,
0.866025403784439,1.,0.866025403784439,1.,0.866025403784439,1.,0.866025403784439,
1.),(1.,0.866025403784439,1.,0.866025403784439,1.,0.866025403784439,1.,
0.866025403784439,1.,0.866025403784439,1.,0.866025403784439,1.)))
REPRESENTATION_ITEM('')
SURFACE()
);
#37=(
BOUNDED_SURFACE()
B_SPLINE_SURFACE(1,2,((#593,#594,#595,#596,#597,#598,#599,#600,#601,#602,
#603,#604,#605,#606,#607,#608,#609,#610,#611,#612,#613,#614,#615,#616,#617,
#618,#619,#620,#621,#622,#623,#624,#625,#626,#627,#628,#629,#630,#631,#632,
#633,#634,#635,#636,#637,#638,#639,#640,#641,#642,#643,#644,#645,#646,#647,
#648,#649,#650,#651,#652,#653,#654,#655,#656,#657,#658,#659,#660,#661,#662,
#663,#664,#665,#666,#667,#668,#669,#670,#671,#672,#673,#674,#675,#676,#677,
#678,#679,#680,#681,#682,#683,#684,#685,#686,#687,#688,#689,#690,#691,#692,
#693,#694,#695,#696,#697,#698,#699,#700,#701,#702,#703,#704,#705,#706,#707,
#708,#709,#710,#711,#712,#713,#714,#715,#716,#717,#718,#719,#720,#721,#722,
#723,#724,#725,#726,#727,#728,#729,#730,#731,#732,#733,#734,#735,#736,#737,
#738,#739,#740,#741,#742,#743,#744,#745,#746,#747,#748,#749,#750,#751,#752,
#753,#754,#755),(#756,#757,#758,#759,#760,#761,#762,#763,#764,#765,#766,
#767,#768,#769,#770,#771,#772,#773,#774,#775,#776,#777,#778,#779,#780,#781,
#782,#783,#784,#785,#786,#787,#788,#789,#790,#791,#792,#793,#794,#795,#796,
#797,#798,#799,#800,#801,#802,#803,#804,#805,#806,#807,#808,#809,#810,#811,
#812,#813,#814,#815,#816,#817,#818,#819,#820,#821,#822,#823,#824,#825,#826,
#827,#828,#829,#830,#831,#832,#833,#834,#835,#836,#837,#838,#839,#840,#841,
#842,#843,#844,#845,#846,#847,#848,#849,#850,#851,#852,#853,#854,#855,#856,
#857,#858,#859,#860,#861,#862,#863,#864,#865,#866,#867,#868,#869,#870,#871,
#872,#873,#874,#875,#876,#877,#878,#879,#880,#881,#882,#883,#884,#885,#886,
#887,#888,#889,#890,#891,#892,#893,#894,#895,#896,#897,#898,#899,#900,#901,
#902,#903,#904,#905,#906,#907,#908,#909,#910,#911,#912,#913,#914,#915,#916,
#917,#918)),.UNSPECIFIED.,.F.,.F.,.F.)
B_SPLINE_SURFACE_WITH_KNOTS((2,2),(3,2,2,2,2,2,2,2,2,2,2,2,2,2,2,2,2,2,
2,2,2,2,2,2,2,2,2,2,2,2,2,2,2,2,2,2,2,2,2,2,2,2,2,2,2,2,2,2,2,2,2,2,2,2,
2,2,2,2,2,2,2,2,2,2,2,2,2,2,2,2,2,2,2,2,2,2,2,2,2,2,2,3),(0.,1.),(0.,0.0119047619047619,
0.0238095238095238,0.0357142857142857,0.0476190476190476,0.0595238095238095,
0.0714285714285714,0.0833333333333333,0.0952380952380952,0.107142857142857,
0.119047619047619,0.130952380952381,0.142857142857143,0.154761904761905,
0.166666666666667,0.178571428571428,0.19047619047619,0.202380952380952,
0.214285714285714,0.226190476190476,0.238095238095238,0.25,0.261904761904762,
0.273809523809524,0.285714285714286,0.297619047619048,0.309523809523809,
0.321428571428572,0.333333333333334,0.345238095238096,0.357142857142857,
0.369047619047619,0.380952380952381,0.392857142857143,0.404761904761905,
0.416666666666667,0.428571428571428,0.44047619047619,0.452380952380952,
0.464285714285714,0.476190476190476,0.488095238095238,0.5,0.511904761904762,
0.523809523809524,0.535714285714286,0.547619047619048,0.55952380952381,
0.571428571428571,0.583333333333333,0.595238095238095,0.607142857142857,
0.619047619047619,0.630952380952381,0.642857142857143,0.654761904761905,
0.666666666666667,0.678571428571429,0.690476190476191,0.702380952380952,
0.714285714285714,0.726190476190476,0.738095238095238,0.75,0.761904761904762,
0.773809523809524,0.785714285714286,0.797619047619048,0.80952380952381,
0.821428571428571,0.833333333333333,0.845238095238095,0.857142857142857,
0.869047619047619,0.880952380952381,0.892857142857143,0.904761904761905,
0.916666666666667,0.928571428571429,0.94047619047619,0.952380952380952,
0.964285714285714),.PIECEWISE_BEZIER_KNOTS.)
GEOMETRIC_REPRESENTATION_ITEM()
RATIONAL_B_SPLINE_SURFACE(((1.,0.866025403784439,1.,0.866025403784439,1.,
0.866025403784439,1.,0.866025403784439,1.,0.866025403784439,1.,0.866025403784439,
1.,0.866025403784439,1.,0.866025403784439,1.,0.866025403784439,1.,0.866025403784439,
1.,0.866025403784439,1.,0.866025403784439,1.,0.866025403784439,1.,0.866025403784439,
1.,0.866025403784439,1.,0.866025403784439,1.,0.866025403784439,1.,0.866025403784439,
1.,0.866025403784439,1.,0.866025403784439,1.,0.866025403784439,1.,0.866025403784439,
1.,0.866025403784439,1.,0.866025403784439,1.,0.866025403784439,1.,0.866025403784439,
1.,0.866025403784439,1.,0.866025403784439,1.,0.866025403784439,1.,0.866025403784439,
1.,0.866025403784439,1.,0.866025403784439,1.,0.866025403784439,1.,0.866025403784439,
1.,0.866025403784439,1.,0.866025403784439,1.,0.866025403784439,1.,0.866025403784439,
1.,0.866025403784439,1.,0.866025403784439,1.,0.866025403784439,1.,0.866025403784439,
1.,0.866025403784439,1.,0.866025403784439,1.,0.866025403784439,1.,0.866025403784439,
1.,0.866025403784439,1.,0.866025403784439,1.,0.866025403784439,1.,0.866025403784439,
1.,0.866025403784439,1.,0.866025403784439,1.,0.866025403784439,1.,0.866025403784439,
1.,0.866025403784439,1.,0.866025403784439,1.,0.866025403784439,1.,0.866025403784439,
1.,0.866025403784439,1.,0.866025403784439,1.,0.866025403784439,1.,0.866025403784439,
1.,0.866025403784439,1.,0.866025403784439,1.,0.866025403784439,1.,0.866025403784439,
1.,0.866025403784439,1.,0.866025403784439,1.,0.866025403784439,1.,0.866025403784439,
1.,0.866025403784439,1.,0.866025403784439,1.,0.866025403784439,1.,0.866025403784439,
1.,0.866025403784439,1.,0.866025403784439,1.,0.866025403784439,1.,0.866025403784439,
1.,0.866025403784439,1.,0.866025403784439,1.,0.866025403784439,1.),(1.,
0.866025403784439,1.,0.866025403784439,1.,0.866025403784439,1.,0.866025403784439,
1.,0.866025403784439,1.,0.866025403784439,1.,0.866025403784439,1.,0.866025403784439,
1.,0.866025403784439,1.,0.866025403784439,1.,0.866025403784439,1.,0.866025403784439,
1.,0.866025403784439,1.,0.866025403784439,1.,0.866025403784439,1.,0.866025403784439,
1.,0.866025403784439,1.,0.866025403784439,1.,0.866025403784439,1.,0.866025403784439,
1.,0.866025403784439,1.,0.866025403784439,1.,0.866025403784439,1.,0.866025403784439,
1.,0.866025403784439,1.,0.866025403784439,1.,0.866025403784439,1.,0.866025403784439,
1.,0.866025403784439,1.,0.866025403784439,1.,0.866025403784439,1.,0.866025403784439,
1.,0.866025403784439,1.,0.866025403784439,1.,0.866025403784439,1.,0.866025403784439,
1.,0.866025403784439,1.,0.866025403784439,1.,0.866025403784439,1.,0.866025403784439,
1.,0.866025403784439,1.,0.866025403784439,1.,0.866025403784439,1.,0.866025403784439,
1.,0.866025403784439,1.,0.866025403784439,1.,0.866025403784439,1.,0.866025403784439,
1.,0.866025403784439,1.,0.866025403784439,1.,0.866025403784439,1.,0.866025403784439,
1.,0.866025403784439,1.,0.866025403784439,1.,0.866025403784439,1.,0.866025403784439,
1.,0.866025403784439,1.,0.866025403784439,1.,0.866025403784439,1.,0.866025403784439,
1.,0.866025403784439,1.,0.866025403784439,1.,0.866025403784439,1.,0.866025403784439,
1.,0.866025403784439,1.,0.866025403784439,1.,0.866025403784439,1.,0.866025403784439,
1.,0.866025403784439,1.,0.866025403784439,1.,0.866025403784439,1.,0.866025403784439,
1.,0.866025403784439,1.,0.866025403784439,1.,0.866025403784439,1.,0.866025403784439,
1.,0.866025403784439,1.,0.866025403784439,1.,0.866025403784439,1.,0.866025403784439,
1.,0.866025403784439,1.)))
REPRESENTATION_ITEM('')
SURFACE()
);
#38=(
BOUNDED_SURFACE()
B_SPLINE_SURFACE(1,2,((#1262,#1263,#1264,#1265,#1266,#1267,#1268,#1269,
#1270,#1271,#1272,#1273,#1274,#1275,#1276,#1277,#1278,#1279,#1280,#1281,
#1282,#1283,#1284,#1285,#1286,#1287,#1288,#1289,#1290,#1291,#1292,#1293,
#1294,#1295,#1296,#1297,#1298,#1299,#1300,#1301,#1302,#1303,#1304,#1305,
#1306,#1307,#1308,#1309,#1310,#1311,#1312,#1313,#1314,#1315,#1316,#1317,
#1318,#1319,#1320,#1321,#1322,#1323,#1324,#1325,#1326,#1327,#1328,#1329,
#1330,#1331,#1332,#1333,#1334,#1335,#1336,#1337,#1338,#1339,#1340,#1341,
#1342,#1343,#1344,#1345,#1346,#1347,#1348,#1349,#1350,#1351,#1352,#1353,
#1354,#1355,#1356,#1357,#1358,#1359,#1360,#1361,#1362,#1363,#1364,#1365,
#1366,#1367,#1368,#1369,#1370,#1371,#1372,#1373,#1374,#1375,#1376,#1377,
#1378,#1379,#1380,#1381,#1382,#1383,#1384,#1385,#1386,#1387,#1388,#1389,
#1390,#1391,#1392,#1393,#1394,#1395,#1396,#1397,#1398,#1399,#1400,#1401,
#1402,#1403,#1404,#1405,#1406,#1407,#1408,#1409,#1410,#1411,#1412,#1413,
#1414,#1415,#1416,#1417,#1418,#1419,#1420,#1421,#1422,#1423,#1424),(#1425,
#1426,#1427,#1428,#1429,#1430,#1431,#1432,#1433,#1434,#1435,#1436,#1437,
#1438,#1439,#1440,#1441,#1442,#1443,#1444,#1445,#1446,#1447,#1448,#1449,
#1450,#1451,#1452,#1453,#1454,#1455,#1456,#1457,#1458,#1459,#1460,#1461,
#1462,#1463,#1464,#1465,#1466,#1467,#1468,#1469,#1470,#1471,#1472,#1473,
#1474,#1475,#1476,#1477,#1478,#1479,#1480,#1481,#1482,#1483,#1484,#1485,
#1486,#1487,#1488,#1489,#1490,#1491,#1492,#1493,#1494,#1495,#1496,#1497,
#1498,#1499,#1500,#1501,#1502,#1503,#1504,#1505,#1506,#1507,#1508,#1509,
#1510,#1511,#1512,#1513,#1514,#1515,#1516,#1517,#1518,#1519,#1520,#1521,
#1522,#1523,#1524,#1525,#1526,#1527,#1528,#1529,#1530,#1531,#1532,#1533,
#1534,#1535,#1536,#1537,#1538,#1539,#1540,#1541,#1542,#1543,#1544,#1545,
#1546,#1547,#1548,#1549,#1550,#1551,#1552,#1553,#1554,#1555,#1556,#1557,
#1558,#1559,#1560,#1561,#1562,#1563,#1564,#1565,#1566,#1567,#1568,#1569,
#1570,#1571,#1572,#1573,#1574,#1575,#1576,#1577,#1578,#1579,#1580,#1581,
#1582,#1583,#1584,#1585,#1586,#1587)),.UNSPECIFIED.,.F.,.F.,.F.)
B_SPLINE_SURFACE_WITH_KNOTS((2,2),(3,2,2,2,2,2,2,2,2,2,2,2,2,2,2,2,2,2,
2,2,2,2,2,2,2,2,2,2,2,2,2,2,2,2,2,2,2,2,2,2,2,2,2,2,2,2,2,2,2,2,2,2,2,2,
2,2,2,2,2,2,2,2,2,2,2,2,2,2,2,2,2,2,2,2,2,2,2,2,2,2,2,3),(0.,1.),(0.,0.0119047619047619,
0.0238095238095238,0.0357142857142857,0.0476190476190476,0.0595238095238095,
0.0714285714285714,0.0833333333333333,0.0952380952380952,0.107142857142857,
0.119047619047619,0.130952380952381,0.142857142857143,0.154761904761905,
0.166666666666667,0.178571428571428,0.19047619047619,0.202380952380952,
0.214285714285714,0.226190476190476,0.238095238095238,0.25,0.261904761904762,
0.273809523809524,0.285714285714286,0.297619047619048,0.309523809523809,
0.321428571428572,0.333333333333334,0.345238095238096,0.357142857142857,
0.369047619047619,0.380952380952381,0.392857142857143,0.404761904761905,
0.416666666666667,0.428571428571428,0.44047619047619,0.452380952380952,
0.464285714285714,0.476190476190476,0.488095238095238,0.5,0.511904761904762,
0.523809523809524,0.535714285714286,0.547619047619048,0.55952380952381,
0.571428571428571,0.583333333333333,0.595238095238095,0.607142857142857,
0.619047619047619,0.630952380952381,0.642857142857143,0.654761904761905,
0.666666666666667,0.678571428571429,0.690476190476191,0.702380952380952,
0.714285714285714,0.726190476190476,0.738095238095238,0.75,0.761904761904762,
0.773809523809524,0.785714285714286,0.797619047619048,0.80952380952381,
0.821428571428571,0.833333333333333,0.845238095238095,0.857142857142857,
0.869047619047619,0.880952380952381,0.892857142857143,0.904761904761905,
0.916666666666667,0.928571428571429,0.94047619047619,0.952380952380952,
0.964285714285714),.PIECEWISE_BEZIER_KNOTS.)
GEOMETRIC_REPRESENTATION_ITEM()
RATIONAL_B_SPLINE_SURFACE(((1.,0.866025403784439,1.,0.866025403784439,1.,
0.866025403784439,1.,0.866025403784439,1.,0.866025403784439,1.,0.866025403784439,
1.,0.866025403784439,1.,0.866025403784439,1.,0.866025403784439,1.,0.866025403784439,
1.,0.866025403784439,1.,0.866025403784439,1.,0.866025403784439,1.,0.866025403784439,
1.,0.866025403784439,1.,0.866025403784439,1.,0.866025403784439,1.,0.866025403784439,
1.,0.866025403784439,1.,0.866025403784439,1.,0.866025403784439,1.,0.866025403784439,
1.,0.866025403784439,1.,0.866025403784439,1.,0.866025403784439,1.,0.866025403784439,
1.,0.866025403784439,1.,0.866025403784439,1.,0.866025403784439,1.,0.866025403784439,
1.,0.866025403784439,1.,0.866025403784439,1.,0.866025403784439,1.,0.866025403784439,
1.,0.866025403784439,1.,0.866025403784439,1.,0.866025403784439,1.,0.866025403784439,
1.,0.866025403784439,1.,0.866025403784439,1.,0.866025403784439,1.,0.866025403784439,
1.,0.866025403784439,1.,0.866025403784439,1.,0.866025403784439,1.,0.866025403784439,
1.,0.866025403784439,1.,0.866025403784439,1.,0.866025403784439,1.,0.866025403784439,
1.,0.866025403784439,1.,0.866025403784439,1.,0.866025403784439,1.,0.866025403784439,
1.,0.866025403784439,1.,0.866025403784439,1.,0.866025403784439,1.,0.866025403784439,
1.,0.866025403784439,1.,0.866025403784439,1.,0.866025403784439,1.,0.866025403784439,
1.,0.866025403784439,1.,0.866025403784439,1.,0.866025403784439,1.,0.866025403784439,
1.,0.866025403784439,1.,0.866025403784439,1.,0.866025403784439,1.,0.866025403784439,
1.,0.866025403784439,1.,0.866025403784439,1.,0.866025403784439,1.,0.866025403784439,
1.,0.866025403784439,1.,0.866025403784439,1.,0.866025403784439,1.,0.866025403784439,
1.,0.866025403784439,1.,0.866025403784439,1.,0.866025403784439,1.),(1.,
0.866025403784439,1.,0.866025403784439,1.,0.866025403784439,1.,0.866025403784439,
1.,0.866025403784439,1.,0.866025403784439,1.,0.866025403784439,1.,0.866025403784439,
1.,0.866025403784439,1.,0.866025403784439,1.,0.866025403784439,1.,0.866025403784439,
1.,0.866025403784439,1.,0.866025403784439,1.,0.866025403784439,1.,0.866025403784439,
1.,0.866025403784439,1.,0.866025403784439,1.,0.866025403784439,1.,0.866025403784439,
1.,0.866025403784439,1.,0.866025403784439,1.,0.866025403784439,1.,0.866025403784439,
1.,0.866025403784439,1.,0.866025403784439,1.,0.866025403784439,1.,0.866025403784439,
1.,0.866025403784439,1.,0.866025403784439,1.,0.866025403784439,1.,0.866025403784439,
1.,0.866025403784439,1.,0.866025403784439,1.,0.866025403784439,1.,0.866025403784439,
1.,0.866025403784439,1.,0.866025403784439,1.,0.866025403784439,1.,0.866025403784439,
1.,0.866025403784439,1.,0.866025403784439,1.,0.866025403784439,1.,0.866025403784439,
1.,0.866025403784439,1.,0.866025403784439,1.,0.866025403784439,1.,0.866025403784439,
1.,0.866025403784439,1.,0.866025403784439,1.,0.866025403784439,1.,0.866025403784439,
1.,0.866025403784439,1.,0.866025403784439,1.,0.866025403784439,1.,0.866025403784439,
1.,0.866025403784439,1.,0.866025403784439,1.,0.866025403784439,1.,0.866025403784439,
1.,0.866025403784439,1.,0.866025403784439,1.,0.866025403784439,1.,0.866025403784439,
1.,0.866025403784439,1.,0.866025403784439,1.,0.866025403784439,1.,0.866025403784439,
1.,0.866025403784439,1.,0.866025403784439,1.,0.866025403784439,1.,0.866025403784439,
1.,0.866025403784439,1.,0.866025403784439,1.,0.866025403784439,1.,0.866025403784439,
1.,0.866025403784439,1.,0.866025403784439,1.,0.866025403784439,1.,0.866025403784439,
1.,0.866025403784439,1.)))
REPRESENTATION_ITEM('')
SURFACE()
);
#39=(
BOUNDED_SURFACE()
B_SPLINE_SURFACE(1,2,((#1760,#1761,#1762,#1763,#1764,#1765,#1766,#1767,
#1768,#1769,#1770,#1771,#1772),(#1773,#1774,#1775,#1776,#1777,#1778,#1779,
#1780,#1781,#1782,#1783,#1784,#1785)),.UNSPECIFIED.,.F.,.F.,.F.)
B_SPLINE_SURFACE_WITH_KNOTS((2,2),(3,2,2,2,2,2,3),(0.,1.),(0.,0.166666666666667,
0.333333333333334,0.5,0.666666666666667,0.833333333333333,1.),
 .UNSPECIFIED.)
GEOMETRIC_REPRESENTATION_ITEM()
RATIONAL_B_SPLINE_SURFACE(((1.,0.866025403784439,1.,0.866025403784439,1.,
0.866025403784439,1.,0.866025403784439,1.,0.866025403784439,1.,0.866025403784439,
1.),(1.,0.866025403784439,1.,0.866025403784439,1.,0.866025403784439,1.,
0.866025403784439,1.,0.866025403784439,1.,0.866025403784439,1.)))
REPRESENTATION_ITEM('')
SURFACE()
);
#40=SHAPE_REPRESENTATION_RELATIONSHIP('','',#260,#42);
#41=SHAPE_REPRESENTATION_RELATIONSHIP('','',#261,#43);
#42=ADVANCED_BREP_SHAPE_REPRESENTATION('',(#256),#1810);
#43=ADVANCED_BREP_SHAPE_REPRESENTATION('',(#257),#1811);
#44=PLANE('',#270);
#45=PLANE('',#279);
#46=PLANE('',#280);
#47=PLANE('',#285);
#48=PLANE('',#286);
#49=CONICAL_SURFACE('',#266,0.002,0.52558379355161);
#50=CONICAL_SURFACE('',#268,0.0015,0.0499583957219428);
#51=CONICAL_SURFACE('',#272,0.008,1.13095374397916);
#52=ORIENTED_EDGE('',*,*,#104,.F.);
#53=ORIENTED_EDGE('',*,*,#105,.T.);
#54=ORIENTED_EDGE('',*,*,#104,.T.);
#55=ORIENTED_EDGE('',*,*,#106,.T.);
#56=ORIENTED_EDGE('',*,*,#106,.F.);
#57=ORIENTED_EDGE('',*,*,#107,.T.);
#58=ORIENTED_EDGE('',*,*,#108,.T.);
#59=ORIENTED_EDGE('',*,*,#107,.F.);
#60=ORIENTED_EDGE('',*,*,#105,.F.);
#61=ORIENTED_EDGE('',*,*,#109,.T.);
#62=ORIENTED_EDGE('',*,*,#110,.T.);
#63=ORIENTED_EDGE('',*,*,#111,.F.);
#64=ORIENTED_EDGE('',*,*,#109,.F.);
#65=ORIENTED_EDGE('',*,*,#112,.T.);
#66=ORIENTED_EDGE('',*,*,#111,.T.);
#67=ORIENTED_EDGE('',*,*,#112,.F.);
#68=ORIENTED_EDGE('',*,*,#113,.T.);
#69=ORIENTED_EDGE('',*,*,#110,.F.);
#70=ORIENTED_EDGE('',*,*,#108,.F.);
#71=ORIENTED_EDGE('',*,*,#113,.F.);
#72=ORIENTED_EDGE('',*,*,#114,.F.);
#73=ORIENTED_EDGE('',*,*,#115,.F.);
#74=ORIENTED_EDGE('',*,*,#116,.T.);
#75=ORIENTED_EDGE('',*,*,#117,.T.);
#76=ORIENTED_EDGE('',*,*,#115,.T.);
#77=ORIENTED_EDGE('',*,*,#118,.F.);
#78=ORIENTED_EDGE('',*,*,#119,.F.);
#79=ORIENTED_EDGE('',*,*,#120,.T.);
#80=ORIENTED_EDGE('',*,*,#121,.T.);
#81=ORIENTED_EDGE('',*,*,#119,.T.);
#82=ORIENTED_EDGE('',*,*,#122,.F.);
#83=ORIENTED_EDGE('',*,*,#121,.F.);
#84=ORIENTED_EDGE('',*,*,#123,.F.);
#85=ORIENTED_EDGE('',*,*,#124,.T.);
#86=ORIENTED_EDGE('',*,*,#123,.T.);
#87=ORIENTED_EDGE('',*,*,#125,.F.);
#88=ORIENTED_EDGE('',*,*,#126,.F.);
#89=ORIENTED_EDGE('',*,*,#127,.T.);
#90=ORIENTED_EDGE('',*,*,#126,.T.);
#91=ORIENTED_EDGE('',*,*,#128,.T.);
#92=ORIENTED_EDGE('',*,*,#117,.F.);
#93=ORIENTED_EDGE('',*,*,#129,.F.);
#94=ORIENTED_EDGE('',*,*,#129,.T.);
#95=ORIENTED_EDGE('',*,*,#116,.F.);
#96=ORIENTED_EDGE('',*,*,#122,.T.);
#97=ORIENTED_EDGE('',*,*,#118,.T.);
#98=ORIENTED_EDGE('',*,*,#114,.T.);
#99=ORIENTED_EDGE('',*,*,#127,.F.);
#100=ORIENTED_EDGE('',*,*,#128,.F.);
#101=ORIENTED_EDGE('',*,*,#125,.T.);
#102=ORIENTED_EDGE('',*,*,#120,.F.);
#103=ORIENTED_EDGE('',*,*,#124,.F.);
#104=EDGE_CURVE('',#130,#130,#150,.T.);
#105=EDGE_CURVE('',#131,#131,#151,.T.);
#106=EDGE_CURVE('',#132,#132,#152,.F.);
#107=EDGE_CURVE('',#133,#133,#153,.F.);
#108=EDGE_CURVE('',#134,#134,#154,.F.);
#109=EDGE_CURVE('',#135,#135,#155,.T.);
#110=EDGE_CURVE('',#136,#136,#156,.T.);
#111=EDGE_CURVE('',#137,#137,#157,.T.);
#112=EDGE_CURVE('',#138,#138,#158,.T.);
#113=EDGE_CURVE('',#139,#139,#159,.T.);
#114=EDGE_CURVE('',#140,#141,#16,.F.);
#115=EDGE_CURVE('',#142,#140,#10,.T.);
#116=EDGE_CURVE('',#142,#143,#17,.F.);
#117=EDGE_CURVE('',#143,#141,#11,.T.);
#118=EDGE_CURVE('',#144,#140,#18,.F.);
#119=EDGE_CURVE('',#145,#144,#12,.T.);
#120=EDGE_CURVE('',#145,#146,#19,.F.);
#121=EDGE_CURVE('',#146,#142,#13,.T.);
#122=EDGE_CURVE('',#142,#144,#20,.F.);
#123=EDGE_CURVE('',#147,#146,#14,.T.);
#124=EDGE_CURVE('',#147,#145,#21,.F.);
#125=EDGE_CURVE('',#148,#146,#22,.F.);
#126=EDGE_CURVE('',#149,#148,#15,.T.);
#127=EDGE_CURVE('',#149,#147,#23,.F.);
#128=EDGE_CURVE('',#148,#149,#24,.F.);
#129=EDGE_CURVE('',#141,#143,#25,.F.);
#130=VERTEX_POINT('',#350);
#131=VERTEX_POINT('',#352);
#132=VERTEX_POINT('',#355);
#133=VERTEX_POINT('',#358);
#134=VERTEX_POINT('',#361);
#135=VERTEX_POINT('',#364);
#136=VERTEX_POINT('',#367);
#137=VERTEX_POINT('',#369);
#138=VERTEX_POINT('',#372);
#139=VERTEX_POINT('',#376);
#140=VERTEX_POINT('',#406);
#141=VERTEX_POINT('',#407);
#142=VERTEX_POINT('',#577);
#143=VERTEX_POINT('',#579);
#144=VERTEX_POINT('',#920);
#145=VERTEX_POINT('',#1090);
#146=VERTEX_POINT('',#1092);
#147=VERTEX_POINT('',#1758);
#148=VERTEX_POINT('',#1787);
#149=VERTEX_POINT('',#1801);
#150=CIRCLE('',#264,0.0165);
#151=CIRCLE('',#265,0.0165);
#152=CIRCLE('',#267,0.002);
#153=CIRCLE('',#269,0.0015);
#154=CIRCLE('',#271,0.001);
#155=CIRCLE('',#273,0.008);
#156=CIRCLE('',#275,0.007);
#157=CIRCLE('',#276,0.007);
#158=CIRCLE('',#278,0.008);
#159=CIRCLE('',#281,0.001);
#160=EDGE_LOOP('',(#52));
#161=EDGE_LOOP('',(#53));
#162=EDGE_LOOP('',(#54));
#163=EDGE_LOOP('',(#55));
#164=EDGE_LOOP('',(#56));
#165=EDGE_LOOP('',(#57));
#166=EDGE_LOOP('',(#58));
#167=EDGE_LOOP('',(#59));
#168=EDGE_LOOP('',(#60));
#169=EDGE_LOOP('',(#61));
#170=EDGE_LOOP('',(#62));
#171=EDGE_LOOP('',(#63));
#172=EDGE_LOOP('',(#64));
#173=EDGE_LOOP('',(#65));
#174=EDGE_LOOP('',(#66));
#175=EDGE_LOOP('',(#67));
#176=EDGE_LOOP('',(#68));
#177=EDGE_LOOP('',(#69));
#178=EDGE_LOOP('',(#70));
#179=EDGE_LOOP('',(#71));
#180=EDGE_LOOP('',(#72,#73,#74,#75));
#181=EDGE_LOOP('',(#76,#77,#78,#79,#80));
#182=EDGE_LOOP('',(#81,#82,#83,#84,#85));
#183=EDGE_LOOP('',(#86,#87,#88,#89));
#184=EDGE_LOOP('',(#90,#91));
#185=EDGE_LOOP('',(#92,#93));
#186=EDGE_LOOP('',(#94,#95,#96,#97,#98));
#187=EDGE_LOOP('',(#99,#100,#101,#102,#103));
#188=FACE_BOUND('',#160,.T.);
#189=FACE_BOUND('',#161,.T.);
#190=FACE_BOUND('',#162,.T.);
#191=FACE_BOUND('',#163,.T.);
#192=FACE_BOUND('',#164,.T.);
#193=FACE_BOUND('',#165,.T.);
#194=FACE_BOUND('',#166,.T.);
#195=FACE_BOUND('',#167,.T.);
#196=FACE_BOUND('',#168,.T.);
#197=FACE_BOUND('',#169,.T.);
#198=FACE_BOUND('',#170,.T.);
#199=FACE_BOUND('',#171,.T.);
#200=FACE_BOUND('',#172,.T.);
#201=FACE_BOUND('',#173,.T.);
#202=FACE_BOUND('',#174,.T.);
#203=FACE_BOUND('',#175,.T.);
#204=FACE_BOUND('',#176,.T.);
#205=FACE_BOUND('',#177,.T.);
#206=FACE_BOUND('',#178,.T.);
#207=FACE_BOUND('',#179,.T.);
#208=FACE_BOUND('',#180,.T.);
#209=FACE_BOUND('',#181,.T.);
#210=FACE_BOUND('',#182,.T.);
#211=FACE_BOUND('',#183,.T.);
#212=FACE_BOUND('',#184,.T.);
#213=FACE_BOUND('',#185,.T.);
#214=FACE_BOUND('',#186,.T.);
#215=FACE_BOUND('',#187,.T.);
#216=CYLINDRICAL_SURFACE('',#263,0.0165);
#217=CYLINDRICAL_SURFACE('',#274,0.007);
#218=CYLINDRICAL_SURFACE('',#277,0.008);
#219=CYLINDRICAL_SURFACE('',#282,0.001);
#220=CYLINDRICAL_SURFACE('',#284,0.007);
#221=ADVANCED_FACE('',(#188,#189),#216,.T.);
#222=ADVANCED_FACE('',(#190,#191),#49,.T.);
#223=ADVANCED_FACE('',(#192,#193),#50,.T.);
#224=ADVANCED_FACE('',(#194,#195),#44,.T.);
#225=ADVANCED_FACE('',(#196,#197),#51,.T.);
#226=ADVANCED_FACE('',(#198,#199),#217,.F.);
#227=ADVANCED_FACE('',(#200,#201),#218,.T.);
#228=ADVANCED_FACE('',(#202,#203),#45,.F.);
#229=ADVANCED_FACE('',(#204,#205),#46,.F.);
#230=ADVANCED_FACE('',(#206,#207),#219,.F.);
#231=ADVANCED_FACE('',(#208),#36,.T.);
#232=ADVANCED_FACE('',(#209),#37,.T.);
#233=ADVANCED_FACE('',(#210),#38,.T.);
#234=ADVANCED_FACE('',(#211),#39,.T.);
#235=ADVANCED_FACE('',(#212,#213),#220,.T.);
#236=ADVANCED_FACE('',(#214),#47,.T.);
#237=ADVANCED_FACE('',(#215),#48,.F.);
#238=CLOSED_SHELL('',(#221,#222,#223,#224,#225,#226,#227,#228,#229,#230));
#239=CLOSED_SHELL('',(#231,#232,#233,#234,#235,#236,#237));
#240=STYLED_ITEM('',(#242),#256);
#241=STYLED_ITEM('',(#243),#257);
#242=PRESENTATION_STYLE_ASSIGNMENT((#244));
#243=PRESENTATION_STYLE_ASSIGNMENT((#245));
#244=SURFACE_STYLE_USAGE(.BOTH.,#246);
#245=SURFACE_STYLE_USAGE(.BOTH.,#247);
#246=SURFACE_SIDE_STYLE('',(#248));
#247=SURFACE_SIDE_STYLE('',(#249));
#248=SURFACE_STYLE_FILL_AREA(#250);
#249=SURFACE_STYLE_FILL_AREA(#251);
#250=FILL_AREA_STYLE('',(#252));
#251=FILL_AREA_STYLE('',(#253));
#252=FILL_AREA_STYLE_COLOUR('',#254);
#253=FILL_AREA_STYLE_COLOUR('',#255);
#254=COLOUR_RGB('',0.615686274509804,0.811764705882353,0.929411764705882);
#255=COLOUR_RGB('',0.231372549019608,0.380392156862745,0.705882352941177);
#256=MANIFOLD_SOLID_BREP('Part 1',#238);
#257=MANIFOLD_SOLID_BREP('Part 2',#239);
#258=SHAPE_DEFINITION_REPRESENTATION(#1820,#260);
#259=SHAPE_DEFINITION_REPRESENTATION(#1821,#261);
#260=SHAPE_REPRESENTATION('Part 1',(#262),#1810);
#261=SHAPE_REPRESENTATION('Part 2',(#283),#1811);
#262=AXIS2_PLACEMENT_3D('',#347,#287,#288);
#263=AXIS2_PLACEMENT_3D('',#348,#289,#290);
#264=AXIS2_PLACEMENT_3D('',#349,#291,#292);
#265=AXIS2_PLACEMENT_3D('',#351,#293,#294);
#266=AXIS2_PLACEMENT_3D('',#353,#295,#296);
#267=AXIS2_PLACEMENT_3D('',#354,#297,#298);
#268=AXIS2_PLACEMENT_3D('',#356,#299,#300);
#269=AXIS2_PLACEMENT_3D('',#357,#301,#302);
#270=AXIS2_PLACEMENT_3D('',#359,#303,#304);
#271=AXIS2_PLACEMENT_3D('',#360,#305,#306);
#272=AXIS2_PLACEMENT_3D('',#362,#307,#308);
#273=AXIS2_PLACEMENT_3D('',#363,#309,#310);
#274=AXIS2_PLACEMENT_3D('',#365,#311,#312);
#275=AXIS2_PLACEMENT_3D('',#366,#313,#314);
#276=AXIS2_PLACEMENT_3D('',#368,#315,#316);
#277=AXIS2_PLACEMENT_3D('',#370,#317,#318);
#278=AXIS2_PLACEMENT_3D('',#371,#319,#320);
#279=AXIS2_PLACEMENT_3D('',#373,#321,#322);
#280=AXIS2_PLACEMENT_3D('',#374,#323,#324);
#281=AXIS2_PLACEMENT_3D('',#375,#325,#326);
#282=AXIS2_PLACEMENT_3D('',#377,#327,#328);
#283=AXIS2_PLACEMENT_3D('',#378,#329,#330);
#284=AXIS2_PLACEMENT_3D('',#1803,#339,#340);
#285=AXIS2_PLACEMENT_3D('',#1806,#343,#344);
#286=AXIS2_PLACEMENT_3D('',#1807,#345,#346);
#287=DIRECTION('',(0.,0.,1.));
#288=DIRECTION('',(1.,0.,0.));
#289=DIRECTION('',(0.,0.,-1.));
#290=DIRECTION('',(-1.,0.,0.));
#291=DIRECTION('',(0.,0.,1.));
#292=DIRECTION('',(1.,0.,0.));
#293=DIRECTION('',(0.,0.,1.));
#294=DIRECTION('',(1.,0.,0.));
#295=DIRECTION('',(0.,0.,-1.));
#296=DIRECTION('',(-1.,0.,0.));
#297=DIRECTION('',(0.,0.,1.));
#298=DIRECTION('',(1.,0.,0.));
#299=DIRECTION('',(0.,0.,-1.));
#300=DIRECTION('',(-1.,0.,0.));
#301=DIRECTION('',(0.,0.,1.));
#302=DIRECTION('',(1.,0.,0.));
#303=DIRECTION('',(0.,0.,1.));
#304=DIRECTION('',(1.,0.,0.));
#305=DIRECTION('',(0.,0.,1.));
#306=DIRECTION('',(1.,0.,0.));
#307=DIRECTION('',(0.,0.,1.));
#308=DIRECTION('',(1.,0.,0.));
#309=DIRECTION('',(0.,0.,1.));
#310=DIRECTION('',(1.,0.,0.));
#311=DIRECTION('',(0.,0.,-1.));
#312=DIRECTION('',(-1.,0.,0.));
#313=DIRECTION('',(0.,0.,1.));
#314=DIRECTION('',(1.,0.,0.));
#315=DIRECTION('',(0.,0.,1.));
#316=DIRECTION('',(1.,0.,0.));
#317=DIRECTION('',(0.,0.,-1.));
#318=DIRECTION('',(-1.,0.,0.));
#319=DIRECTION('',(0.,0.,1.));
#320=DIRECTION('',(1.,0.,0.));
#321=DIRECTION('',(0.,0.,1.));
#322=DIRECTION('',(1.,0.,0.));
#323=DIRECTION('',(0.,0.,1.));
#324=DIRECTION('',(1.,0.,0.));
#325=DIRECTION('',(0.,0.,1.));
#326=DIRECTION('',(1.,0.,0.));
#327=DIRECTION('',(0.,0.,1.));
#328=DIRECTION('',(1.,0.,0.));
#329=DIRECTION('',(0.,0.,1.));
#330=DIRECTION('',(1.,0.,0.));
#331=DIRECTION('',(-0.866025403784439,5.94029344277096E-15,-0.5));
#332=DIRECTION('',(-0.866025403784439,5.72817839502598E-15,-0.5));
#333=DIRECTION('',(-0.866025403784439,5.94029344277096E-15,-0.5));
#334=DIRECTION('',(0.866025403784439,0.,-0.5));
#335=DIRECTION('',(0.866025403784439,-5.94029344277095E-15,-0.5));
#336=DIRECTION('',(-0.866025403784439,0.,-0.5));
#337=DIRECTION('',(-0.866025403784439,0.,-0.5));
#338=DIRECTION('',(-0.866025403784439,0.,-0.5));
#339=DIRECTION('',(0.,0.,1.));
#340=DIRECTION('',(1.,0.,0.));
#341=DIRECTION('',(0.,0.,1.));
#342=DIRECTION('',(0.,0.,1.));
#343=DIRECTION('',(6.85926003649836E-15,1.,0.));
#344=DIRECTION('',(-1.,6.85926003649836E-15,0.));
#345=DIRECTION('',(0.,-1.,0.));
#346=DIRECTION('',(1.,0.,0.));
#347=CARTESIAN_POINT('',(0.,0.,0.));
#348=CARTESIAN_POINT('',(0.,1.01033360929657E-18,0.03));
#349=CARTESIAN_POINT('',(0.,1.01033360929657E-18,0.03));
#350=CARTESIAN_POINT('',(0.0165,1.01033360929657E-18,0.03));
#351=CARTESIAN_POINT('',(0.,1.01033360929657E-18,0.));
#352=CARTESIAN_POINT('',(0.0165,1.01033360929657E-18,0.));
#353=CARTESIAN_POINT('',(0.,1.22464679914735E-19,0.055));
#354=CARTESIAN_POINT('',(0.,1.22464679914735E-19,0.055));
#355=CARTESIAN_POINT('',(0.002,1.22464679914735E-19,0.055));
#356=CARTESIAN_POINT('',(0.,9.18485099360515E-20,0.065));
#357=CARTESIAN_POINT('',(0.,9.18485099360515E-20,0.065));
#358=CARTESIAN_POINT('',(0.0015,9.18485099360515E-20,0.065));
#359=CARTESIAN_POINT('',(0.,0.,0.065));
#360=CARTESIAN_POINT('',(0.,0.,0.065));
#361=CARTESIAN_POINT('',(0.001,0.,0.065));
#362=CARTESIAN_POINT('',(0.,4.89858719658941E-19,-0.004));
#363=CARTESIAN_POINT('',(0.,4.89858719658941E-19,-0.004));
#364=CARTESIAN_POINT('',(0.008,4.89858719658941E-19,-0.004));
#365=CARTESIAN_POINT('',(0.,4.28626379701574E-19,-0.004));
#366=CARTESIAN_POINT('',(0.,4.28626379701574E-19,-0.004));
#367=CARTESIAN_POINT('',(0.007,4.28626379701574E-19,-0.004));
#368=CARTESIAN_POINT('',(0.,4.28626379701574E-19,-0.0175));
#369=CARTESIAN_POINT('',(0.007,4.28626379701574E-19,-0.0175));
#370=CARTESIAN_POINT('',(0.,4.89858719658941E-19,-0.004));
#371=CARTESIAN_POINT('',(0.,4.89858719658941E-19,-0.0175));
#372=CARTESIAN_POINT('',(0.008,4.89858719658941E-19,-0.0175));
#373=CARTESIAN_POINT('',(0.,0.,-0.0175));
#374=CARTESIAN_POINT('',(0.,0.,-0.004));
#375=CARTESIAN_POINT('',(0.,0.,-0.004));
#376=CARTESIAN_POINT('',(0.001,0.,-0.004));
#377=CARTESIAN_POINT('',(0.,0.,-0.0175));
#378=CARTESIAN_POINT('',(0.,0.,0.));
#379=CARTESIAN_POINT('',(0.00687615836725883,-4.46239324667903E-17,-0.0045));
#380=CARTESIAN_POINT('',(0.00687615836725886,0.00396995188432734,-0.00441666666666667));
#381=CARTESIAN_POINT('',(0.00343807918362945,0.00595492782649105,-0.00433333333333334));
#382=CARTESIAN_POINT('',(5.25083928421981E-17,0.00793990376865476,-0.00425));
#383=CARTESIAN_POINT('',(-0.00343807918362937,0.0059549278264911,-0.00416666666666667));
#384=CARTESIAN_POINT('',(-0.0068761583672588,0.00396995188432743,-0.00408333333333333));
#385=CARTESIAN_POINT('',(-0.00687615836725883,4.63232717596829E-17,-0.004));
#386=CARTESIAN_POINT('',(-0.00687615836725886,-0.00396995188432734,-0.00391666666666667));
#387=CARTESIAN_POINT('',(-0.00343807918362945,-0.00595492782649105,-0.00383333333333333));
#388=CARTESIAN_POINT('',(-5.34807506157803E-17,-0.00793990376865476,-0.00375));
#389=CARTESIAN_POINT('',(0.00343807918362937,-0.0059549278264911,-0.00366666666666667));
#390=CARTESIAN_POINT('',(0.0068761583672588,-0.00396995188432743,-0.00358333333333333));
#391=CARTESIAN_POINT('',(0.00687615836725883,-4.46239324667903E-17,-0.0035));
#392=CARTESIAN_POINT('',(0.007,-4.54430619772791E-17,-0.0044285));
#393=CARTESIAN_POINT('',(0.00700000000000003,0.00404145188432733,-0.00434516666666667));
#394=CARTESIAN_POINT('',(0.0035,0.00606217782649105,-0.00426183333333334));
#395=CARTESIAN_POINT('',(5.34629983535757E-17,0.00808290376865476,-0.0041785));
#396=CARTESIAN_POINT('',(-0.00349999999999996,0.0060621778264911,-0.00409516666666667));
#397=CARTESIAN_POINT('',(-0.00699999999999997,0.00404145188432743,-0.00401183333333334));
#398=CARTESIAN_POINT('',(-0.007,4.71575674960854E-17,-0.0039285));
#399=CARTESIAN_POINT('',(-0.00700000000000003,-0.00404145188432733,-0.00384516666666667));
#400=CARTESIAN_POINT('',(-0.00350000000000005,-0.00606217782649105,-0.00376183333333333));
#401=CARTESIAN_POINT('',(-5.44528685763857E-17,-0.00808290376865476,-0.0036785));
#402=CARTESIAN_POINT('',(0.00349999999999995,-0.0060621778264911,-0.00359516666666667));
#403=CARTESIAN_POINT('',(0.00699999999999997,-0.00404145188432743,-0.00351183333333334));
#404=CARTESIAN_POINT('',(0.007,-4.54430619772791E-17,-0.0034285));
#405=CARTESIAN_POINT('',(0.00650506648173719,-4.37626897935417E-17,-0.00371425));
#406=CARTESIAN_POINT('',(0.00687615836725883,-4.63081055337691E-17,-0.0035));
#407=CARTESIAN_POINT('',(0.007,-4.71575674960854E-17,-0.0034285));
#408=CARTESIAN_POINT('',(-0.00687615836725883,-2.69630192214213E-33,-0.017));
#409=CARTESIAN_POINT('',(-0.00687615836725882,-0.00396995188432738,-0.0169166666666667));
#410=CARTESIAN_POINT('',(-0.00343807918362941,-0.00595492782649107,-0.0168333333333333));
#411=CARTESIAN_POINT('',(8.75622461390649E-21,-0.00793990376865476,-0.01675));
#412=CARTESIAN_POINT('',(0.00343807918362941,-0.00595492782649107,-0.0166666666666666));
#413=CARTESIAN_POINT('',(0.00687615836725882,-0.00396995188432738,-0.0165833333333333));
#414=CARTESIAN_POINT('',(0.00687615836725883,1.51662259137686E-20,-0.0165));
#415=CARTESIAN_POINT('',(0.00687615836725882,0.00396995188432738,-0.0164166666666667));
#416=CARTESIAN_POINT('',(0.00343807918362941,0.00595492782649107,-0.0163333333333334));
#417=CARTESIAN_POINT('',(9.63601548968199E-19,0.00793990376865476,-0.01625));
#418=CARTESIAN_POINT('',(-0.00343807918362941,0.00595492782649108,-0.0161666666666666));
#419=CARTESIAN_POINT('',(-0.00687615836725882,0.00396995188432738,-0.0160833333333333));
#420=CARTESIAN_POINT('',(-0.00687615836725883,1.68417306697876E-18,-0.016));
#421=CARTESIAN_POINT('',(-0.00687615836725883,-0.00396995188432738,-0.0159166666666667));
#422=CARTESIAN_POINT('',(-0.00343807918362941,-0.00595492782649107,-0.0158333333333334));
#423=CARTESIAN_POINT('',(-8.98801050436515E-18,-0.00793990376865476,-0.01575));
#424=CARTESIAN_POINT('',(0.00343807918362941,-0.00595492782649108,-0.0156666666666666));
#425=CARTESIAN_POINT('',(0.00687615836725882,-0.00396995188432739,-0.0155833333333333));
#426=CARTESIAN_POINT('',(0.00687615836725883,-1.66900684106499E-18,-0.0155));
#427=CARTESIAN_POINT('',(0.00687615836725883,0.00396995188432738,-0.0154166666666667));
#428=CARTESIAN_POINT('',(0.00343807918362942,0.00595492782649107,-0.0153333333333333));
#429=CARTESIAN_POINT('',(2.90831709613241E-18,0.00793990376865476,-0.01525));
#430=CARTESIAN_POINT('',(-0.00343807918362941,0.00595492782649108,-0.0151666666666666));
#431=CARTESIAN_POINT('',(-0.00687615836725882,0.00396995188432739,-0.0150833333333333));
#432=CARTESIAN_POINT('',(-0.00687615836725883,3.36834613395752E-18,-0.015));
#433=CARTESIAN_POINT('',(-0.00687615836725883,-0.00396995188432737,-0.0149166666666667));
#434=CARTESIAN_POINT('',(-0.00343807918362942,-0.00595492782649107,-0.0148333333333333));
#435=CARTESIAN_POINT('',(-1.79847772333442E-17,-0.00793990376865476,-0.01475));
#436=CARTESIAN_POINT('',(0.0034380791836294,-0.00595492782649108,-0.0146666666666667));
#437=CARTESIAN_POINT('',(0.00687615836725882,-0.00396995188432739,-0.0145833333333333));
#438=CARTESIAN_POINT('',(0.00687615836725883,-1.55676908525232E-17,-0.0145));
#439=CARTESIAN_POINT('',(0.00687615836725883,0.00396995188432737,-0.0144166666666667));
#440=CARTESIAN_POINT('',(0.00343807918362942,0.00595492782649107,-0.0143333333333333));
#441=CARTESIAN_POINT('',(1.89571350069263E-17,0.00793990376865476,-0.01425));
#442=CARTESIAN_POINT('',(-0.00343807918362939,0.00595492782649108,-0.0141666666666667));
#443=CARTESIAN_POINT('',(-0.00687615836725881,0.0039699518843274,-0.0140833333333333));
#444=CARTESIAN_POINT('',(-0.00687615836725883,5.05251920093628E-18,-0.014));
#445=CARTESIAN_POINT('',(-0.00687615836725883,-0.00396995188432737,-0.0139166666666667));
#446=CARTESIAN_POINT('',(-0.00343807918362942,-0.00595492782649107,-0.0138333333333333));
#447=CARTESIAN_POINT('',(-1.99294927805085E-17,-0.00793990376865476,-0.01375));
#448=CARTESIAN_POINT('',(0.00343807918362939,-0.00595492782649108,-0.0136666666666667));
#449=CARTESIAN_POINT('',(0.00687615836725881,-0.0039699518843274,-0.0135833333333333));
#450=CARTESIAN_POINT('',(0.00687615836725883,-5.03735297502252E-18,-0.0135));
#451=CARTESIAN_POINT('',(0.00687615836725883,0.00396995188432737,-0.0134166666666667));
#452=CARTESIAN_POINT('',(0.00343807918362942,0.00595492782649107,-0.0133333333333333));
#453=CARTESIAN_POINT('',(2.09018505540905E-17,0.00793990376865476,-0.01325));
#454=CARTESIAN_POINT('',(-0.00343807918362939,0.00595492782649108,-0.0131666666666667));
#455=CARTESIAN_POINT('',(-0.00687615836725881,0.00396995188432741,-0.0130833333333333));
#456=CARTESIAN_POINT('',(-0.00687615836725883,6.73669226791505E-18,-0.013));
#457=CARTESIAN_POINT('',(-0.00687615836725883,-0.00396995188432737,-0.0129166666666667));
#458=CARTESIAN_POINT('',(-0.00343807918362942,-0.00595492782649106,-0.0128333333333333));
#459=CARTESIAN_POINT('',(-2.18742083276727E-17,-0.00793990376865476,-0.01275));
#460=CARTESIAN_POINT('',(0.00343807918362939,-0.00595492782649108,-0.0126666666666667));
#461=CARTESIAN_POINT('',(0.00687615836725881,-0.00396995188432741,-0.0125833333333333));
#462=CARTESIAN_POINT('',(0.00687615836725883,-3.11505479309603E-17,-0.0125));
#463=CARTESIAN_POINT('',(0.00687615836725883,0.00396995188432737,-0.0124166666666667));
#464=CARTESIAN_POINT('',(0.00343807918362942,0.00595492782649106,-0.0123333333333333));
#465=CARTESIAN_POINT('',(2.28465661012547E-17,0.00793990376865476,-0.01225));
#466=CARTESIAN_POINT('',(-0.00343807918362939,0.00595492782649108,-0.0121666666666667));
#467=CARTESIAN_POINT('',(-0.00687615836725881,0.00396995188432741,-0.0120833333333333));
#468=CARTESIAN_POINT('',(-0.00687615836725883,3.28498872238527E-17,-0.012));
#469=CARTESIAN_POINT('',(-0.00687615836725883,-0.00396995188432737,-0.0119166666666667));
#470=CARTESIAN_POINT('',(-0.00343807918362943,-0.00595492782649106,-0.0118333333333333));
#471=CARTESIAN_POINT('',(-5.20271286020963E-17,-0.00793990376865476,-0.01175));
#472=CARTESIAN_POINT('',(0.00343807918362939,-0.00595492782649108,-0.0116666666666667));
#473=CARTESIAN_POINT('',(0.00687615836725882,-0.00396995188432739,-0.0115833333333333));
#474=CARTESIAN_POINT('',(0.00687615836725883,-3.2834720997939E-17,-0.0115));
#475=CARTESIAN_POINT('',(0.00687615836725883,0.00396995188432737,-0.0114166666666667));
#476=CARTESIAN_POINT('',(0.00343807918362945,0.00595492782649105,-0.0113333333333333));
#477=CARTESIAN_POINT('',(2.4791281648419E-17,0.00793990376865476,-0.01125));
#478=CARTESIAN_POINT('',(-0.00343807918362937,0.0059549278264911,-0.0111666666666667));
#479=CARTESIAN_POINT('',(-0.00687615836725881,0.00396995188432741,-0.0110833333333333));
#480=CARTESIAN_POINT('',(-0.00687615836725883,1.01050384018726E-17,-0.011));
#481=CARTESIAN_POINT('',(-0.00687615836725885,-0.00396995188432734,-0.0109166666666667));
#482=CARTESIAN_POINT('',(-0.00343807918362943,-0.00595492782649106,-0.0108333333333333));
#483=CARTESIAN_POINT('',(-5.39718441492605E-17,-0.00793990376865476,-0.01075));
#484=CARTESIAN_POINT('',(0.00343807918362939,-0.00595492782649108,-0.0106666666666667));
#485=CARTESIAN_POINT('',(0.00687615836725882,-0.00396995188432739,-0.0105833333333333));
#486=CARTESIAN_POINT('',(0.00687615836725883,-3.45188940649177E-17,-0.0105));
#487=CARTESIAN_POINT('',(0.00687615836725883,0.00396995188432736,-0.0104166666666667));
#488=CARTESIAN_POINT('',(0.00343807918362945,0.00595492782649105,-0.0103333333333333));
#489=CARTESIAN_POINT('',(2.67359971955832E-17,0.00793990376865476,-0.01025));
#490=CARTESIAN_POINT('',(-0.00343807918362937,0.0059549278264911,-0.0101666666666667));
#491=CARTESIAN_POINT('',(-0.00687615836725881,0.00396995188432741,-0.0100833333333333));
#492=CARTESIAN_POINT('',(-0.00687615836725883,1.17892114688513E-17,-0.01));
#493=CARTESIAN_POINT('',(-0.00687615836725885,-0.00396995188432734,-0.00991666666666666));
#494=CARTESIAN_POINT('',(-0.00343807918362943,-0.00595492782649106,-0.00983333333333333));
#495=CARTESIAN_POINT('',(-5.59165596964247E-17,-0.00793990376865476,-0.00975));
#496=CARTESIAN_POINT('',(0.00343807918362939,-0.00595492782649109,-0.00966666666666667));
#497=CARTESIAN_POINT('',(0.00687615836725879,-0.00396995188432744,-0.00958333333333333));
#498=CARTESIAN_POINT('',(0.00687615836725883,-3.62030671318965E-17,-0.0095));
#499=CARTESIAN_POINT('',(0.00687615836725883,0.00396995188432736,-0.00941666666666666));
#500=CARTESIAN_POINT('',(0.00343807918362945,0.00595492782649105,-0.00933333333333334));
#501=CARTESIAN_POINT('',(2.86807127427474E-17,0.00793990376865476,-0.00925));
#502=CARTESIAN_POINT('',(-0.00343807918362937,0.0059549278264911,-0.00916666666666667));
#503=CARTESIAN_POINT('',(-0.0068761583672588,0.00396995188432742,-0.00908333333333333));
#504=CARTESIAN_POINT('',(-0.00687615836725883,1.34733845358301E-17,-0.009));
#505=CARTESIAN_POINT('',(-0.00687615836725885,-0.00396995188432734,-0.00891666666666667));
#506=CARTESIAN_POINT('',(-0.00343807918362943,-0.00595492782649106,-0.00883333333333334));
#507=CARTESIAN_POINT('',(-5.7861275243589E-17,-0.00793990376865476,-0.00875));
#508=CARTESIAN_POINT('',(0.00343807918362939,-0.00595492782649109,-0.00866666666666667));
#509=CARTESIAN_POINT('',(0.00687615836725879,-0.00396995188432744,-0.00858333333333333));
#510=CARTESIAN_POINT('',(0.00687615836725883,-3.78872401988753E-17,-0.0085));
#511=CARTESIAN_POINT('',(0.00687615836725883,0.00396995188432736,-0.00841666666666667));
#512=CARTESIAN_POINT('',(0.00343807918362945,0.00595492782649105,-0.00833333333333334));
#513=CARTESIAN_POINT('',(3.06254282899116E-17,0.00793990376865476,-0.00825));
#514=CARTESIAN_POINT('',(-0.00343807918362936,0.0059549278264911,-0.00816666666666667));
#515=CARTESIAN_POINT('',(-0.0068761583672588,0.00396995188432742,-0.00808333333333333));
#516=CARTESIAN_POINT('',(-0.00687615836725883,6.40156013807268E-17,-0.008));
#517=CARTESIAN_POINT('',(-0.00687615836725885,-0.00396995188432734,-0.00791666666666667));
#518=CARTESIAN_POINT('',(-0.00343807918362943,-0.00595492782649106,-0.00783333333333334));
#519=CARTESIAN_POINT('',(-5.98059907907531E-17,-0.00793990376865476,-0.00775));
#520=CARTESIAN_POINT('',(0.00343807918362938,-0.00595492782649109,-0.00766666666666667));
#521=CARTESIAN_POINT('',(0.00687615836725879,-0.00396995188432744,-0.00758333333333333));
#522=CARTESIAN_POINT('',(0.00687615836725883,-3.9571413265854E-17,-0.0075));
#523=CARTESIAN_POINT('',(0.00687615836725887,0.00396995188432731,-0.00741666666666667));
#524=CARTESIAN_POINT('',(0.00343807918362945,0.00595492782649105,-0.00733333333333333));
#525=CARTESIAN_POINT('',(3.25701438370758E-17,0.00793990376865476,-0.00725));
#526=CARTESIAN_POINT('',(-0.00343807918362936,0.0059549278264911,-0.00716666666666667));
#527=CARTESIAN_POINT('',(-0.0068761583672588,0.00396995188432742,-0.00708333333333334));
#528=CARTESIAN_POINT('',(-0.00687615836725883,6.56997744477055E-17,-0.007));
#529=CARTESIAN_POINT('',(-0.00687615836725886,-0.00396995188432734,-0.00691666666666667));
#530=CARTESIAN_POINT('',(-0.00343807918362943,-0.00595492782649106,-0.00683333333333334));
#531=CARTESIAN_POINT('',(-6.17507063379174E-17,-0.00793990376865476,-0.00675));
#532=CARTESIAN_POINT('',(0.00343807918362938,-0.00595492782649109,-0.00666666666666667));
#533=CARTESIAN_POINT('',(0.00687615836725882,-0.00396995188432739,-0.00658333333333334));
#534=CARTESIAN_POINT('',(0.00687615836725883,-9.01136301107507E-17,-0.0065));
#535=CARTESIAN_POINT('',(0.00687615836725887,0.00396995188432731,-0.00641666666666667));
#536=CARTESIAN_POINT('',(0.00343807918362945,0.00595492782649105,-0.00633333333333334));
#537=CARTESIAN_POINT('',(3.451485938424E-17,0.00793990376865476,-0.00625));
#538=CARTESIAN_POINT('',(-0.0034380791836294,0.00595492782649108,-0.00616666666666667));
#539=CARTESIAN_POINT('',(-0.00687615836725878,0.00396995188432747,-0.00608333333333334));
#540=CARTESIAN_POINT('',(-0.00687615836725883,6.73839475146843E-17,-0.006));
#541=CARTESIAN_POINT('',(-0.00687615836725886,-0.00396995188432734,-0.00591666666666667));
#542=CARTESIAN_POINT('',(-0.00343807918362943,-0.00595492782649106,-0.00583333333333333));
#543=CARTESIAN_POINT('',(-7.27901243056271E-18,-0.00793990376865476,-0.00574999999999999));
#544=CARTESIAN_POINT('',(0.00343807918362934,-0.00595492782649111,-0.00566666666666667));
#545=CARTESIAN_POINT('',(0.00687615836725879,-0.00396995188432744,-0.00558333333333334));
#546=CARTESIAN_POINT('',(0.00687615836725883,-4.29397593998115E-17,-0.0055));
#547=CARTESIAN_POINT('',(0.00687615836725883,0.00396995188432736,-0.00541666666666667));
#548=CARTESIAN_POINT('',(0.0034380791836295,0.00595492782649102,-0.00533333333333334));
#549=CARTESIAN_POINT('',(9.28759843859231E-17,0.00793990376865476,-0.00524999999999999));
#550=CARTESIAN_POINT('',(-0.00343807918362936,0.0059549278264911,-0.00516666666666667));
#551=CARTESIAN_POINT('',(-0.0068761583672588,0.00396995188432742,-0.00508333333333334));
#552=CARTESIAN_POINT('',(-0.00687615836725883,2.02100768037452E-17,-0.005));
#553=CARTESIAN_POINT('',(-0.00687615836725888,-0.00396995188432728,-0.00491666666666666));
#554=CARTESIAN_POINT('',(-0.00343807918362948,-0.00595492782649103,-0.00483333333333334));
#555=CARTESIAN_POINT('',(-6.56401374322458E-17,-0.00793990376865476,-0.00475));
#556=CARTESIAN_POINT('',(0.00343807918362938,-0.00595492782649109,-0.00466666666666667));
#557=CARTESIAN_POINT('',(0.00687615836725881,-0.0039699518843274,-0.00458333333333334));
#558=CARTESIAN_POINT('',(0.00687615836725883,-9.34819762447083E-17,-0.0045));
#559=CARTESIAN_POINT('',(0.00687615836725887,0.00396995188432731,-0.00441666666666666));
#560=CARTESIAN_POINT('',(0.00343807918362946,0.00595492782649105,-0.00433333333333334));
#561=CARTESIAN_POINT('',(3.84042904785684E-17,0.00793990376865476,-0.00425));
#562=CARTESIAN_POINT('',(-0.0034380791836294,0.00595492782649108,-0.00416666666666667));
#563=CARTESIAN_POINT('',(-0.00687615836725878,0.00396995188432747,-0.00408333333333333));
#564=CARTESIAN_POINT('',(-0.00687615836725883,7.07522936486418E-17,-0.004));
#565=CARTESIAN_POINT('',(-0.00687615836725886,-0.00396995188432733,-0.00391666666666667));
#566=CARTESIAN_POINT('',(-0.00343807918362944,-0.00595492782649106,-0.00383333333333333));
#567=CARTESIAN_POINT('',(-1.24001262433929E-16,-0.00793990376865476,-0.00375));
#568=CARTESIAN_POINT('',(0.00343807918362934,-0.00595492782649112,-0.00366666666666667));
#569=CARTESIAN_POINT('',(0.00687615836725879,-0.00396995188432744,-0.00358333333333333));
#570=CARTESIAN_POINT('',(0.00687615836725883,-4.63081055337691E-17,-0.0035));
#571=CARTESIAN_POINT('',(0.00687615836725885,0.00396995188432735,-0.00341666666666667));
#572=CARTESIAN_POINT('',(0.0034380791836295,0.00595492782649102,-0.00333333333333333));
#573=CARTESIAN_POINT('',(9.67654154802515E-17,0.00793990376865476,-0.00325));
#574=CARTESIAN_POINT('',(-0.00343807918362936,0.0059549278264911,-0.00316666666666667));
#575=CARTESIAN_POINT('',(-0.0068761583672588,0.00396995188432742,-0.00308333333333333));
#576=CARTESIAN_POINT('',(-0.00687615836725883,2.35784229377027E-17,-0.003));
#577=CARTESIAN_POINT('',(0.00687615836725883,-6.98950408892387E-17,-0.0045));
#578=CARTESIAN_POINT('',(0.00650506648173719,-4.21694080245217E-17,-0.00471425));
#579=CARTESIAN_POINT('',(0.007,-7.11693104882857E-17,-0.0044285));
#580=CARTESIAN_POINT('',(0.007,-4.54430619772791E-17,-0.0044285));
#581=CARTESIAN_POINT('',(0.00700000000000003,0.00404145188432733,-0.00434516666666667));
#582=CARTESIAN_POINT('',(0.0035,0.00606217782649105,-0.00426183333333334));
#583=CARTESIAN_POINT('',(5.34629983535757E-17,0.00808290376865476,-0.0041785));
#584=CARTESIAN_POINT('',(-0.00349999999999996,0.0060621778264911,-0.00409516666666667));
#585=CARTESIAN_POINT('',(-0.00699999999999997,0.00404145188432738,-0.00401183333333334));
#586=CARTESIAN_POINT('',(-0.007,4.71575674960854E-17,-0.0039285));
#587=CARTESIAN_POINT('',(-0.00700000000000003,-0.00404145188432733,-0.00384516666666667));
#588=CARTESIAN_POINT('',(-0.00350000000000005,-0.00606217782649105,-0.00376183333333333));
#589=CARTESIAN_POINT('',(-5.44528685763857E-17,-0.00808290376865476,-0.0036785));
#590=CARTESIAN_POINT('',(0.00349999999999995,-0.0060621778264911,-0.00359516666666667));
#591=CARTESIAN_POINT('',(0.00699999999999997,-0.00404145188432743,-0.00351183333333334));
#592=CARTESIAN_POINT('',(0.007,-4.71575674960854E-17,-0.0034285));
#593=CARTESIAN_POINT('',(-0.00601013296347439,0.,-0.0175));
#594=CARTESIAN_POINT('',(-0.00601013296347438,-0.00346995188432738,-0.0174166666666666));
#595=CARTESIAN_POINT('',(-0.0030050664817372,-0.00520492782649107,-0.0173333333333333));
#596=CARTESIAN_POINT('',(6.99885645712712E-20,-0.00693990376865476,-0.01725));
#597=CARTESIAN_POINT('',(0.0030050664817372,-0.00520492782649107,-0.0171666666666666));
#598=CARTESIAN_POINT('',(0.00601013296347438,-0.00346995188432738,-0.0170833333333333));
#599=CARTESIAN_POINT('',(0.00601013296347439,1.21223749786257E-19,-0.017));
#600=CARTESIAN_POINT('',(0.00601013296347438,0.00346995188432738,-0.0169166666666666));
#601=CARTESIAN_POINT('',(0.0030050664817372,0.00520492782649107,-0.0168333333333333));
#602=CARTESIAN_POINT('',(7.79904529096099E-19,0.00693990376865476,-0.01675));
#603=CARTESIAN_POINT('',(-0.00300506648173719,0.00520492782649107,-0.0166666666666666));
#604=CARTESIAN_POINT('',(-0.00601013296347438,0.00346995188432738,-0.0165833333333333));
#605=CARTESIAN_POINT('',(-0.00601013296347439,0.,-0.0165));
#606=CARTESIAN_POINT('',(-0.00601013296347438,-0.00346995188432738,-0.0164166666666667));
#607=CARTESIAN_POINT('',(-0.0030050664817372,-0.00520492782649107,-0.0163333333333334));
#608=CARTESIAN_POINT('',(6.99885645712712E-20,-0.00693990376865476,-0.01625));
#609=CARTESIAN_POINT('',(0.0030050664817372,-0.00520492782649107,-0.0161666666666666));
#610=CARTESIAN_POINT('',(0.00601013296347438,-0.00346995188432738,-0.0160833333333333));
#611=CARTESIAN_POINT('',(0.00601013296347439,1.21223749786257E-19,-0.016));
#612=CARTESIAN_POINT('',(0.00601013296347438,0.00346995188432738,-0.0159166666666667));
#613=CARTESIAN_POINT('',(0.0030050664817372,0.00520492782649107,-0.0158333333333334));
#614=CARTESIAN_POINT('',(7.79904529096099E-19,0.00693990376865476,-0.01575));
#615=CARTESIAN_POINT('',(-0.00300506648173719,0.00520492782649107,-0.0156666666666666));
#616=CARTESIAN_POINT('',(-0.00601013296347438,0.00346995188432738,-0.0155833333333333));
#617=CARTESIAN_POINT('',(-0.00601013296347439,0.,-0.0155));
#618=CARTESIAN_POINT('',(-0.00601013296347438,-0.00346995188432738,-0.0154166666666667));
#619=CARTESIAN_POINT('',(-0.0030050664817372,-0.00520492782649107,-0.0153333333333333));
#620=CARTESIAN_POINT('',(6.99885645712712E-20,-0.00693990376865476,-0.01525));
#621=CARTESIAN_POINT('',(0.0030050664817372,-0.00520492782649107,-0.0151666666666666));
#622=CARTESIAN_POINT('',(0.00601013296347438,-0.00346995188432738,-0.0150833333333333));
#623=CARTESIAN_POINT('',(0.00601013296347439,1.21223749786257E-19,-0.015));
#624=CARTESIAN_POINT('',(0.00601013296347438,0.00346995188432738,-0.0149166666666667));
#625=CARTESIAN_POINT('',(0.0030050664817372,0.00520492782649107,-0.0148333333333333));
#626=CARTESIAN_POINT('',(7.79904529096099E-19,0.00693990376865476,-0.01475));
#627=CARTESIAN_POINT('',(-0.00300506648173719,0.00520492782649107,-0.0146666666666667));
#628=CARTESIAN_POINT('',(-0.00601013296347438,0.00346995188432738,-0.0145833333333333));
#629=CARTESIAN_POINT('',(-0.00601013296347439,0.,-0.0145));
#630=CARTESIAN_POINT('',(-0.00601013296347438,-0.00346995188432738,-0.0144166666666667));
#631=CARTESIAN_POINT('',(-0.0030050664817372,-0.00520492782649107,-0.0143333333333333));
#632=CARTESIAN_POINT('',(6.99885645712712E-20,-0.00693990376865476,-0.01425));
#633=CARTESIAN_POINT('',(0.0030050664817372,-0.00520492782649107,-0.0141666666666667));
#634=CARTESIAN_POINT('',(0.00601013296347438,-0.00346995188432738,-0.0140833333333333));
#635=CARTESIAN_POINT('',(0.00601013296347439,1.21223749786257E-19,-0.014));
#636=CARTESIAN_POINT('',(0.00601013296347438,0.00346995188432738,-0.0139166666666667));
#637=CARTESIAN_POINT('',(0.0030050664817372,0.00520492782649107,-0.0138333333333333));
#638=CARTESIAN_POINT('',(7.79904529096099E-19,0.00693990376865476,-0.01375));
#639=CARTESIAN_POINT('',(-0.00300506648173719,0.00520492782649107,-0.0136666666666667));
#640=CARTESIAN_POINT('',(-0.00601013296347438,0.00346995188432738,-0.0135833333333333));
#641=CARTESIAN_POINT('',(-0.00601013296347439,0.,-0.0135));
#642=CARTESIAN_POINT('',(-0.00601013296347438,-0.00346995188432738,-0.0134166666666667));
#643=CARTESIAN_POINT('',(-0.0030050664817372,-0.00520492782649107,-0.0133333333333333));
#644=CARTESIAN_POINT('',(6.99885645712712E-20,-0.00693990376865476,-0.01325));
#645=CARTESIAN_POINT('',(0.0030050664817372,-0.00520492782649107,-0.0131666666666667));
#646=CARTESIAN_POINT('',(0.00601013296347438,-0.00346995188432738,-0.0130833333333333));
#647=CARTESIAN_POINT('',(0.00601013296347439,1.21223749786257E-19,-0.013));
#648=CARTESIAN_POINT('',(0.00601013296347438,0.00346995188432738,-0.0129166666666667));
#649=CARTESIAN_POINT('',(0.0030050664817372,0.00520492782649107,-0.0128333333333333));
#650=CARTESIAN_POINT('',(7.79904529096099E-19,0.00693990376865476,-0.01275));
#651=CARTESIAN_POINT('',(-0.00300506648173719,0.00520492782649107,-0.0126666666666667));
#652=CARTESIAN_POINT('',(-0.00601013296347438,0.00346995188432738,-0.0125833333333333));
#653=CARTESIAN_POINT('',(-0.00601013296347439,0.,-0.0125));
#654=CARTESIAN_POINT('',(-0.00601013296347438,-0.00346995188432738,-0.0124166666666667));
#655=CARTESIAN_POINT('',(-0.0030050664817372,-0.00520492782649107,-0.0123333333333333));
#656=CARTESIAN_POINT('',(6.99885645712712E-20,-0.00693990376865476,-0.01225));
#657=CARTESIAN_POINT('',(0.0030050664817372,-0.00520492782649107,-0.0121666666666667));
#658=CARTESIAN_POINT('',(0.00601013296347438,-0.00346995188432738,-0.0120833333333333));
#659=CARTESIAN_POINT('',(0.00601013296347439,1.21223749786257E-19,-0.012));
#660=CARTESIAN_POINT('',(0.00601013296347438,0.00346995188432738,-0.0119166666666667));
#661=CARTESIAN_POINT('',(0.0030050664817372,0.00520492782649107,-0.0118333333333333));
#662=CARTESIAN_POINT('',(7.79904529096099E-19,0.00693990376865476,-0.01175));
#663=CARTESIAN_POINT('',(-0.00300506648173719,0.00520492782649107,-0.0116666666666667));
#664=CARTESIAN_POINT('',(-0.00601013296347438,0.00346995188432738,-0.0115833333333333));
#665=CARTESIAN_POINT('',(-0.00601013296347439,0.,-0.0115));
#666=CARTESIAN_POINT('',(-0.00601013296347438,-0.00346995188432738,-0.0114166666666667));
#667=CARTESIAN_POINT('',(-0.0030050664817372,-0.00520492782649107,-0.0113333333333333));
#668=CARTESIAN_POINT('',(6.99885645712712E-20,-0.00693990376865476,-0.01125));
#669=CARTESIAN_POINT('',(0.0030050664817372,-0.00520492782649107,-0.0111666666666667));
#670=CARTESIAN_POINT('',(0.00601013296347438,-0.00346995188432738,-0.0110833333333333));
#671=CARTESIAN_POINT('',(0.00601013296347439,1.21223749786257E-19,-0.011));
#672=CARTESIAN_POINT('',(0.00601013296347438,0.00346995188432738,-0.0109166666666667));
#673=CARTESIAN_POINT('',(0.0030050664817372,0.00520492782649107,-0.0108333333333333));
#674=CARTESIAN_POINT('',(7.79904529096099E-19,0.00693990376865476,-0.01075));
#675=CARTESIAN_POINT('',(-0.00300506648173719,0.00520492782649107,-0.0106666666666667));
#676=CARTESIAN_POINT('',(-0.00601013296347438,0.00346995188432738,-0.0105833333333333));
#677=CARTESIAN_POINT('',(-0.00601013296347439,0.,-0.0105));
#678=CARTESIAN_POINT('',(-0.00601013296347438,-0.00346995188432738,-0.0104166666666667));
#679=CARTESIAN_POINT('',(-0.0030050664817372,-0.00520492782649107,-0.0103333333333333));
#680=CARTESIAN_POINT('',(6.99885645712712E-20,-0.00693990376865476,-0.01025));
#681=CARTESIAN_POINT('',(0.0030050664817372,-0.00520492782649107,-0.0101666666666667));
#682=CARTESIAN_POINT('',(0.00601013296347438,-0.00346995188432738,-0.0100833333333333));
#683=CARTESIAN_POINT('',(0.00601013296347439,1.21223749786257E-19,-0.01));
#684=CARTESIAN_POINT('',(0.00601013296347438,0.00346995188432738,-0.00991666666666666));
#685=CARTESIAN_POINT('',(0.0030050664817372,0.00520492782649107,-0.00983333333333333));
#686=CARTESIAN_POINT('',(7.79904529096099E-19,0.00693990376865476,-0.00975));
#687=CARTESIAN_POINT('',(-0.00300506648173719,0.00520492782649107,-0.00966666666666667));
#688=CARTESIAN_POINT('',(-0.00601013296347438,0.00346995188432738,-0.00958333333333333));
#689=CARTESIAN_POINT('',(-0.00601013296347439,0.,-0.0095));
#690=CARTESIAN_POINT('',(-0.00601013296347438,-0.00346995188432738,-0.00941666666666666));
#691=CARTESIAN_POINT('',(-0.0030050664817372,-0.00520492782649107,-0.00933333333333333));
#692=CARTESIAN_POINT('',(6.99885645712712E-20,-0.00693990376865476,-0.00925));
#693=CARTESIAN_POINT('',(0.0030050664817372,-0.00520492782649107,-0.00916666666666666));
#694=CARTESIAN_POINT('',(0.00601013296347438,-0.00346995188432738,-0.00908333333333333));
#695=CARTESIAN_POINT('',(0.00601013296347439,1.21223749786257E-19,-0.009));
#696=CARTESIAN_POINT('',(0.00601013296347438,0.00346995188432738,-0.00891666666666666));
#697=CARTESIAN_POINT('',(0.0030050664817372,0.00520492782649107,-0.00883333333333333));
#698=CARTESIAN_POINT('',(7.79904529096099E-19,0.00693990376865476,-0.00875));
#699=CARTESIAN_POINT('',(-0.00300506648173719,0.00520492782649107,-0.00866666666666667));
#700=CARTESIAN_POINT('',(-0.00601013296347438,0.00346995188432738,-0.00858333333333333));
#701=CARTESIAN_POINT('',(-0.00601013296347439,0.,-0.0085));
#702=CARTESIAN_POINT('',(-0.00601013296347438,-0.00346995188432738,-0.00841666666666666));
#703=CARTESIAN_POINT('',(-0.0030050664817372,-0.00520492782649107,-0.00833333333333333));
#704=CARTESIAN_POINT('',(6.99885645712712E-20,-0.00693990376865476,-0.00825));
#705=CARTESIAN_POINT('',(0.0030050664817372,-0.00520492782649107,-0.00816666666666667));
#706=CARTESIAN_POINT('',(0.00601013296347438,-0.00346995188432738,-0.00808333333333333));
#707=CARTESIAN_POINT('',(0.00601013296347439,1.21223749786257E-19,-0.008));
#708=CARTESIAN_POINT('',(0.00601013296347438,0.00346995188432738,-0.00791666666666667));
#709=CARTESIAN_POINT('',(0.0030050664817372,0.00520492782649107,-0.00783333333333333));
#710=CARTESIAN_POINT('',(7.79904529096099E-19,0.00693990376865476,-0.00775));
#711=CARTESIAN_POINT('',(-0.00300506648173719,0.00520492782649107,-0.00766666666666667));
#712=CARTESIAN_POINT('',(-0.00601013296347438,0.00346995188432738,-0.00758333333333333));
#713=CARTESIAN_POINT('',(-0.00601013296347439,0.,-0.0075));
#714=CARTESIAN_POINT('',(-0.00601013296347438,-0.00346995188432738,-0.00741666666666667));
#715=CARTESIAN_POINT('',(-0.0030050664817372,-0.00520492782649107,-0.00733333333333333));
#716=CARTESIAN_POINT('',(6.99885645712712E-20,-0.00693990376865476,-0.00725));
#717=CARTESIAN_POINT('',(0.0030050664817372,-0.00520492782649107,-0.00716666666666667));
#718=CARTESIAN_POINT('',(0.00601013296347438,-0.00346995188432738,-0.00708333333333333));
#719=CARTESIAN_POINT('',(0.00601013296347439,1.21223749786257E-19,-0.007));
#720=CARTESIAN_POINT('',(0.00601013296347438,0.00346995188432738,-0.00691666666666667));
#721=CARTESIAN_POINT('',(0.0030050664817372,0.00520492782649107,-0.00683333333333333));
#722=CARTESIAN_POINT('',(7.79904529096099E-19,0.00693990376865476,-0.00675));
#723=CARTESIAN_POINT('',(-0.00300506648173719,0.00520492782649107,-0.00666666666666666));
#724=CARTESIAN_POINT('',(-0.00601013296347438,0.00346995188432738,-0.00658333333333333));
#725=CARTESIAN_POINT('',(-0.00601013296347439,0.,-0.0065));
#726=CARTESIAN_POINT('',(-0.00601013296347438,-0.00346995188432738,-0.00641666666666667));
#727=CARTESIAN_POINT('',(-0.0030050664817372,-0.00520492782649107,-0.00633333333333333));
#728=CARTESIAN_POINT('',(6.99885645712712E-20,-0.00693990376865476,-0.00625));
#729=CARTESIAN_POINT('',(0.0030050664817372,-0.00520492782649107,-0.00616666666666667));
#730=CARTESIAN_POINT('',(0.00601013296347438,-0.00346995188432738,-0.00608333333333333));
#731=CARTESIAN_POINT('',(0.00601013296347439,1.21223749786257E-19,-0.006));
#732=CARTESIAN_POINT('',(0.00601013296347438,0.00346995188432738,-0.00591666666666667));
#733=CARTESIAN_POINT('',(0.0030050664817372,0.00520492782649107,-0.00583333333333333));
#734=CARTESIAN_POINT('',(7.79904529096099E-19,0.00693990376865476,-0.00574999999999999));
#735=CARTESIAN_POINT('',(-0.00300506648173719,0.00520492782649107,-0.00566666666666667));
#736=CARTESIAN_POINT('',(-0.00601013296347438,0.00346995188432738,-0.00558333333333334));
#737=CARTESIAN_POINT('',(-0.00601013296347439,0.,-0.0055));
#738=CARTESIAN_POINT('',(-0.00601013296347438,-0.00346995188432738,-0.00541666666666667));
#739=CARTESIAN_POINT('',(-0.0030050664817372,-0.00520492782649107,-0.00533333333333333));
#740=CARTESIAN_POINT('',(6.99885645712712E-20,-0.00693990376865476,-0.00524999999999999));
#741=CARTESIAN_POINT('',(0.0030050664817372,-0.00520492782649107,-0.00516666666666667));
#742=CARTESIAN_POINT('',(0.00601013296347438,-0.00346995188432738,-0.00508333333333333));
#743=CARTESIAN_POINT('',(0.00601013296347439,1.21223749786257E-19,-0.005));
#744=CARTESIAN_POINT('',(0.00601013296347438,0.00346995188432738,-0.00491666666666666));
#745=CARTESIAN_POINT('',(0.0030050664817372,0.00520492782649107,-0.00483333333333333));
#746=CARTESIAN_POINT('',(7.79904529096099E-19,0.00693990376865476,-0.00475));
#747=CARTESIAN_POINT('',(-0.00300506648173719,0.00520492782649107,-0.00466666666666666));
#748=CARTESIAN_POINT('',(-0.00601013296347438,0.00346995188432738,-0.00458333333333333));
#749=CARTESIAN_POINT('',(-0.00601013296347439,0.,-0.0045));
#750=CARTESIAN_POINT('',(-0.00601013296347438,-0.00346995188432738,-0.00441666666666666));
#751=CARTESIAN_POINT('',(-0.0030050664817372,-0.00520492782649107,-0.00433333333333333));
#752=CARTESIAN_POINT('',(6.99885645712712E-20,-0.00693990376865476,-0.00425));
#753=CARTESIAN_POINT('',(0.0030050664817372,-0.00520492782649107,-0.00416666666666666));
#754=CARTESIAN_POINT('',(0.00601013296347438,-0.00346995188432738,-0.00408333333333333));
#755=CARTESIAN_POINT('',(0.00601013296347439,1.21223749786257E-19,-0.004));
#756=CARTESIAN_POINT('',(-0.00687615836725883,0.,-0.017));
#757=CARTESIAN_POINT('',(-0.00687615836725882,-0.00396995188432738,-0.0169166666666667));
#758=CARTESIAN_POINT('',(-0.00343807918362941,-0.00595492782649107,-0.0168333333333333));
#759=CARTESIAN_POINT('',(8.75622461390341E-21,-0.00793990376865476,-0.01675));
#760=CARTESIAN_POINT('',(0.00343807918362941,-0.00595492782649107,-0.0166666666666666));
#761=CARTESIAN_POINT('',(0.00687615836725882,-0.00396995188432738,-0.0165833333333333));
#762=CARTESIAN_POINT('',(0.00687615836725883,1.51662259137659E-20,-0.0165));
#763=CARTESIAN_POINT('',(0.00687615836725882,0.00396995188432738,-0.0164166666666667));
#764=CARTESIAN_POINT('',(0.00343807918362941,0.00595492782649107,-0.0163333333333334));
#765=CARTESIAN_POINT('',(9.63601548968202E-19,0.00793990376865476,-0.01625));
#766=CARTESIAN_POINT('',(-0.00343807918362941,0.00595492782649108,-0.0161666666666666));
#767=CARTESIAN_POINT('',(-0.00687615836725882,0.00396995188432738,-0.0160833333333333));
#768=CARTESIAN_POINT('',(-0.00687615836725883,0.,-0.016));
#769=CARTESIAN_POINT('',(-0.00687615836725882,-0.00396995188432738,-0.0159166666666667));
#770=CARTESIAN_POINT('',(-0.00343807918362941,-0.00595492782649107,-0.0158333333333334));
#771=CARTESIAN_POINT('',(8.75622461390341E-21,-0.00793990376865476,-0.01575));
#772=CARTESIAN_POINT('',(0.00343807918362941,-0.00595492782649107,-0.0156666666666666));
#773=CARTESIAN_POINT('',(0.00687615836725882,-0.00396995188432738,-0.0155833333333333));
#774=CARTESIAN_POINT('',(0.00687615836725883,1.51662259137659E-20,-0.0155));
#775=CARTESIAN_POINT('',(0.00687615836725882,0.00396995188432738,-0.0154166666666667));
#776=CARTESIAN_POINT('',(0.00343807918362941,0.00595492782649107,-0.0153333333333333));
#777=CARTESIAN_POINT('',(9.63601548968202E-19,0.00793990376865476,-0.01525));
#778=CARTESIAN_POINT('',(-0.00343807918362941,0.00595492782649108,-0.0151666666666666));
#779=CARTESIAN_POINT('',(-0.00687615836725882,0.00396995188432738,-0.0150833333333333));
#780=CARTESIAN_POINT('',(-0.00687615836725883,0.,-0.015));
#781=CARTESIAN_POINT('',(-0.00687615836725882,-0.00396995188432738,-0.0149166666666667));
#782=CARTESIAN_POINT('',(-0.00343807918362941,-0.00595492782649107,-0.0148333333333333));
#783=CARTESIAN_POINT('',(8.75622461390341E-21,-0.00793990376865476,-0.01475));
#784=CARTESIAN_POINT('',(0.00343807918362941,-0.00595492782649107,-0.0146666666666667));
#785=CARTESIAN_POINT('',(0.00687615836725882,-0.00396995188432738,-0.0145833333333333));
#786=CARTESIAN_POINT('',(0.00687615836725883,1.51662259137659E-20,-0.0145));
#787=CARTESIAN_POINT('',(0.00687615836725882,0.00396995188432738,-0.0144166666666667));
#788=CARTESIAN_POINT('',(0.00343807918362941,0.00595492782649107,-0.0143333333333333));
#789=CARTESIAN_POINT('',(9.63601548968202E-19,0.00793990376865476,-0.01425));
#790=CARTESIAN_POINT('',(-0.00343807918362941,0.00595492782649108,-0.0141666666666667));
#791=CARTESIAN_POINT('',(-0.00687615836725882,0.00396995188432738,-0.0140833333333333));
#792=CARTESIAN_POINT('',(-0.00687615836725883,0.,-0.014));
#793=CARTESIAN_POINT('',(-0.00687615836725882,-0.00396995188432738,-0.0139166666666667));
#794=CARTESIAN_POINT('',(-0.00343807918362941,-0.00595492782649107,-0.0138333333333333));
#795=CARTESIAN_POINT('',(8.75622461390341E-21,-0.00793990376865476,-0.01375));
#796=CARTESIAN_POINT('',(0.00343807918362941,-0.00595492782649107,-0.0136666666666667));
#797=CARTESIAN_POINT('',(0.00687615836725882,-0.00396995188432738,-0.0135833333333333));
#798=CARTESIAN_POINT('',(0.00687615836725883,1.51662259137659E-20,-0.0135));
#799=CARTESIAN_POINT('',(0.00687615836725882,0.00396995188432738,-0.0134166666666667));
#800=CARTESIAN_POINT('',(0.00343807918362941,0.00595492782649107,-0.0133333333333333));
#801=CARTESIAN_POINT('',(9.63601548968202E-19,0.00793990376865476,-0.01325));
#802=CARTESIAN_POINT('',(-0.00343807918362941,0.00595492782649108,-0.0131666666666667));
#803=CARTESIAN_POINT('',(-0.00687615836725882,0.00396995188432738,-0.0130833333333333));
#804=CARTESIAN_POINT('',(-0.00687615836725883,0.,-0.013));
#805=CARTESIAN_POINT('',(-0.00687615836725882,-0.00396995188432738,-0.0129166666666667));
#806=CARTESIAN_POINT('',(-0.00343807918362941,-0.00595492782649107,-0.0128333333333333));
#807=CARTESIAN_POINT('',(8.75622461390341E-21,-0.00793990376865476,-0.01275));
#808=CARTESIAN_POINT('',(0.00343807918362941,-0.00595492782649107,-0.0126666666666667));
#809=CARTESIAN_POINT('',(0.00687615836725882,-0.00396995188432738,-0.0125833333333333));
#810=CARTESIAN_POINT('',(0.00687615836725883,1.51662259137659E-20,-0.0125));
#811=CARTESIAN_POINT('',(0.00687615836725882,0.00396995188432738,-0.0124166666666667));
#812=CARTESIAN_POINT('',(0.00343807918362941,0.00595492782649107,-0.0123333333333333));
#813=CARTESIAN_POINT('',(9.63601548968202E-19,0.00793990376865476,-0.01225));
#814=CARTESIAN_POINT('',(-0.00343807918362941,0.00595492782649108,-0.0121666666666667));
#815=CARTESIAN_POINT('',(-0.00687615836725882,0.00396995188432738,-0.0120833333333333));
#816=CARTESIAN_POINT('',(-0.00687615836725883,0.,-0.012));
#817=CARTESIAN_POINT('',(-0.00687615836725882,-0.00396995188432738,-0.0119166666666667));
#818=CARTESIAN_POINT('',(-0.00343807918362941,-0.00595492782649107,-0.0118333333333333));
#819=CARTESIAN_POINT('',(8.75622461390341E-21,-0.00793990376865476,-0.01175));
#820=CARTESIAN_POINT('',(0.00343807918362941,-0.00595492782649107,-0.0116666666666667));
#821=CARTESIAN_POINT('',(0.00687615836725882,-0.00396995188432738,-0.0115833333333333));
#822=CARTESIAN_POINT('',(0.00687615836725883,1.51662259137659E-20,-0.0115));
#823=CARTESIAN_POINT('',(0.00687615836725882,0.00396995188432738,-0.0114166666666667));
#824=CARTESIAN_POINT('',(0.00343807918362941,0.00595492782649107,-0.0113333333333333));
#825=CARTESIAN_POINT('',(9.63601548968202E-19,0.00793990376865476,-0.01125));
#826=CARTESIAN_POINT('',(-0.00343807918362941,0.00595492782649108,-0.0111666666666667));
#827=CARTESIAN_POINT('',(-0.00687615836725882,0.00396995188432738,-0.0110833333333333));
#828=CARTESIAN_POINT('',(-0.00687615836725883,0.,-0.011));
#829=CARTESIAN_POINT('',(-0.00687615836725882,-0.00396995188432738,-0.0109166666666667));
#830=CARTESIAN_POINT('',(-0.00343807918362941,-0.00595492782649107,-0.0108333333333333));
#831=CARTESIAN_POINT('',(8.75622461390341E-21,-0.00793990376865476,-0.01075));
#832=CARTESIAN_POINT('',(0.00343807918362941,-0.00595492782649107,-0.0106666666666667));
#833=CARTESIAN_POINT('',(0.00687615836725882,-0.00396995188432738,-0.0105833333333333));
#834=CARTESIAN_POINT('',(0.00687615836725883,1.51662259137659E-20,-0.0105));
#835=CARTESIAN_POINT('',(0.00687615836725882,0.00396995188432738,-0.0104166666666667));
#836=CARTESIAN_POINT('',(0.00343807918362941,0.00595492782649107,-0.0103333333333333));
#837=CARTESIAN_POINT('',(9.63601548968202E-19,0.00793990376865476,-0.01025));
#838=CARTESIAN_POINT('',(-0.00343807918362941,0.00595492782649108,-0.0101666666666667));
#839=CARTESIAN_POINT('',(-0.00687615836725882,0.00396995188432738,-0.0100833333333333));
#840=CARTESIAN_POINT('',(-0.00687615836725883,0.,-0.01));
#841=CARTESIAN_POINT('',(-0.00687615836725882,-0.00396995188432738,-0.00991666666666666));
#842=CARTESIAN_POINT('',(-0.00343807918362941,-0.00595492782649107,-0.00983333333333333));
#843=CARTESIAN_POINT('',(8.75622461390341E-21,-0.00793990376865476,-0.00975));
#844=CARTESIAN_POINT('',(0.00343807918362941,-0.00595492782649107,-0.00966666666666667));
#845=CARTESIAN_POINT('',(0.00687615836725882,-0.00396995188432738,-0.00958333333333333));
#846=CARTESIAN_POINT('',(0.00687615836725883,1.51662259137659E-20,-0.0095));
#847=CARTESIAN_POINT('',(0.00687615836725882,0.00396995188432738,-0.00941666666666666));
#848=CARTESIAN_POINT('',(0.00343807918362941,0.00595492782649107,-0.00933333333333334));
#849=CARTESIAN_POINT('',(9.63601548968202E-19,0.00793990376865476,-0.00925));
#850=CARTESIAN_POINT('',(-0.00343807918362941,0.00595492782649108,-0.00916666666666667));
#851=CARTESIAN_POINT('',(-0.00687615836725882,0.00396995188432738,-0.00908333333333333));
#852=CARTESIAN_POINT('',(-0.00687615836725883,0.,-0.009));
#853=CARTESIAN_POINT('',(-0.00687615836725882,-0.00396995188432738,-0.00891666666666667));
#854=CARTESIAN_POINT('',(-0.00343807918362941,-0.00595492782649107,-0.00883333333333334));
#855=CARTESIAN_POINT('',(8.75622461390341E-21,-0.00793990376865476,-0.00875));
#856=CARTESIAN_POINT('',(0.00343807918362941,-0.00595492782649107,-0.00866666666666667));
#857=CARTESIAN_POINT('',(0.00687615836725882,-0.00396995188432738,-0.00858333333333333));
#858=CARTESIAN_POINT('',(0.00687615836725883,1.51662259137659E-20,-0.0085));
#859=CARTESIAN_POINT('',(0.00687615836725882,0.00396995188432738,-0.00841666666666667));
#860=CARTESIAN_POINT('',(0.00343807918362941,0.00595492782649107,-0.00833333333333334));
#861=CARTESIAN_POINT('',(9.63601548968202E-19,0.00793990376865476,-0.00825));
#862=CARTESIAN_POINT('',(-0.00343807918362941,0.00595492782649108,-0.00816666666666667));
#863=CARTESIAN_POINT('',(-0.00687615836725882,0.00396995188432738,-0.00808333333333333));
#864=CARTESIAN_POINT('',(-0.00687615836725883,0.,-0.008));
#865=CARTESIAN_POINT('',(-0.00687615836725882,-0.00396995188432738,-0.00791666666666667));
#866=CARTESIAN_POINT('',(-0.00343807918362941,-0.00595492782649107,-0.00783333333333334));
#867=CARTESIAN_POINT('',(8.75622461390341E-21,-0.00793990376865476,-0.00775));
#868=CARTESIAN_POINT('',(0.00343807918362941,-0.00595492782649107,-0.00766666666666667));
#869=CARTESIAN_POINT('',(0.00687615836725882,-0.00396995188432738,-0.00758333333333333));
#870=CARTESIAN_POINT('',(0.00687615836725883,1.51662259137659E-20,-0.0075));
#871=CARTESIAN_POINT('',(0.00687615836725882,0.00396995188432738,-0.00741666666666667));
#872=CARTESIAN_POINT('',(0.00343807918362941,0.00595492782649107,-0.00733333333333333));
#873=CARTESIAN_POINT('',(9.63601548968202E-19,0.00793990376865476,-0.00725));
#874=CARTESIAN_POINT('',(-0.00343807918362941,0.00595492782649108,-0.00716666666666667));
#875=CARTESIAN_POINT('',(-0.00687615836725882,0.00396995188432738,-0.00708333333333334));
#876=CARTESIAN_POINT('',(-0.00687615836725883,0.,-0.007));
#877=CARTESIAN_POINT('',(-0.00687615836725882,-0.00396995188432738,-0.00691666666666667));
#878=CARTESIAN_POINT('',(-0.00343807918362941,-0.00595492782649107,-0.00683333333333334));
#879=CARTESIAN_POINT('',(8.75622461390341E-21,-0.00793990376865476,-0.00675));
#880=CARTESIAN_POINT('',(0.00343807918362941,-0.00595492782649107,-0.00666666666666667));
#881=CARTESIAN_POINT('',(0.00687615836725882,-0.00396995188432738,-0.00658333333333334));
#882=CARTESIAN_POINT('',(0.00687615836725883,1.51662259137659E-20,-0.0065));
#883=CARTESIAN_POINT('',(0.00687615836725882,0.00396995188432738,-0.00641666666666667));
#884=CARTESIAN_POINT('',(0.00343807918362941,0.00595492782649107,-0.00633333333333334));
#885=CARTESIAN_POINT('',(9.63601548968202E-19,0.00793990376865476,-0.00625));
#886=CARTESIAN_POINT('',(-0.00343807918362941,0.00595492782649108,-0.00616666666666667));
#887=CARTESIAN_POINT('',(-0.00687615836725882,0.00396995188432738,-0.00608333333333334));
#888=CARTESIAN_POINT('',(-0.00687615836725883,0.,-0.006));
#889=CARTESIAN_POINT('',(-0.00687615836725882,-0.00396995188432738,-0.00591666666666667));
#890=CARTESIAN_POINT('',(-0.00343807918362941,-0.00595492782649107,-0.00583333333333333));
#891=CARTESIAN_POINT('',(8.75622461390341E-21,-0.00793990376865476,-0.00574999999999999));
#892=CARTESIAN_POINT('',(0.00343807918362941,-0.00595492782649107,-0.00566666666666667));
#893=CARTESIAN_POINT('',(0.00687615836725882,-0.00396995188432738,-0.00558333333333334));
#894=CARTESIAN_POINT('',(0.00687615836725883,1.51662259137659E-20,-0.0055));
#895=CARTESIAN_POINT('',(0.00687615836725882,0.00396995188432738,-0.00541666666666667));
#896=CARTESIAN_POINT('',(0.00343807918362941,0.00595492782649107,-0.00533333333333334));
#897=CARTESIAN_POINT('',(9.63601548968202E-19,0.00793990376865476,-0.00524999999999999));
#898=CARTESIAN_POINT('',(-0.00343807918362941,0.00595492782649108,-0.00516666666666667));
#899=CARTESIAN_POINT('',(-0.00687615836725882,0.00396995188432738,-0.00508333333333334));
#900=CARTESIAN_POINT('',(-0.00687615836725883,0.,-0.005));
#901=CARTESIAN_POINT('',(-0.00687615836725882,-0.00396995188432738,-0.00491666666666666));
#902=CARTESIAN_POINT('',(-0.00343807918362941,-0.00595492782649107,-0.00483333333333334));
#903=CARTESIAN_POINT('',(8.75622461390341E-21,-0.00793990376865476,-0.00475));
#904=CARTESIAN_POINT('',(0.00343807918362941,-0.00595492782649107,-0.00466666666666667));
#905=CARTESIAN_POINT('',(0.00687615836725882,-0.00396995188432738,-0.00458333333333334));
#906=CARTESIAN_POINT('',(0.00687615836725883,1.51662259137659E-20,-0.0045));
#907=CARTESIAN_POINT('',(0.00687615836725882,0.00396995188432738,-0.00441666666666666));
#908=CARTESIAN_POINT('',(0.00343807918362941,0.00595492782649107,-0.00433333333333334));
#909=CARTESIAN_POINT('',(9.63601548968202E-19,0.00793990376865476,-0.00425));
#910=CARTESIAN_POINT('',(-0.00343807918362941,0.00595492782649108,-0.00416666666666667));
#911=CARTESIAN_POINT('',(-0.00687615836725882,0.00396995188432738,-0.00408333333333333));
#912=CARTESIAN_POINT('',(-0.00687615836725883,0.,-0.004));
#913=CARTESIAN_POINT('',(-0.00687615836725882,-0.00396995188432738,-0.00391666666666667));
#914=CARTESIAN_POINT('',(-0.00343807918362941,-0.00595492782649107,-0.00383333333333333));
#915=CARTESIAN_POINT('',(8.75622461390341E-21,-0.00793990376865476,-0.00375));
#916=CARTESIAN_POINT('',(0.00343807918362941,-0.00595492782649107,-0.00366666666666667));
#917=CARTESIAN_POINT('',(0.00687615836725882,-0.00396995188432738,-0.00358333333333333));
#918=CARTESIAN_POINT('',(0.00687615836725883,1.51662259137659E-20,-0.0035));
#919=CARTESIAN_POINT('',(0.00650506648173719,-4.37626897935417E-17,-0.00371425));
#920=CARTESIAN_POINT('',(0.00601013296347439,-4.03678120909981E-17,-0.004));
#921=CARTESIAN_POINT('',(-0.00601013296347439,0.,-0.0175));
#922=CARTESIAN_POINT('',(-0.00601013296347438,-0.00346995188432738,-0.0174166666666666));
#923=CARTESIAN_POINT('',(-0.0030050664817372,-0.00520492782649107,-0.0173333333333333));
#924=CARTESIAN_POINT('',(6.99885645712712E-20,-0.00693990376865476,-0.01725));
#925=CARTESIAN_POINT('',(0.00300506648173719,-0.00520492782649107,-0.0171666666666666));
#926=CARTESIAN_POINT('',(0.00601013296347438,-0.00346995188432738,-0.0170833333333333));
#927=CARTESIAN_POINT('',(0.00601013296347439,1.21223749786257E-19,-0.017));
#928=CARTESIAN_POINT('',(0.00601013296347438,0.00346995188432738,-0.0169166666666666));
#929=CARTESIAN_POINT('',(0.0030050664817372,0.00520492782649107,-0.0168333333333333));
#930=CARTESIAN_POINT('',(7.79904529096099E-19,0.00693990376865476,-0.01675));
#931=CARTESIAN_POINT('',(-0.00300506648173719,0.00520492782649107,-0.0166666666666666));
#932=CARTESIAN_POINT('',(-0.00601013296347438,0.00346995188432738,-0.0165833333333333));
#933=CARTESIAN_POINT('',(-0.00601013296347439,1.47205801923378E-18,-0.0165));
#934=CARTESIAN_POINT('',(-0.00601013296347438,-0.00346995188432738,-0.0164166666666667));
#935=CARTESIAN_POINT('',(-0.0030050664817372,-0.00520492782649107,-0.0163333333333334));
#936=CARTESIAN_POINT('',(-7.79367038487819E-18,-0.00693990376865476,-0.01625));
#937=CARTESIAN_POINT('',(0.00300506648173719,-0.00520492782649107,-0.0161666666666666));
#938=CARTESIAN_POINT('',(0.00601013296347438,-0.00346995188432739,-0.0160833333333333));
#939=CARTESIAN_POINT('',(0.00601013296347439,-1.35083426944752E-18,-0.016));
#940=CARTESIAN_POINT('',(0.00601013296347438,0.00346995188432738,-0.0159166666666667));
#941=CARTESIAN_POINT('',(0.0030050664817372,0.00520492782649107,-0.0158333333333334));
#942=CARTESIAN_POINT('',(2.47969071643084E-18,0.00693990376865476,-0.01575));
#943=CARTESIAN_POINT('',(-0.00300506648173719,0.00520492782649107,-0.0156666666666666));
#944=CARTESIAN_POINT('',(-0.00601013296347438,0.00346995188432739,-0.0155833333333333));
#945=CARTESIAN_POINT('',(-0.00601013296347439,2.94411603846756E-18,-0.0155));
#946=CARTESIAN_POINT('',(-0.00601013296347438,-0.00346995188432737,-0.0154166666666667));
#947=CARTESIAN_POINT('',(-0.0030050664817372,-0.00520492782649107,-0.0153333333333333));
#948=CARTESIAN_POINT('',(-1.56573293343276E-17,-0.00693990376865476,-0.01525));
#949=CARTESIAN_POINT('',(0.00300506648173719,-0.00520492782649107,-0.0151666666666666));
#950=CARTESIAN_POINT('',(0.00601013296347437,-0.00346995188432739,-0.0150833333333333));
#951=CARTESIAN_POINT('',(0.00601013296347439,-1.34990330840539E-17,-0.015));
#952=CARTESIAN_POINT('',(0.00601013296347438,0.00346995188432738,-0.0149166666666667));
#953=CARTESIAN_POINT('',(0.0030050664817372,0.00520492782649107,-0.0148333333333333));
#954=CARTESIAN_POINT('',(1.6507222427995E-17,0.00693990376865476,-0.01475));
#955=CARTESIAN_POINT('',(-0.00300506648173718,0.00520492782649108,-0.0146666666666667));
#956=CARTESIAN_POINT('',(-0.00601013296347437,0.0034699518843274,-0.0145833333333333));
#957=CARTESIAN_POINT('',(-0.00601013296347439,4.41617405770134E-18,-0.0145));
#958=CARTESIAN_POINT('',(-0.00601013296347438,-0.00346995188432737,-0.0144166666666667));
#959=CARTESIAN_POINT('',(-0.00300506648173721,-0.00520492782649106,-0.0143333333333333));
#960=CARTESIAN_POINT('',(-1.73571155216624E-17,-0.00693990376865476,-0.01425));
#961=CARTESIAN_POINT('',(0.00300506648173718,-0.00520492782649108,-0.0141666666666667));
#962=CARTESIAN_POINT('',(0.00601013296347437,-0.0034699518843274,-0.0140833333333333));
#963=CARTESIAN_POINT('',(0.00601013296347439,-4.29495030791509E-18,-0.014));
#964=CARTESIAN_POINT('',(0.00601013296347438,0.00346995188432737,-0.0139166666666667));
#965=CARTESIAN_POINT('',(0.00300506648173721,0.00520492782649107,-0.0138333333333333));
#966=CARTESIAN_POINT('',(1.82070086153298E-17,0.00693990376865476,-0.01375));
#967=CARTESIAN_POINT('',(-0.00300506648173718,0.00520492782649108,-0.0136666666666667));
#968=CARTESIAN_POINT('',(-0.00601013296347437,0.0034699518843274,-0.0135833333333333));
#969=CARTESIAN_POINT('',(-0.00601013296347439,5.88823207693512E-18,-0.0135));
#970=CARTESIAN_POINT('',(-0.0060101329634744,-0.00346995188432737,-0.0134166666666667));
#971=CARTESIAN_POINT('',(-0.00300506648173721,-0.00520492782649106,-0.0133333333333333));
#972=CARTESIAN_POINT('',(-1.90569017089971E-17,-0.00693990376865476,-0.01325));
#973=CARTESIAN_POINT('',(0.00300506648173718,-0.00520492782649108,-0.0131666666666667));
#974=CARTESIAN_POINT('',(0.00601013296347437,-0.0034699518843274,-0.0130833333333333));
#975=CARTESIAN_POINT('',(0.00601013296347439,-2.71192899178941E-17,-0.013));
#976=CARTESIAN_POINT('',(0.0060101329634744,0.00346995188432737,-0.0129166666666667));
#977=CARTESIAN_POINT('',(0.00300506648173721,0.00520492782649106,-0.0128333333333333));
#978=CARTESIAN_POINT('',(1.99067948026645E-17,0.00693990376865476,-0.01275));
#979=CARTESIAN_POINT('',(-0.00300506648173718,0.00520492782649108,-0.0126666666666667));
#980=CARTESIAN_POINT('',(-0.00601013296347437,0.0034699518843274,-0.0125833333333333));
#981=CARTESIAN_POINT('',(-0.00601013296347439,2.87125716869141E-17,-0.0125));
#982=CARTESIAN_POINT('',(-0.0060101329634744,-0.00346995188432737,-0.0124166666666667));
#983=CARTESIAN_POINT('',(-0.00300506648173721,-0.00520492782649106,-0.0123333333333333));
#984=CARTESIAN_POINT('',(-4.54121789447908E-17,-0.00693990376865476,-0.01225));
#985=CARTESIAN_POINT('',(0.00300506648173718,-0.00520492782649108,-0.0121666666666667));
#986=CARTESIAN_POINT('',(0.00601013296347438,-0.00346995188432738,-0.0120833333333333));
#987=CARTESIAN_POINT('',(0.00601013296347439,-2.85913479371279E-17,-0.012));
#988=CARTESIAN_POINT('',(0.0060101329634744,0.00346995188432737,-0.0119166666666667));
#989=CARTESIAN_POINT('',(0.00300506648173723,0.00520492782649105,-0.0118333333333333));
#990=CARTESIAN_POINT('',(2.16065809899993E-17,0.00693990376865476,-0.01175));
#991=CARTESIAN_POINT('',(-0.00300506648173716,0.00520492782649109,-0.0116666666666667));
#992=CARTESIAN_POINT('',(-0.00601013296347437,0.0034699518843274,-0.0115833333333333));
#993=CARTESIAN_POINT('',(-0.00601013296347439,8.83234811540268E-18,-0.0115));
#994=CARTESIAN_POINT('',(-0.00601013296347441,-0.00346995188432735,-0.0114166666666667));
#995=CARTESIAN_POINT('',(-0.00300506648173721,-0.00520492782649106,-0.0113333333333333));
#996=CARTESIAN_POINT('',(-4.71119651321255E-17,-0.00693990376865476,-0.01125));
#997=CARTESIAN_POINT('',(0.00300506648173718,-0.00520492782649108,-0.0111666666666667));
#998=CARTESIAN_POINT('',(0.00601013296347438,-0.00346995188432739,-0.0110833333333333));
#999=CARTESIAN_POINT('',(0.00601013296347439,-3.00634059563617E-17,-0.011));
#1000=CARTESIAN_POINT('',(0.0060101329634744,0.00346995188432736,-0.0109166666666667));
#1001=CARTESIAN_POINT('',(0.00300506648173723,0.00520492782649105,-0.0108333333333333));
#1002=CARTESIAN_POINT('',(2.3306367177334E-17,0.00693990376865476,-0.01075));
#1003=CARTESIAN_POINT('',(-0.00300506648173716,0.00520492782649109,-0.0106666666666667));
#1004=CARTESIAN_POINT('',(-0.00601013296347437,0.0034699518843274,-0.0105833333333333));
#1005=CARTESIAN_POINT('',(-0.00601013296347439,1.03044061346365E-17,-0.0105));
#1006=CARTESIAN_POINT('',(-0.00601013296347441,-0.00346995188432734,-0.0104166666666667));
#1007=CARTESIAN_POINT('',(-0.00300506648173721,-0.00520492782649106,-0.0103333333333333));
#1008=CARTESIAN_POINT('',(-4.88117513194603E-17,-0.00693990376865476,-0.01025));
#1009=CARTESIAN_POINT('',(0.00300506648173717,-0.00520492782649108,-0.0101666666666667));
#1010=CARTESIAN_POINT('',(0.00601013296347436,-0.00346995188432743,-0.0100833333333333));
#1011=CARTESIAN_POINT('',(0.00601013296347439,-3.15354639755954E-17,-0.01));
#1012=CARTESIAN_POINT('',(0.0060101329634744,0.00346995188432736,-0.00991666666666666));
#1013=CARTESIAN_POINT('',(0.00300506648173723,0.00520492782649105,-0.00983333333333333));
#1014=CARTESIAN_POINT('',(2.50061533646687E-17,0.00693990376865476,-0.00975));
#1015=CARTESIAN_POINT('',(-0.00300506648173716,0.00520492782649109,-0.00966666666666667));
#1016=CARTESIAN_POINT('',(-0.00601013296347436,0.00346995188432741,-0.00958333333333333));
#1017=CARTESIAN_POINT('',(-0.00601013296347439,1.17764641538702E-17,-0.0095));
#1018=CARTESIAN_POINT('',(-0.00601013296347441,-0.00346995188432734,-0.00941666666666666));
#1019=CARTESIAN_POINT('',(-0.00300506648173721,-0.00520492782649106,-0.00933333333333333));
#1020=CARTESIAN_POINT('',(-5.0511537506795E-17,-0.00693990376865476,-0.00925));
#1021=CARTESIAN_POINT('',(0.00300506648173717,-0.00520492782649108,-0.00916666666666666));
#1022=CARTESIAN_POINT('',(0.00601013296347435,-0.00346995188432743,-0.00908333333333333));
#1023=CARTESIAN_POINT('',(0.00601013296347439,-3.30075219948292E-17,-0.009));
#1024=CARTESIAN_POINT('',(0.0060101329634744,0.00346995188432736,-0.00891666666666666));
#1025=CARTESIAN_POINT('',(0.00300506648173723,0.00520492782649105,-0.00883333333333333));
#1026=CARTESIAN_POINT('',(2.67059395520035E-17,0.00693990376865476,-0.00875));
#1027=CARTESIAN_POINT('',(-0.00300506648173715,0.00520492782649109,-0.00866666666666667));
#1028=CARTESIAN_POINT('',(-0.00601013296347436,0.00346995188432741,-0.00858333333333333));
#1029=CARTESIAN_POINT('',(-0.00601013296347439,5.59530853545945E-17,-0.0085));
#1030=CARTESIAN_POINT('',(-0.00601013296347441,-0.00346995188432734,-0.00841666666666666));
#1031=CARTESIAN_POINT('',(-0.00300506648173721,-0.00520492782649106,-0.00833333333333333));
#1032=CARTESIAN_POINT('',(-5.22113236941298E-17,-0.00693990376865476,-0.00825));
#1033=CARTESIAN_POINT('',(0.00300506648173717,-0.00520492782649108,-0.00816666666666667));
#1034=CARTESIAN_POINT('',(0.00601013296347435,-0.00346995188432743,-0.00808333333333333));
#1035=CARTESIAN_POINT('',(0.00601013296347439,-3.4479580014063E-17,-0.008));
#1036=CARTESIAN_POINT('',(0.00601013296347442,0.00346995188432732,-0.00791666666666667));
#1037=CARTESIAN_POINT('',(0.00300506648173723,0.00520492782649105,-0.00783333333333333));
#1038=CARTESIAN_POINT('',(2.84057257393382E-17,0.00693990376865476,-0.00775));
#1039=CARTESIAN_POINT('',(-0.00300506648173715,0.0052049278264911,-0.00766666666666667));
#1040=CARTESIAN_POINT('',(-0.00601013296347436,0.00346995188432741,-0.00758333333333333));
#1041=CARTESIAN_POINT('',(-0.00601013296347439,5.74251433738283E-17,-0.0075));
#1042=CARTESIAN_POINT('',(-0.00601013296347441,-0.00346995188432734,-0.00741666666666667));
#1043=CARTESIAN_POINT('',(-0.00300506648173721,-0.00520492782649106,-0.00733333333333333));
#1044=CARTESIAN_POINT('',(-5.39111098814644E-17,-0.00693990376865476,-0.00725));
#1045=CARTESIAN_POINT('',(0.00300506648173717,-0.00520492782649108,-0.00716666666666667));
#1046=CARTESIAN_POINT('',(0.00601013296347437,-0.00346995188432739,-0.00708333333333333));
#1047=CARTESIAN_POINT('',(0.00601013296347439,-7.86562012147873E-17,-0.007));
#1048=CARTESIAN_POINT('',(0.00601013296347442,0.00346995188432732,-0.00691666666666667));
#1049=CARTESIAN_POINT('',(0.00300506648173723,0.00520492782649105,-0.00683333333333333));
#1050=CARTESIAN_POINT('',(3.0105511926673E-17,0.00693990376865476,-0.00675));
#1051=CARTESIAN_POINT('',(-0.00300506648173719,0.00520492782649107,-0.00666666666666666));
#1052=CARTESIAN_POINT('',(-0.00601013296347434,0.00346995188432746,-0.00658333333333333));
#1053=CARTESIAN_POINT('',(-0.00601013296347439,5.88972013930621E-17,-0.0065));
#1054=CARTESIAN_POINT('',(-0.00601013296347441,-0.00346995188432734,-0.00641666666666667));
#1055=CARTESIAN_POINT('',(-0.00300506648173722,-0.00520492782649106,-0.00633333333333333));
#1056=CARTESIAN_POINT('',(-6.29991397188143E-18,-0.00693990376865476,-0.00625));
#1057=CARTESIAN_POINT('',(0.00300506648173713,-0.00520492782649111,-0.00616666666666667));
#1058=CARTESIAN_POINT('',(0.00601013296347435,-0.00346995188432743,-0.00608333333333333));
#1059=CARTESIAN_POINT('',(0.00601013296347439,-3.74236960525306E-17,-0.006));
#1060=CARTESIAN_POINT('',(0.0060101329634744,0.00346995188432736,-0.00591666666666667));
#1061=CARTESIAN_POINT('',(0.00300506648173727,0.00520492782649103,-0.00583333333333333));
#1062=CARTESIAN_POINT('',(8.11162802109256E-17,0.00693990376865476,-0.00574999999999999));
#1063=CARTESIAN_POINT('',(-0.00300506648173715,0.0052049278264911,-0.00566666666666667));
#1064=CARTESIAN_POINT('',(-0.00601013296347436,0.00346995188432742,-0.00558333333333334));
#1065=CARTESIAN_POINT('',(-0.00601013296347439,1.76646962308053E-17,-0.0055));
#1066=CARTESIAN_POINT('',(-0.00601013296347443,-0.00346995188432729,-0.00541666666666667));
#1067=CARTESIAN_POINT('',(-0.00300506648173725,-0.00520492782649104,-0.00533333333333333));
#1068=CARTESIAN_POINT('',(-5.7310682256134E-17,-0.00693990376865476,-0.00524999999999999));
#1069=CARTESIAN_POINT('',(0.00300506648173717,-0.00520492782649109,-0.00516666666666667));
#1070=CARTESIAN_POINT('',(0.00601013296347437,-0.00346995188432739,-0.00508333333333333));
#1071=CARTESIAN_POINT('',(0.00601013296347439,-8.16003172532548E-17,-0.005));
#1072=CARTESIAN_POINT('',(0.00601013296347442,0.00346995188432732,-0.00491666666666666));
#1073=CARTESIAN_POINT('',(0.00300506648173723,0.00520492782649105,-0.00483333333333333));
#1074=CARTESIAN_POINT('',(3.35050843013424E-17,0.00693990376865476,-0.00475));
#1075=CARTESIAN_POINT('',(-0.00300506648173719,0.00520492782649108,-0.00466666666666666));
#1076=CARTESIAN_POINT('',(-0.00601013296347434,0.00346995188432746,-0.00458333333333333));
#1077=CARTESIAN_POINT('',(-0.00601013296347439,6.18413174315296E-17,-0.0045));
#1078=CARTESIAN_POINT('',(-0.00601013296347441,-0.00346995188432734,-0.00441666666666666));
#1079=CARTESIAN_POINT('',(-0.00300506648173722,-0.00520492782649106,-0.00433333333333333));
#1080=CARTESIAN_POINT('',(-1.08321450540387E-16,-0.00693990376865476,-0.00425));
#1081=CARTESIAN_POINT('',(0.00300506648173713,-0.00520492782649111,-0.00416666666666666));
#1082=CARTESIAN_POINT('',(0.00601013296347435,-0.00346995188432744,-0.00408333333333333));
#1083=CARTESIAN_POINT('',(0.00601013296347439,-4.03678120909981E-17,-0.004));
#1084=CARTESIAN_POINT('',(0.0060101329634744,0.00346995188432736,-0.00391666666666666));
#1085=CARTESIAN_POINT('',(0.00300506648173727,0.00520492782649103,-0.00383333333333333));
#1086=CARTESIAN_POINT('',(8.4515852585595E-17,0.00693990376865476,-0.00375));
#1087=CARTESIAN_POINT('',(-0.00300506648173715,0.0052049278264911,-0.00366666666666666));
#1088=CARTESIAN_POINT('',(-0.00601013296347436,0.00346995188432742,-0.00358333333333333));
#1089=CARTESIAN_POINT('',(-0.00601013296347439,2.06088122692729E-17,-0.0035));
#1090=CARTESIAN_POINT('',(-0.00601013296347439,0.,-0.0175));
#1091=CARTESIAN_POINT('',(-0.00650506648173719,0.,-0.01721425));
#1092=CARTESIAN_POINT('',(-0.00687615836725883,-2.69630192214213E-33,-0.017));
#1093=CARTESIAN_POINT('',(-0.00687615836725883,-2.69630192214213E-33,-0.017));
#1094=CARTESIAN_POINT('',(-0.00687615836725882,-0.00396995188432738,-0.0169166666666667));
#1095=CARTESIAN_POINT('',(-0.00343807918362941,-0.00595492782649107,-0.0168333333333333));
#1096=CARTESIAN_POINT('',(8.75622461390649E-21,-0.00793990376865476,-0.01675));
#1097=CARTESIAN_POINT('',(0.00343807918362941,-0.00595492782649107,-0.0166666666666666));
#1098=CARTESIAN_POINT('',(0.00687615836725882,-0.00396995188432738,-0.0165833333333333));
#1099=CARTESIAN_POINT('',(0.00687615836725883,1.51662259137686E-20,-0.0165));
#1100=CARTESIAN_POINT('',(0.00687615836725882,0.00396995188432738,-0.0164166666666667));
#1101=CARTESIAN_POINT('',(0.00343807918362941,0.00595492782649107,-0.0163333333333334));
#1102=CARTESIAN_POINT('',(9.63601548968199E-19,0.00793990376865476,-0.01625));
#1103=CARTESIAN_POINT('',(-0.00343807918362941,0.00595492782649108,-0.0161666666666666));
#1104=CARTESIAN_POINT('',(-0.00687615836725882,0.00396995188432738,-0.0160833333333333));
#1105=CARTESIAN_POINT('',(-0.00687615836725883,1.68417306697876E-18,-0.016));
#1106=CARTESIAN_POINT('',(-0.00687615836725883,-0.00396995188432738,-0.0159166666666667));
#1107=CARTESIAN_POINT('',(-0.00343807918362941,-0.00595492782649107,-0.0158333333333334));
#1108=CARTESIAN_POINT('',(-8.98801050436515E-18,-0.00793990376865476,-0.01575));
#1109=CARTESIAN_POINT('',(0.00343807918362941,-0.00595492782649108,-0.0156666666666666));
#1110=CARTESIAN_POINT('',(0.00687615836725882,-0.00396995188432739,-0.0155833333333333));
#1111=CARTESIAN_POINT('',(0.00687615836725883,-1.66900684106499E-18,-0.0155));
#1112=CARTESIAN_POINT('',(0.00687615836725883,0.00396995188432738,-0.0154166666666667));
#1113=CARTESIAN_POINT('',(0.00343807918362942,0.00595492782649107,-0.0153333333333333));
#1114=CARTESIAN_POINT('',(2.90831709613241E-18,0.00793990376865476,-0.01525));
#1115=CARTESIAN_POINT('',(-0.00343807918362941,0.00595492782649108,-0.0151666666666666));
#1116=CARTESIAN_POINT('',(-0.00687615836725882,0.00396995188432739,-0.0150833333333333));
#1117=CARTESIAN_POINT('',(-0.00687615836725883,3.36834613395752E-18,-0.015));
#1118=CARTESIAN_POINT('',(-0.00687615836725883,-0.00396995188432737,-0.0149166666666667));
#1119=CARTESIAN_POINT('',(-0.00343807918362942,-0.00595492782649107,-0.0148333333333333));
#1120=CARTESIAN_POINT('',(-1.79847772333442E-17,-0.00793990376865476,-0.01475));
#1121=CARTESIAN_POINT('',(0.0034380791836294,-0.00595492782649108,-0.0146666666666667));
#1122=CARTESIAN_POINT('',(0.00687615836725882,-0.00396995188432739,-0.0145833333333333));
#1123=CARTESIAN_POINT('',(0.00687615836725883,-1.55676908525232E-17,-0.0145));
#1124=CARTESIAN_POINT('',(0.00687615836725883,0.00396995188432737,-0.0144166666666667));
#1125=CARTESIAN_POINT('',(0.00343807918362942,0.00595492782649107,-0.0143333333333333));
#1126=CARTESIAN_POINT('',(1.89571350069263E-17,0.00793990376865476,-0.01425));
#1127=CARTESIAN_POINT('',(-0.00343807918362939,0.00595492782649108,-0.0141666666666667));
#1128=CARTESIAN_POINT('',(-0.00687615836725881,0.0039699518843274,-0.0140833333333333));
#1129=CARTESIAN_POINT('',(-0.00687615836725883,5.05251920093628E-18,-0.014));
#1130=CARTESIAN_POINT('',(-0.00687615836725883,-0.00396995188432737,-0.0139166666666667));
#1131=CARTESIAN_POINT('',(-0.00343807918362942,-0.00595492782649107,-0.0138333333333333));
#1132=CARTESIAN_POINT('',(-1.99294927805085E-17,-0.00793990376865476,-0.01375));
#1133=CARTESIAN_POINT('',(0.00343807918362939,-0.00595492782649108,-0.0136666666666667));
#1134=CARTESIAN_POINT('',(0.00687615836725881,-0.0039699518843274,-0.0135833333333333));
#1135=CARTESIAN_POINT('',(0.00687615836725883,-5.03735297502252E-18,-0.0135));
#1136=CARTESIAN_POINT('',(0.00687615836725883,0.00396995188432737,-0.0134166666666667));
#1137=CARTESIAN_POINT('',(0.00343807918362942,0.00595492782649107,-0.0133333333333333));
#1138=CARTESIAN_POINT('',(2.09018505540905E-17,0.00793990376865476,-0.01325));
#1139=CARTESIAN_POINT('',(-0.00343807918362939,0.00595492782649108,-0.0131666666666667));
#1140=CARTESIAN_POINT('',(-0.00687615836725881,0.00396995188432741,-0.0130833333333333));
#1141=CARTESIAN_POINT('',(-0.00687615836725883,6.73669226791505E-18,-0.013));
#1142=CARTESIAN_POINT('',(-0.00687615836725883,-0.00396995188432737,-0.0129166666666667));
#1143=CARTESIAN_POINT('',(-0.00343807918362942,-0.00595492782649106,-0.0128333333333333));
#1144=CARTESIAN_POINT('',(-2.18742083276727E-17,-0.00793990376865476,-0.01275));
#1145=CARTESIAN_POINT('',(0.00343807918362939,-0.00595492782649108,-0.0126666666666667));
#1146=CARTESIAN_POINT('',(0.00687615836725881,-0.00396995188432741,-0.0125833333333333));
#1147=CARTESIAN_POINT('',(0.00687615836725883,-3.11505479309603E-17,-0.0125));
#1148=CARTESIAN_POINT('',(0.00687615836725883,0.00396995188432737,-0.0124166666666667));
#1149=CARTESIAN_POINT('',(0.00343807918362942,0.00595492782649106,-0.0123333333333333));
#1150=CARTESIAN_POINT('',(2.28465661012547E-17,0.00793990376865476,-0.01225));
#1151=CARTESIAN_POINT('',(-0.00343807918362939,0.00595492782649108,-0.0121666666666667));
#1152=CARTESIAN_POINT('',(-0.00687615836725881,0.00396995188432741,-0.0120833333333333));
#1153=CARTESIAN_POINT('',(-0.00687615836725883,3.28498872238527E-17,-0.012));
#1154=CARTESIAN_POINT('',(-0.00687615836725883,-0.00396995188432737,-0.0119166666666667));
#1155=CARTESIAN_POINT('',(-0.00343807918362943,-0.00595492782649106,-0.0118333333333333));
#1156=CARTESIAN_POINT('',(-5.20271286020963E-17,-0.00793990376865476,-0.01175));
#1157=CARTESIAN_POINT('',(0.00343807918362939,-0.00595492782649108,-0.0116666666666667));
#1158=CARTESIAN_POINT('',(0.00687615836725882,-0.00396995188432739,-0.0115833333333333));
#1159=CARTESIAN_POINT('',(0.00687615836725883,-3.2834720997939E-17,-0.0115));
#1160=CARTESIAN_POINT('',(0.00687615836725883,0.00396995188432737,-0.0114166666666667));
#1161=CARTESIAN_POINT('',(0.00343807918362945,0.00595492782649105,-0.0113333333333333));
#1162=CARTESIAN_POINT('',(2.4791281648419E-17,0.00793990376865476,-0.01125));
#1163=CARTESIAN_POINT('',(-0.00343807918362937,0.0059549278264911,-0.0111666666666667));
#1164=CARTESIAN_POINT('',(-0.00687615836725881,0.00396995188432741,-0.0110833333333333));
#1165=CARTESIAN_POINT('',(-0.00687615836725883,1.01050384018726E-17,-0.011));
#1166=CARTESIAN_POINT('',(-0.00687615836725885,-0.00396995188432734,-0.0109166666666667));
#1167=CARTESIAN_POINT('',(-0.00343807918362943,-0.00595492782649106,-0.0108333333333333));
#1168=CARTESIAN_POINT('',(-5.39718441492605E-17,-0.00793990376865476,-0.01075));
#1169=CARTESIAN_POINT('',(0.00343807918362939,-0.00595492782649108,-0.0106666666666667));
#1170=CARTESIAN_POINT('',(0.00687615836725882,-0.00396995188432739,-0.0105833333333333));
#1171=CARTESIAN_POINT('',(0.00687615836725883,-3.45188940649177E-17,-0.0105));
#1172=CARTESIAN_POINT('',(0.00687615836725883,0.00396995188432736,-0.0104166666666667));
#1173=CARTESIAN_POINT('',(0.00343807918362945,0.00595492782649105,-0.0103333333333333));
#1174=CARTESIAN_POINT('',(2.67359971955832E-17,0.00793990376865476,-0.01025));
#1175=CARTESIAN_POINT('',(-0.00343807918362937,0.0059549278264911,-0.0101666666666667));
#1176=CARTESIAN_POINT('',(-0.00687615836725881,0.00396995188432741,-0.0100833333333333));
#1177=CARTESIAN_POINT('',(-0.00687615836725883,1.17892114688513E-17,-0.01));
#1178=CARTESIAN_POINT('',(-0.00687615836725885,-0.00396995188432734,-0.00991666666666666));
#1179=CARTESIAN_POINT('',(-0.00343807918362943,-0.00595492782649106,-0.00983333333333333));
#1180=CARTESIAN_POINT('',(-5.59165596964247E-17,-0.00793990376865476,-0.00975));
#1181=CARTESIAN_POINT('',(0.00343807918362939,-0.00595492782649109,-0.00966666666666667));
#1182=CARTESIAN_POINT('',(0.00687615836725879,-0.00396995188432744,-0.00958333333333333));
#1183=CARTESIAN_POINT('',(0.00687615836725883,-3.62030671318965E-17,-0.0095));
#1184=CARTESIAN_POINT('',(0.00687615836725883,0.00396995188432736,-0.00941666666666666));
#1185=CARTESIAN_POINT('',(0.00343807918362945,0.00595492782649105,-0.00933333333333334));
#1186=CARTESIAN_POINT('',(2.86807127427474E-17,0.00793990376865476,-0.00925));
#1187=CARTESIAN_POINT('',(-0.00343807918362937,0.0059549278264911,-0.00916666666666667));
#1188=CARTESIAN_POINT('',(-0.0068761583672588,0.00396995188432742,-0.00908333333333333));
#1189=CARTESIAN_POINT('',(-0.00687615836725883,1.34733845358301E-17,-0.009));
#1190=CARTESIAN_POINT('',(-0.00687615836725885,-0.00396995188432734,-0.00891666666666667));
#1191=CARTESIAN_POINT('',(-0.00343807918362943,-0.00595492782649106,-0.00883333333333334));
#1192=CARTESIAN_POINT('',(-5.7861275243589E-17,-0.00793990376865476,-0.00875));
#1193=CARTESIAN_POINT('',(0.00343807918362939,-0.00595492782649109,-0.00866666666666667));
#1194=CARTESIAN_POINT('',(0.00687615836725879,-0.00396995188432744,-0.00858333333333333));
#1195=CARTESIAN_POINT('',(0.00687615836725883,-3.78872401988753E-17,-0.0085));
#1196=CARTESIAN_POINT('',(0.00687615836725883,0.00396995188432736,-0.00841666666666667));
#1197=CARTESIAN_POINT('',(0.00343807918362945,0.00595492782649105,-0.00833333333333334));
#1198=CARTESIAN_POINT('',(3.06254282899116E-17,0.00793990376865476,-0.00825));
#1199=CARTESIAN_POINT('',(-0.00343807918362936,0.0059549278264911,-0.00816666666666667));
#1200=CARTESIAN_POINT('',(-0.0068761583672588,0.00396995188432742,-0.00808333333333333));
#1201=CARTESIAN_POINT('',(-0.00687615836725883,6.40156013807268E-17,-0.008));
#1202=CARTESIAN_POINT('',(-0.00687615836725885,-0.00396995188432734,-0.00791666666666667));
#1203=CARTESIAN_POINT('',(-0.00343807918362943,-0.00595492782649106,-0.00783333333333334));
#1204=CARTESIAN_POINT('',(-5.98059907907531E-17,-0.00793990376865476,-0.00775));
#1205=CARTESIAN_POINT('',(0.00343807918362938,-0.00595492782649109,-0.00766666666666667));
#1206=CARTESIAN_POINT('',(0.00687615836725879,-0.00396995188432744,-0.00758333333333333));
#1207=CARTESIAN_POINT('',(0.00687615836725883,-3.9571413265854E-17,-0.0075));
#1208=CARTESIAN_POINT('',(0.00687615836725887,0.00396995188432731,-0.00741666666666667));
#1209=CARTESIAN_POINT('',(0.00343807918362945,0.00595492782649105,-0.00733333333333333));
#1210=CARTESIAN_POINT('',(3.25701438370758E-17,0.00793990376865476,-0.00725));
#1211=CARTESIAN_POINT('',(-0.00343807918362936,0.0059549278264911,-0.00716666666666667));
#1212=CARTESIAN_POINT('',(-0.0068761583672588,0.00396995188432742,-0.00708333333333334));
#1213=CARTESIAN_POINT('',(-0.00687615836725883,6.56997744477055E-17,-0.007));
#1214=CARTESIAN_POINT('',(-0.00687615836725886,-0.00396995188432734,-0.00691666666666667));
#1215=CARTESIAN_POINT('',(-0.00343807918362943,-0.00595492782649106,-0.00683333333333334));
#1216=CARTESIAN_POINT('',(-6.17507063379174E-17,-0.00793990376865476,-0.00675));
#1217=CARTESIAN_POINT('',(0.00343807918362938,-0.00595492782649109,-0.00666666666666667));
#1218=CARTESIAN_POINT('',(0.00687615836725882,-0.00396995188432739,-0.00658333333333334));
#1219=CARTESIAN_POINT('',(0.00687615836725883,-9.01136301107507E-17,-0.0065));
#1220=CARTESIAN_POINT('',(0.00687615836725887,0.00396995188432731,-0.00641666666666667));
#1221=CARTESIAN_POINT('',(0.00343807918362945,0.00595492782649105,-0.00633333333333334));
#1222=CARTESIAN_POINT('',(3.451485938424E-17,0.00793990376865476,-0.00625));
#1223=CARTESIAN_POINT('',(-0.0034380791836294,0.00595492782649108,-0.00616666666666667));
#1224=CARTESIAN_POINT('',(-0.00687615836725878,0.00396995188432747,-0.00608333333333334));
#1225=CARTESIAN_POINT('',(-0.00687615836725883,6.73839475146843E-17,-0.006));
#1226=CARTESIAN_POINT('',(-0.00687615836725886,-0.00396995188432734,-0.00591666666666667));
#1227=CARTESIAN_POINT('',(-0.00343807918362943,-0.00595492782649106,-0.00583333333333333));
#1228=CARTESIAN_POINT('',(-7.27901243056271E-18,-0.00793990376865476,-0.00574999999999999));
#1229=CARTESIAN_POINT('',(0.00343807918362934,-0.00595492782649111,-0.00566666666666667));
#1230=CARTESIAN_POINT('',(0.00687615836725879,-0.00396995188432744,-0.00558333333333334));
#1231=CARTESIAN_POINT('',(0.00687615836725883,-4.29397593998115E-17,-0.0055));
#1232=CARTESIAN_POINT('',(0.00687615836725883,0.00396995188432736,-0.00541666666666667));
#1233=CARTESIAN_POINT('',(0.0034380791836295,0.00595492782649102,-0.00533333333333334));
#1234=CARTESIAN_POINT('',(9.28759843859231E-17,0.00793990376865476,-0.00524999999999999));
#1235=CARTESIAN_POINT('',(-0.00343807918362936,0.0059549278264911,-0.00516666666666667));
#1236=CARTESIAN_POINT('',(-0.0068761583672588,0.00396995188432742,-0.00508333333333334));
#1237=CARTESIAN_POINT('',(-0.00687615836725883,2.02100768037452E-17,-0.005));
#1238=CARTESIAN_POINT('',(-0.00687615836725888,-0.00396995188432728,-0.00491666666666666));
#1239=CARTESIAN_POINT('',(-0.00343807918362948,-0.00595492782649103,-0.00483333333333334));
#1240=CARTESIAN_POINT('',(-6.56401374322458E-17,-0.00793990376865476,-0.00475));
#1241=CARTESIAN_POINT('',(0.00343807918362938,-0.00595492782649109,-0.00466666666666667));
#1242=CARTESIAN_POINT('',(0.00687615836725881,-0.0039699518843274,-0.00458333333333334));
#1243=CARTESIAN_POINT('',(0.00687615836725883,-9.34819762447083E-17,-0.0045));
#1244=CARTESIAN_POINT('',(0.00687615836725887,0.00396995188432731,-0.00441666666666666));
#1245=CARTESIAN_POINT('',(0.00343807918362946,0.00595492782649105,-0.00433333333333334));
#1246=CARTESIAN_POINT('',(3.84042904785684E-17,0.00793990376865476,-0.00425));
#1247=CARTESIAN_POINT('',(-0.0034380791836294,0.00595492782649108,-0.00416666666666667));
#1248=CARTESIAN_POINT('',(-0.00687615836725878,0.00396995188432747,-0.00408333333333333));
#1249=CARTESIAN_POINT('',(-0.00687615836725883,7.07522936486418E-17,-0.004));
#1250=CARTESIAN_POINT('',(-0.00687615836725886,-0.00396995188432733,-0.00391666666666667));
#1251=CARTESIAN_POINT('',(-0.00343807918362944,-0.00595492782649106,-0.00383333333333333));
#1252=CARTESIAN_POINT('',(-1.24001262433929E-16,-0.00793990376865476,-0.00375));
#1253=CARTESIAN_POINT('',(0.00343807918362934,-0.00595492782649112,-0.00366666666666667));
#1254=CARTESIAN_POINT('',(0.00687615836725879,-0.00396995188432744,-0.00358333333333333));
#1255=CARTESIAN_POINT('',(0.00687615836725883,-4.63081055337691E-17,-0.0035));
#1256=CARTESIAN_POINT('',(0.00687615836725885,0.00396995188432735,-0.00341666666666667));
#1257=CARTESIAN_POINT('',(0.0034380791836295,0.00595492782649102,-0.00333333333333333));
#1258=CARTESIAN_POINT('',(9.67654154802515E-17,0.00793990376865476,-0.00325));
#1259=CARTESIAN_POINT('',(-0.00343807918362936,0.0059549278264911,-0.00316666666666667));
#1260=CARTESIAN_POINT('',(-0.0068761583672588,0.00396995188432742,-0.00308333333333333));
#1261=CARTESIAN_POINT('',(-0.00687615836725883,2.35784229377027E-17,-0.003));
#1262=CARTESIAN_POINT('',(-0.00687615836725883,0.,-0.018));
#1263=CARTESIAN_POINT('',(-0.00687615836725882,-0.00396995188432738,-0.0179166666666667));
#1264=CARTESIAN_POINT('',(-0.00343807918362941,-0.00595492782649107,-0.0178333333333334));
#1265=CARTESIAN_POINT('',(8.75622461390341E-21,-0.00793990376865476,-0.01775));
#1266=CARTESIAN_POINT('',(0.00343807918362941,-0.00595492782649107,-0.0176666666666666));
#1267=CARTESIAN_POINT('',(0.00687615836725882,-0.00396995188432738,-0.0175833333333334));
#1268=CARTESIAN_POINT('',(0.00687615836725883,1.51662259137659E-20,-0.0175));
#1269=CARTESIAN_POINT('',(0.00687615836725882,0.00396995188432738,-0.0174166666666666));
#1270=CARTESIAN_POINT('',(0.00343807918362941,0.00595492782649107,-0.0173333333333333));
#1271=CARTESIAN_POINT('',(9.63601548968202E-19,0.00793990376865476,-0.01725));
#1272=CARTESIAN_POINT('',(-0.00343807918362941,0.00595492782649108,-0.0171666666666666));
#1273=CARTESIAN_POINT('',(-0.00687615836725882,0.00396995188432738,-0.0170833333333333));
#1274=CARTESIAN_POINT('',(-0.00687615836725883,0.,-0.017));
#1275=CARTESIAN_POINT('',(-0.00687615836725882,-0.00396995188432738,-0.0169166666666667));
#1276=CARTESIAN_POINT('',(-0.00343807918362941,-0.00595492782649107,-0.0168333333333333));
#1277=CARTESIAN_POINT('',(8.75622461390341E-21,-0.00793990376865476,-0.01675));
#1278=CARTESIAN_POINT('',(0.00343807918362941,-0.00595492782649107,-0.0166666666666666));
#1279=CARTESIAN_POINT('',(0.00687615836725882,-0.00396995188432738,-0.0165833333333333));
#1280=CARTESIAN_POINT('',(0.00687615836725883,1.51662259137659E-20,-0.0165));
#1281=CARTESIAN_POINT('',(0.00687615836725882,0.00396995188432738,-0.0164166666666667));
#1282=CARTESIAN_POINT('',(0.00343807918362941,0.00595492782649107,-0.0163333333333334));
#1283=CARTESIAN_POINT('',(9.63601548968202E-19,0.00793990376865476,-0.01625));
#1284=CARTESIAN_POINT('',(-0.00343807918362941,0.00595492782649108,-0.0161666666666666));
#1285=CARTESIAN_POINT('',(-0.00687615836725882,0.00396995188432738,-0.0160833333333333));
#1286=CARTESIAN_POINT('',(-0.00687615836725883,0.,-0.016));
#1287=CARTESIAN_POINT('',(-0.00687615836725882,-0.00396995188432738,-0.0159166666666667));
#1288=CARTESIAN_POINT('',(-0.00343807918362941,-0.00595492782649107,-0.0158333333333334));
#1289=CARTESIAN_POINT('',(8.75622461390341E-21,-0.00793990376865476,-0.01575));
#1290=CARTESIAN_POINT('',(0.00343807918362941,-0.00595492782649107,-0.0156666666666666));
#1291=CARTESIAN_POINT('',(0.00687615836725882,-0.00396995188432738,-0.0155833333333333));
#1292=CARTESIAN_POINT('',(0.00687615836725883,1.51662259137659E-20,-0.0155));
#1293=CARTESIAN_POINT('',(0.00687615836725882,0.00396995188432738,-0.0154166666666667));
#1294=CARTESIAN_POINT('',(0.00343807918362941,0.00595492782649107,-0.0153333333333333));
#1295=CARTESIAN_POINT('',(9.63601548968202E-19,0.00793990376865476,-0.01525));
#1296=CARTESIAN_POINT('',(-0.00343807918362941,0.00595492782649108,-0.0151666666666666));
#1297=CARTESIAN_POINT('',(-0.00687615836725882,0.00396995188432738,-0.0150833333333333));
#1298=CARTESIAN_POINT('',(-0.00687615836725883,0.,-0.015));
#1299=CARTESIAN_POINT('',(-0.00687615836725882,-0.00396995188432738,-0.0149166666666667));
#1300=CARTESIAN_POINT('',(-0.00343807918362941,-0.00595492782649107,-0.0148333333333333));
#1301=CARTESIAN_POINT('',(8.75622461390341E-21,-0.00793990376865476,-0.01475));
#1302=CARTESIAN_POINT('',(0.00343807918362941,-0.00595492782649107,-0.0146666666666667));
#1303=CARTESIAN_POINT('',(0.00687615836725882,-0.00396995188432738,-0.0145833333333333));
#1304=CARTESIAN_POINT('',(0.00687615836725883,1.51662259137659E-20,-0.0145));
#1305=CARTESIAN_POINT('',(0.00687615836725882,0.00396995188432738,-0.0144166666666667));
#1306=CARTESIAN_POINT('',(0.00343807918362941,0.00595492782649107,-0.0143333333333333));
#1307=CARTESIAN_POINT('',(9.63601548968202E-19,0.00793990376865476,-0.01425));
#1308=CARTESIAN_POINT('',(-0.00343807918362941,0.00595492782649108,-0.0141666666666667));
#1309=CARTESIAN_POINT('',(-0.00687615836725882,0.00396995188432738,-0.0140833333333333));
#1310=CARTESIAN_POINT('',(-0.00687615836725883,0.,-0.014));
#1311=CARTESIAN_POINT('',(-0.00687615836725882,-0.00396995188432738,-0.0139166666666667));
#1312=CARTESIAN_POINT('',(-0.00343807918362941,-0.00595492782649107,-0.0138333333333333));
#1313=CARTESIAN_POINT('',(8.75622461390341E-21,-0.00793990376865476,-0.01375));
#1314=CARTESIAN_POINT('',(0.00343807918362941,-0.00595492782649107,-0.0136666666666667));
#1315=CARTESIAN_POINT('',(0.00687615836725882,-0.00396995188432738,-0.0135833333333333));
#1316=CARTESIAN_POINT('',(0.00687615836725883,1.51662259137659E-20,-0.0135));
#1317=CARTESIAN_POINT('',(0.00687615836725882,0.00396995188432738,-0.0134166666666667));
#1318=CARTESIAN_POINT('',(0.00343807918362941,0.00595492782649107,-0.0133333333333333));
#1319=CARTESIAN_POINT('',(9.63601548968202E-19,0.00793990376865476,-0.01325));
#1320=CARTESIAN_POINT('',(-0.00343807918362941,0.00595492782649108,-0.0131666666666667));
#1321=CARTESIAN_POINT('',(-0.00687615836725882,0.00396995188432738,-0.0130833333333333));
#1322=CARTESIAN_POINT('',(-0.00687615836725883,0.,-0.013));
#1323=CARTESIAN_POINT('',(-0.00687615836725882,-0.00396995188432738,-0.0129166666666667));
#1324=CARTESIAN_POINT('',(-0.00343807918362941,-0.00595492782649107,-0.0128333333333333));
#1325=CARTESIAN_POINT('',(8.75622461390341E-21,-0.00793990376865476,-0.01275));
#1326=CARTESIAN_POINT('',(0.00343807918362941,-0.00595492782649107,-0.0126666666666667));
#1327=CARTESIAN_POINT('',(0.00687615836725882,-0.00396995188432738,-0.0125833333333333));
#1328=CARTESIAN_POINT('',(0.00687615836725883,1.51662259137659E-20,-0.0125));
#1329=CARTESIAN_POINT('',(0.00687615836725882,0.00396995188432738,-0.0124166666666667));
#1330=CARTESIAN_POINT('',(0.00343807918362941,0.00595492782649107,-0.0123333333333333));
#1331=CARTESIAN_POINT('',(9.63601548968202E-19,0.00793990376865476,-0.01225));
#1332=CARTESIAN_POINT('',(-0.00343807918362941,0.00595492782649108,-0.0121666666666667));
#1333=CARTESIAN_POINT('',(-0.00687615836725882,0.00396995188432738,-0.0120833333333333));
#1334=CARTESIAN_POINT('',(-0.00687615836725883,0.,-0.012));
#1335=CARTESIAN_POINT('',(-0.00687615836725882,-0.00396995188432738,-0.0119166666666667));
#1336=CARTESIAN_POINT('',(-0.00343807918362941,-0.00595492782649107,-0.0118333333333333));
#1337=CARTESIAN_POINT('',(8.75622461390341E-21,-0.00793990376865476,-0.01175));
#1338=CARTESIAN_POINT('',(0.00343807918362941,-0.00595492782649107,-0.0116666666666667));
#1339=CARTESIAN_POINT('',(0.00687615836725882,-0.00396995188432738,-0.0115833333333333));
#1340=CARTESIAN_POINT('',(0.00687615836725883,1.51662259137659E-20,-0.0115));
#1341=CARTESIAN_POINT('',(0.00687615836725882,0.00396995188432738,-0.0114166666666667));
#1342=CARTESIAN_POINT('',(0.00343807918362941,0.00595492782649107,-0.0113333333333333));
#1343=CARTESIAN_POINT('',(9.63601548968202E-19,0.00793990376865476,-0.01125));
#1344=CARTESIAN_POINT('',(-0.00343807918362941,0.00595492782649108,-0.0111666666666667));
#1345=CARTESIAN_POINT('',(-0.00687615836725882,0.00396995188432738,-0.0110833333333333));
#1346=CARTESIAN_POINT('',(-0.00687615836725883,0.,-0.011));
#1347=CARTESIAN_POINT('',(-0.00687615836725882,-0.00396995188432738,-0.0109166666666667));
#1348=CARTESIAN_POINT('',(-0.00343807918362941,-0.00595492782649107,-0.0108333333333333));
#1349=CARTESIAN_POINT('',(8.75622461390341E-21,-0.00793990376865476,-0.01075));
#1350=CARTESIAN_POINT('',(0.00343807918362941,-0.00595492782649107,-0.0106666666666667));
#1351=CARTESIAN_POINT('',(0.00687615836725882,-0.00396995188432738,-0.0105833333333333));
#1352=CARTESIAN_POINT('',(0.00687615836725883,1.51662259137659E-20,-0.0105));
#1353=CARTESIAN_POINT('',(0.00687615836725882,0.00396995188432738,-0.0104166666666667));
#1354=CARTESIAN_POINT('',(0.00343807918362941,0.00595492782649107,-0.0103333333333333));
#1355=CARTESIAN_POINT('',(9.63601548968202E-19,0.00793990376865476,-0.01025));
#1356=CARTESIAN_POINT('',(-0.00343807918362941,0.00595492782649108,-0.0101666666666667));
#1357=CARTESIAN_POINT('',(-0.00687615836725882,0.00396995188432738,-0.0100833333333333));
#1358=CARTESIAN_POINT('',(-0.00687615836725883,0.,-0.01));
#1359=CARTESIAN_POINT('',(-0.00687615836725882,-0.00396995188432738,-0.00991666666666666));
#1360=CARTESIAN_POINT('',(-0.00343807918362941,-0.00595492782649107,-0.00983333333333333));
#1361=CARTESIAN_POINT('',(8.75622461390341E-21,-0.00793990376865476,-0.00975));
#1362=CARTESIAN_POINT('',(0.00343807918362941,-0.00595492782649107,-0.00966666666666667));
#1363=CARTESIAN_POINT('',(0.00687615836725882,-0.00396995188432738,-0.00958333333333333));
#1364=CARTESIAN_POINT('',(0.00687615836725883,1.51662259137659E-20,-0.0095));
#1365=CARTESIAN_POINT('',(0.00687615836725882,0.00396995188432738,-0.00941666666666666));
#1366=CARTESIAN_POINT('',(0.00343807918362941,0.00595492782649107,-0.00933333333333333));
#1367=CARTESIAN_POINT('',(9.63601548968202E-19,0.00793990376865476,-0.00925));
#1368=CARTESIAN_POINT('',(-0.00343807918362941,0.00595492782649108,-0.00916666666666666));
#1369=CARTESIAN_POINT('',(-0.00687615836725882,0.00396995188432738,-0.00908333333333333));
#1370=CARTESIAN_POINT('',(-0.00687615836725883,0.,-0.009));
#1371=CARTESIAN_POINT('',(-0.00687615836725882,-0.00396995188432738,-0.00891666666666666));
#1372=CARTESIAN_POINT('',(-0.00343807918362941,-0.00595492782649107,-0.00883333333333333));
#1373=CARTESIAN_POINT('',(8.75622461390341E-21,-0.00793990376865476,-0.00875));
#1374=CARTESIAN_POINT('',(0.00343807918362941,-0.00595492782649107,-0.00866666666666667));
#1375=CARTESIAN_POINT('',(0.00687615836725882,-0.00396995188432738,-0.00858333333333333));
#1376=CARTESIAN_POINT('',(0.00687615836725883,1.51662259137659E-20,-0.0085));
#1377=CARTESIAN_POINT('',(0.00687615836725882,0.00396995188432738,-0.00841666666666667));
#1378=CARTESIAN_POINT('',(0.00343807918362941,0.00595492782649107,-0.00833333333333333));
#1379=CARTESIAN_POINT('',(9.63601548968202E-19,0.00793990376865476,-0.00825));
#1380=CARTESIAN_POINT('',(-0.00343807918362941,0.00595492782649108,-0.00816666666666667));
#1381=CARTESIAN_POINT('',(-0.00687615836725882,0.00396995188432738,-0.00808333333333333));
#1382=CARTESIAN_POINT('',(-0.00687615836725883,0.,-0.008));
#1383=CARTESIAN_POINT('',(-0.00687615836725882,-0.00396995188432738,-0.00791666666666667));
#1384=CARTESIAN_POINT('',(-0.00343807918362941,-0.00595492782649107,-0.00783333333333333));
#1385=CARTESIAN_POINT('',(8.75622461390341E-21,-0.00793990376865476,-0.00775));
#1386=CARTESIAN_POINT('',(0.00343807918362941,-0.00595492782649107,-0.00766666666666667));
#1387=CARTESIAN_POINT('',(0.00687615836725882,-0.00396995188432738,-0.00758333333333333));
#1388=CARTESIAN_POINT('',(0.00687615836725883,1.51662259137659E-20,-0.0075));
#1389=CARTESIAN_POINT('',(0.00687615836725882,0.00396995188432738,-0.00741666666666667));
#1390=CARTESIAN_POINT('',(0.00343807918362941,0.00595492782649107,-0.00733333333333333));
#1391=CARTESIAN_POINT('',(9.63601548968202E-19,0.00793990376865476,-0.00725));
#1392=CARTESIAN_POINT('',(-0.00343807918362941,0.00595492782649108,-0.00716666666666667));
#1393=CARTESIAN_POINT('',(-0.00687615836725882,0.00396995188432738,-0.00708333333333333));
#1394=CARTESIAN_POINT('',(-0.00687615836725883,0.,-0.007));
#1395=CARTESIAN_POINT('',(-0.00687615836725882,-0.00396995188432738,-0.00691666666666667));
#1396=CARTESIAN_POINT('',(-0.00343807918362941,-0.00595492782649107,-0.00683333333333333));
#1397=CARTESIAN_POINT('',(8.75622461390341E-21,-0.00793990376865476,-0.00675));
#1398=CARTESIAN_POINT('',(0.00343807918362941,-0.00595492782649107,-0.00666666666666667));
#1399=CARTESIAN_POINT('',(0.00687615836725882,-0.00396995188432738,-0.00658333333333333));
#1400=CARTESIAN_POINT('',(0.00687615836725883,1.51662259137659E-20,-0.0065));
#1401=CARTESIAN_POINT('',(0.00687615836725882,0.00396995188432738,-0.00641666666666667));
#1402=CARTESIAN_POINT('',(0.00343807918362941,0.00595492782649107,-0.00633333333333333));
#1403=CARTESIAN_POINT('',(9.63601548968202E-19,0.00793990376865476,-0.00625));
#1404=CARTESIAN_POINT('',(-0.00343807918362941,0.00595492782649108,-0.00616666666666667));
#1405=CARTESIAN_POINT('',(-0.00687615836725882,0.00396995188432738,-0.00608333333333334));
#1406=CARTESIAN_POINT('',(-0.00687615836725883,0.,-0.006));
#1407=CARTESIAN_POINT('',(-0.00687615836725882,-0.00396995188432738,-0.00591666666666667));
#1408=CARTESIAN_POINT('',(-0.00343807918362941,-0.00595492782649107,-0.00583333333333333));
#1409=CARTESIAN_POINT('',(8.75622461390341E-21,-0.00793990376865476,-0.00574999999999999));
#1410=CARTESIAN_POINT('',(0.00343807918362941,-0.00595492782649107,-0.00566666666666667));
#1411=CARTESIAN_POINT('',(0.00687615836725882,-0.00396995188432738,-0.00558333333333334));
#1412=CARTESIAN_POINT('',(0.00687615836725883,1.51662259137659E-20,-0.0055));
#1413=CARTESIAN_POINT('',(0.00687615836725882,0.00396995188432738,-0.00541666666666667));
#1414=CARTESIAN_POINT('',(0.00343807918362941,0.00595492782649107,-0.00533333333333333));
#1415=CARTESIAN_POINT('',(9.63601548968202E-19,0.00793990376865476,-0.00524999999999999));
#1416=CARTESIAN_POINT('',(-0.00343807918362941,0.00595492782649108,-0.00516666666666667));
#1417=CARTESIAN_POINT('',(-0.00687615836725882,0.00396995188432738,-0.00508333333333333));
#1418=CARTESIAN_POINT('',(-0.00687615836725883,0.,-0.005));
#1419=CARTESIAN_POINT('',(-0.00687615836725882,-0.00396995188432738,-0.00491666666666666));
#1420=CARTESIAN_POINT('',(-0.00343807918362941,-0.00595492782649107,-0.00483333333333333));
#1421=CARTESIAN_POINT('',(8.75622461390341E-21,-0.00793990376865476,-0.00475));
#1422=CARTESIAN_POINT('',(0.00343807918362941,-0.00595492782649107,-0.00466666666666667));
#1423=CARTESIAN_POINT('',(0.00687615836725882,-0.00396995188432738,-0.00458333333333333));
#1424=CARTESIAN_POINT('',(0.00687615836725883,1.51662259137659E-20,-0.0045));
#1425=CARTESIAN_POINT('',(-0.00601013296347439,0.,-0.0175));
#1426=CARTESIAN_POINT('',(-0.00601013296347438,-0.00346995188432738,-0.0174166666666666));
#1427=CARTESIAN_POINT('',(-0.0030050664817372,-0.00520492782649107,-0.0173333333333333));
#1428=CARTESIAN_POINT('',(6.99885645712712E-20,-0.00693990376865476,-0.01725));
#1429=CARTESIAN_POINT('',(0.0030050664817372,-0.00520492782649107,-0.0171666666666666));
#1430=CARTESIAN_POINT('',(0.00601013296347438,-0.00346995188432738,-0.0170833333333333));
#1431=CARTESIAN_POINT('',(0.00601013296347439,1.21223749786257E-19,-0.017));
#1432=CARTESIAN_POINT('',(0.00601013296347438,0.00346995188432738,-0.0169166666666666));
#1433=CARTESIAN_POINT('',(0.0030050664817372,0.00520492782649107,-0.0168333333333333));
#1434=CARTESIAN_POINT('',(7.79904529096099E-19,0.00693990376865476,-0.01675));
#1435=CARTESIAN_POINT('',(-0.00300506648173719,0.00520492782649107,-0.0166666666666666));
#1436=CARTESIAN_POINT('',(-0.00601013296347438,0.00346995188432738,-0.0165833333333333));
#1437=CARTESIAN_POINT('',(-0.00601013296347439,0.,-0.0165));
#1438=CARTESIAN_POINT('',(-0.00601013296347438,-0.00346995188432738,-0.0164166666666667));
#1439=CARTESIAN_POINT('',(-0.0030050664817372,-0.00520492782649107,-0.0163333333333334));
#1440=CARTESIAN_POINT('',(6.99885645712712E-20,-0.00693990376865476,-0.01625));
#1441=CARTESIAN_POINT('',(0.0030050664817372,-0.00520492782649107,-0.0161666666666666));
#1442=CARTESIAN_POINT('',(0.00601013296347438,-0.00346995188432738,-0.0160833333333333));
#1443=CARTESIAN_POINT('',(0.00601013296347439,1.21223749786257E-19,-0.016));
#1444=CARTESIAN_POINT('',(0.00601013296347438,0.00346995188432738,-0.0159166666666667));
#1445=CARTESIAN_POINT('',(0.0030050664817372,0.00520492782649107,-0.0158333333333334));
#1446=CARTESIAN_POINT('',(7.79904529096099E-19,0.00693990376865476,-0.01575));
#1447=CARTESIAN_POINT('',(-0.00300506648173719,0.00520492782649107,-0.0156666666666666));
#1448=CARTESIAN_POINT('',(-0.00601013296347438,0.00346995188432738,-0.0155833333333333));
#1449=CARTESIAN_POINT('',(-0.00601013296347439,0.,-0.0155));
#1450=CARTESIAN_POINT('',(-0.00601013296347438,-0.00346995188432738,-0.0154166666666667));
#1451=CARTESIAN_POINT('',(-0.0030050664817372,-0.00520492782649107,-0.0153333333333333));
#1452=CARTESIAN_POINT('',(6.99885645712712E-20,-0.00693990376865476,-0.01525));
#1453=CARTESIAN_POINT('',(0.0030050664817372,-0.00520492782649107,-0.0151666666666666));
#1454=CARTESIAN_POINT('',(0.00601013296347438,-0.00346995188432738,-0.0150833333333333));
#1455=CARTESIAN_POINT('',(0.00601013296347439,1.21223749786257E-19,-0.015));
#1456=CARTESIAN_POINT('',(0.00601013296347438,0.00346995188432738,-0.0149166666666667));
#1457=CARTESIAN_POINT('',(0.0030050664817372,0.00520492782649107,-0.0148333333333333));
#1458=CARTESIAN_POINT('',(7.79904529096099E-19,0.00693990376865476,-0.01475));
#1459=CARTESIAN_POINT('',(-0.00300506648173719,0.00520492782649107,-0.0146666666666667));
#1460=CARTESIAN_POINT('',(-0.00601013296347438,0.00346995188432738,-0.0145833333333333));
#1461=CARTESIAN_POINT('',(-0.00601013296347439,0.,-0.0145));
#1462=CARTESIAN_POINT('',(-0.00601013296347438,-0.00346995188432738,-0.0144166666666667));
#1463=CARTESIAN_POINT('',(-0.0030050664817372,-0.00520492782649107,-0.0143333333333333));
#1464=CARTESIAN_POINT('',(6.99885645712712E-20,-0.00693990376865476,-0.01425));
#1465=CARTESIAN_POINT('',(0.0030050664817372,-0.00520492782649107,-0.0141666666666667));
#1466=CARTESIAN_POINT('',(0.00601013296347438,-0.00346995188432738,-0.0140833333333333));
#1467=CARTESIAN_POINT('',(0.00601013296347439,1.21223749786257E-19,-0.014));
#1468=CARTESIAN_POINT('',(0.00601013296347438,0.00346995188432738,-0.0139166666666667));
#1469=CARTESIAN_POINT('',(0.0030050664817372,0.00520492782649107,-0.0138333333333333));
#1470=CARTESIAN_POINT('',(7.79904529096099E-19,0.00693990376865476,-0.01375));
#1471=CARTESIAN_POINT('',(-0.00300506648173719,0.00520492782649107,-0.0136666666666667));
#1472=CARTESIAN_POINT('',(-0.00601013296347438,0.00346995188432738,-0.0135833333333333));
#1473=CARTESIAN_POINT('',(-0.00601013296347439,0.,-0.0135));
#1474=CARTESIAN_POINT('',(-0.00601013296347438,-0.00346995188432738,-0.0134166666666667));
#1475=CARTESIAN_POINT('',(-0.0030050664817372,-0.00520492782649107,-0.0133333333333333));
#1476=CARTESIAN_POINT('',(6.99885645712712E-20,-0.00693990376865476,-0.01325));
#1477=CARTESIAN_POINT('',(0.0030050664817372,-0.00520492782649107,-0.0131666666666667));
#1478=CARTESIAN_POINT('',(0.00601013296347438,-0.00346995188432738,-0.0130833333333333));
#1479=CARTESIAN_POINT('',(0.00601013296347439,1.21223749786257E-19,-0.013));
#1480=CARTESIAN_POINT('',(0.00601013296347438,0.00346995188432738,-0.0129166666666667));
#1481=CARTESIAN_POINT('',(0.0030050664817372,0.00520492782649107,-0.0128333333333333));
#1482=CARTESIAN_POINT('',(7.79904529096099E-19,0.00693990376865476,-0.01275));
#1483=CARTESIAN_POINT('',(-0.00300506648173719,0.00520492782649107,-0.0126666666666667));
#1484=CARTESIAN_POINT('',(-0.00601013296347438,0.00346995188432738,-0.0125833333333333));
#1485=CARTESIAN_POINT('',(-0.00601013296347439,0.,-0.0125));
#1486=CARTESIAN_POINT('',(-0.00601013296347438,-0.00346995188432738,-0.0124166666666667));
#1487=CARTESIAN_POINT('',(-0.0030050664817372,-0.00520492782649107,-0.0123333333333333));
#1488=CARTESIAN_POINT('',(6.99885645712712E-20,-0.00693990376865476,-0.01225));
#1489=CARTESIAN_POINT('',(0.0030050664817372,-0.00520492782649107,-0.0121666666666667));
#1490=CARTESIAN_POINT('',(0.00601013296347438,-0.00346995188432738,-0.0120833333333333));
#1491=CARTESIAN_POINT('',(0.00601013296347439,1.21223749786257E-19,-0.012));
#1492=CARTESIAN_POINT('',(0.00601013296347438,0.00346995188432738,-0.0119166666666667));
#1493=CARTESIAN_POINT('',(0.0030050664817372,0.00520492782649107,-0.0118333333333333));
#1494=CARTESIAN_POINT('',(7.79904529096099E-19,0.00693990376865476,-0.01175));
#1495=CARTESIAN_POINT('',(-0.00300506648173719,0.00520492782649107,-0.0116666666666667));
#1496=CARTESIAN_POINT('',(-0.00601013296347438,0.00346995188432738,-0.0115833333333333));
#1497=CARTESIAN_POINT('',(-0.00601013296347439,0.,-0.0115));
#1498=CARTESIAN_POINT('',(-0.00601013296347438,-0.00346995188432738,-0.0114166666666667));
#1499=CARTESIAN_POINT('',(-0.0030050664817372,-0.00520492782649107,-0.0113333333333333));
#1500=CARTESIAN_POINT('',(6.99885645712712E-20,-0.00693990376865476,-0.01125));
#1501=CARTESIAN_POINT('',(0.0030050664817372,-0.00520492782649107,-0.0111666666666667));
#1502=CARTESIAN_POINT('',(0.00601013296347438,-0.00346995188432738,-0.0110833333333333));
#1503=CARTESIAN_POINT('',(0.00601013296347439,1.21223749786257E-19,-0.011));
#1504=CARTESIAN_POINT('',(0.00601013296347438,0.00346995188432738,-0.0109166666666667));
#1505=CARTESIAN_POINT('',(0.0030050664817372,0.00520492782649107,-0.0108333333333333));
#1506=CARTESIAN_POINT('',(7.79904529096099E-19,0.00693990376865476,-0.01075));
#1507=CARTESIAN_POINT('',(-0.00300506648173719,0.00520492782649107,-0.0106666666666667));
#1508=CARTESIAN_POINT('',(-0.00601013296347438,0.00346995188432738,-0.0105833333333333));
#1509=CARTESIAN_POINT('',(-0.00601013296347439,0.,-0.0105));
#1510=CARTESIAN_POINT('',(-0.00601013296347438,-0.00346995188432738,-0.0104166666666667));
#1511=CARTESIAN_POINT('',(-0.0030050664817372,-0.00520492782649107,-0.0103333333333333));
#1512=CARTESIAN_POINT('',(6.99885645712712E-20,-0.00693990376865476,-0.01025));
#1513=CARTESIAN_POINT('',(0.0030050664817372,-0.00520492782649107,-0.0101666666666667));
#1514=CARTESIAN_POINT('',(0.00601013296347438,-0.00346995188432738,-0.0100833333333333));
#1515=CARTESIAN_POINT('',(0.00601013296347439,1.21223749786257E-19,-0.01));
#1516=CARTESIAN_POINT('',(0.00601013296347438,0.00346995188432738,-0.00991666666666666));
#1517=CARTESIAN_POINT('',(0.0030050664817372,0.00520492782649107,-0.00983333333333333));
#1518=CARTESIAN_POINT('',(7.79904529096099E-19,0.00693990376865476,-0.00975));
#1519=CARTESIAN_POINT('',(-0.00300506648173719,0.00520492782649107,-0.00966666666666667));
#1520=CARTESIAN_POINT('',(-0.00601013296347438,0.00346995188432738,-0.00958333333333333));
#1521=CARTESIAN_POINT('',(-0.00601013296347439,0.,-0.0095));
#1522=CARTESIAN_POINT('',(-0.00601013296347438,-0.00346995188432738,-0.00941666666666666));
#1523=CARTESIAN_POINT('',(-0.0030050664817372,-0.00520492782649107,-0.00933333333333333));
#1524=CARTESIAN_POINT('',(6.99885645712712E-20,-0.00693990376865476,-0.00925));
#1525=CARTESIAN_POINT('',(0.0030050664817372,-0.00520492782649107,-0.00916666666666666));
#1526=CARTESIAN_POINT('',(0.00601013296347438,-0.00346995188432738,-0.00908333333333333));
#1527=CARTESIAN_POINT('',(0.00601013296347439,1.21223749786257E-19,-0.009));
#1528=CARTESIAN_POINT('',(0.00601013296347438,0.00346995188432738,-0.00891666666666666));
#1529=CARTESIAN_POINT('',(0.0030050664817372,0.00520492782649107,-0.00883333333333333));
#1530=CARTESIAN_POINT('',(7.79904529096099E-19,0.00693990376865476,-0.00875));
#1531=CARTESIAN_POINT('',(-0.00300506648173719,0.00520492782649107,-0.00866666666666667));
#1532=CARTESIAN_POINT('',(-0.00601013296347438,0.00346995188432738,-0.00858333333333333));
#1533=CARTESIAN_POINT('',(-0.00601013296347439,0.,-0.0085));
#1534=CARTESIAN_POINT('',(-0.00601013296347438,-0.00346995188432738,-0.00841666666666666));
#1535=CARTESIAN_POINT('',(-0.0030050664817372,-0.00520492782649107,-0.00833333333333333));
#1536=CARTESIAN_POINT('',(6.99885645712712E-20,-0.00693990376865476,-0.00825));
#1537=CARTESIAN_POINT('',(0.0030050664817372,-0.00520492782649107,-0.00816666666666667));
#1538=CARTESIAN_POINT('',(0.00601013296347438,-0.00346995188432738,-0.00808333333333333));
#1539=CARTESIAN_POINT('',(0.00601013296347439,1.21223749786257E-19,-0.008));
#1540=CARTESIAN_POINT('',(0.00601013296347438,0.00346995188432738,-0.00791666666666667));
#1541=CARTESIAN_POINT('',(0.0030050664817372,0.00520492782649107,-0.00783333333333333));
#1542=CARTESIAN_POINT('',(7.79904529096099E-19,0.00693990376865476,-0.00775));
#1543=CARTESIAN_POINT('',(-0.00300506648173719,0.00520492782649107,-0.00766666666666667));
#1544=CARTESIAN_POINT('',(-0.00601013296347438,0.00346995188432738,-0.00758333333333333));
#1545=CARTESIAN_POINT('',(-0.00601013296347439,0.,-0.0075));
#1546=CARTESIAN_POINT('',(-0.00601013296347438,-0.00346995188432738,-0.00741666666666667));
#1547=CARTESIAN_POINT('',(-0.0030050664817372,-0.00520492782649107,-0.00733333333333333));
#1548=CARTESIAN_POINT('',(6.99885645712712E-20,-0.00693990376865476,-0.00725));
#1549=CARTESIAN_POINT('',(0.0030050664817372,-0.00520492782649107,-0.00716666666666667));
#1550=CARTESIAN_POINT('',(0.00601013296347438,-0.00346995188432738,-0.00708333333333333));
#1551=CARTESIAN_POINT('',(0.00601013296347439,1.21223749786257E-19,-0.007));
#1552=CARTESIAN_POINT('',(0.00601013296347438,0.00346995188432738,-0.00691666666666667));
#1553=CARTESIAN_POINT('',(0.0030050664817372,0.00520492782649107,-0.00683333333333333));
#1554=CARTESIAN_POINT('',(7.79904529096099E-19,0.00693990376865476,-0.00675));
#1555=CARTESIAN_POINT('',(-0.00300506648173719,0.00520492782649107,-0.00666666666666666));
#1556=CARTESIAN_POINT('',(-0.00601013296347438,0.00346995188432738,-0.00658333333333333));
#1557=CARTESIAN_POINT('',(-0.00601013296347439,0.,-0.0065));
#1558=CARTESIAN_POINT('',(-0.00601013296347438,-0.00346995188432738,-0.00641666666666667));
#1559=CARTESIAN_POINT('',(-0.0030050664817372,-0.00520492782649107,-0.00633333333333333));
#1560=CARTESIAN_POINT('',(6.99885645712712E-20,-0.00693990376865476,-0.00625));
#1561=CARTESIAN_POINT('',(0.0030050664817372,-0.00520492782649107,-0.00616666666666667));
#1562=CARTESIAN_POINT('',(0.00601013296347438,-0.00346995188432738,-0.00608333333333333));
#1563=CARTESIAN_POINT('',(0.00601013296347439,1.21223749786257E-19,-0.006));
#1564=CARTESIAN_POINT('',(0.00601013296347438,0.00346995188432738,-0.00591666666666667));
#1565=CARTESIAN_POINT('',(0.0030050664817372,0.00520492782649107,-0.00583333333333333));
#1566=CARTESIAN_POINT('',(7.79904529096099E-19,0.00693990376865476,-0.00574999999999999));
#1567=CARTESIAN_POINT('',(-0.00300506648173719,0.00520492782649107,-0.00566666666666667));
#1568=CARTESIAN_POINT('',(-0.00601013296347438,0.00346995188432738,-0.00558333333333334));
#1569=CARTESIAN_POINT('',(-0.00601013296347439,0.,-0.0055));
#1570=CARTESIAN_POINT('',(-0.00601013296347438,-0.00346995188432738,-0.00541666666666667));
#1571=CARTESIAN_POINT('',(-0.0030050664817372,-0.00520492782649107,-0.00533333333333333));
#1572=CARTESIAN_POINT('',(6.99885645712712E-20,-0.00693990376865476,-0.00524999999999999));
#1573=CARTESIAN_POINT('',(0.0030050664817372,-0.00520492782649107,-0.00516666666666667));
#1574=CARTESIAN_POINT('',(0.00601013296347438,-0.00346995188432738,-0.00508333333333333));
#1575=CARTESIAN_POINT('',(0.00601013296347439,1.21223749786257E-19,-0.005));
#1576=CARTESIAN_POINT('',(0.00601013296347438,0.00346995188432738,-0.00491666666666666));
#1577=CARTESIAN_POINT('',(0.0030050664817372,0.00520492782649107,-0.00483333333333333));
#1578=CARTESIAN_POINT('',(7.79904529096099E-19,0.00693990376865476,-0.00475));
#1579=CARTESIAN_POINT('',(-0.00300506648173719,0.00520492782649107,-0.00466666666666666));
#1580=CARTESIAN_POINT('',(-0.00601013296347438,0.00346995188432738,-0.00458333333333333));
#1581=CARTESIAN_POINT('',(-0.00601013296347439,0.,-0.0045));
#1582=CARTESIAN_POINT('',(-0.00601013296347438,-0.00346995188432738,-0.00441666666666666));
#1583=CARTESIAN_POINT('',(-0.0030050664817372,-0.00520492782649107,-0.00433333333333333));
#1584=CARTESIAN_POINT('',(6.99885645712712E-20,-0.00693990376865476,-0.00425));
#1585=CARTESIAN_POINT('',(0.0030050664817372,-0.00520492782649107,-0.00416666666666666));
#1586=CARTESIAN_POINT('',(0.00601013296347438,-0.00346995188432738,-0.00408333333333333));
#1587=CARTESIAN_POINT('',(0.00601013296347439,1.21223749786257E-19,-0.004));
#1588=CARTESIAN_POINT('',(0.00650506648173719,-4.37626897935417E-17,-0.00428575));
#1589=CARTESIAN_POINT('',(-0.00687615836725883,2.69630192214213E-33,-0.018));
#1590=CARTESIAN_POINT('',(-0.00687615836725882,-0.00396995188432738,-0.0179166666666667));
#1591=CARTESIAN_POINT('',(-0.00343807918362941,-0.00595492782649107,-0.0178333333333334));
#1592=CARTESIAN_POINT('',(8.75622461390032E-21,-0.00793990376865476,-0.01775));
#1593=CARTESIAN_POINT('',(0.00343807918362941,-0.00595492782649107,-0.0176666666666666));
#1594=CARTESIAN_POINT('',(0.00687615836725882,-0.00396995188432738,-0.0175833333333334));
#1595=CARTESIAN_POINT('',(0.00687615836725883,1.51662259137632E-20,-0.0175));
#1596=CARTESIAN_POINT('',(0.00687615836725882,0.00396995188432738,-0.0174166666666666));
#1597=CARTESIAN_POINT('',(0.00343807918362941,0.00595492782649107,-0.0173333333333333));
#1598=CARTESIAN_POINT('',(9.63601548968206E-19,0.00793990376865476,-0.01725));
#1599=CARTESIAN_POINT('',(-0.00343807918362941,0.00595492782649108,-0.0171666666666666));
#1600=CARTESIAN_POINT('',(-0.00687615836725882,0.00396995188432738,-0.0170833333333333));
#1601=CARTESIAN_POINT('',(-0.00687615836725883,1.68417306697876E-18,-0.017));
#1602=CARTESIAN_POINT('',(-0.00687615836725883,-0.00396995188432738,-0.0169166666666667));
#1603=CARTESIAN_POINT('',(-0.00343807918362941,-0.00595492782649107,-0.0168333333333333));
#1604=CARTESIAN_POINT('',(-8.98801050436516E-18,-0.00793990376865476,-0.01675));
#1605=CARTESIAN_POINT('',(0.00343807918362941,-0.00595492782649108,-0.0166666666666666));
#1606=CARTESIAN_POINT('',(0.00687615836725882,-0.00396995188432739,-0.0165833333333333));
#1607=CARTESIAN_POINT('',(0.00687615836725883,-1.669006841065E-18,-0.0165));
#1608=CARTESIAN_POINT('',(0.00687615836725883,0.00396995188432738,-0.0164166666666667));
#1609=CARTESIAN_POINT('',(0.00343807918362942,0.00595492782649107,-0.0163333333333334));
#1610=CARTESIAN_POINT('',(2.90831709613242E-18,0.00793990376865476,-0.01625));
#1611=CARTESIAN_POINT('',(-0.00343807918362941,0.00595492782649108,-0.0161666666666666));
#1612=CARTESIAN_POINT('',(-0.00687615836725882,0.00396995188432739,-0.0160833333333333));
#1613=CARTESIAN_POINT('',(-0.00687615836725883,3.36834613395753E-18,-0.016));
#1614=CARTESIAN_POINT('',(-0.00687615836725883,-0.00396995188432737,-0.0159166666666667));
#1615=CARTESIAN_POINT('',(-0.00343807918362942,-0.00595492782649107,-0.0158333333333334));
#1616=CARTESIAN_POINT('',(-1.79847772333442E-17,-0.00793990376865476,-0.01575));
#1617=CARTESIAN_POINT('',(0.0034380791836294,-0.00595492782649108,-0.0156666666666666));
#1618=CARTESIAN_POINT('',(0.00687615836725882,-0.00396995188432739,-0.0155833333333333));
#1619=CARTESIAN_POINT('',(0.00687615836725883,-1.55676908525232E-17,-0.0155));
#1620=CARTESIAN_POINT('',(0.00687615836725883,0.00396995188432737,-0.0154166666666667));
#1621=CARTESIAN_POINT('',(0.00343807918362942,0.00595492782649107,-0.0153333333333333));
#1622=CARTESIAN_POINT('',(1.89571350069263E-17,0.00793990376865476,-0.01525));
#1623=CARTESIAN_POINT('',(-0.00343807918362939,0.00595492782649108,-0.0151666666666666));
#1624=CARTESIAN_POINT('',(-0.00687615836725881,0.0039699518843274,-0.0150833333333333));
#1625=CARTESIAN_POINT('',(-0.00687615836725883,5.05251920093629E-18,-0.015));
#1626=CARTESIAN_POINT('',(-0.00687615836725883,-0.00396995188432737,-0.0149166666666667));
#1627=CARTESIAN_POINT('',(-0.00343807918362942,-0.00595492782649107,-0.0148333333333333));
#1628=CARTESIAN_POINT('',(-1.99294927805085E-17,-0.00793990376865476,-0.01475));
#1629=CARTESIAN_POINT('',(0.00343807918362939,-0.00595492782649108,-0.0146666666666667));
#1630=CARTESIAN_POINT('',(0.00687615836725881,-0.0039699518843274,-0.0145833333333333));
#1631=CARTESIAN_POINT('',(0.00687615836725883,-5.03735297502252E-18,-0.0145));
#1632=CARTESIAN_POINT('',(0.00687615836725883,0.00396995188432737,-0.0144166666666667));
#1633=CARTESIAN_POINT('',(0.00343807918362942,0.00595492782649107,-0.0143333333333333));
#1634=CARTESIAN_POINT('',(2.09018505540905E-17,0.00793990376865476,-0.01425));
#1635=CARTESIAN_POINT('',(-0.00343807918362939,0.00595492782649108,-0.0141666666666667));
#1636=CARTESIAN_POINT('',(-0.00687615836725881,0.00396995188432741,-0.0140833333333333));
#1637=CARTESIAN_POINT('',(-0.00687615836725883,6.73669226791505E-18,-0.014));
#1638=CARTESIAN_POINT('',(-0.00687615836725883,-0.00396995188432737,-0.0139166666666667));
#1639=CARTESIAN_POINT('',(-0.00343807918362942,-0.00595492782649106,-0.0138333333333333));
#1640=CARTESIAN_POINT('',(-2.18742083276727E-17,-0.00793990376865476,-0.01375));
#1641=CARTESIAN_POINT('',(0.00343807918362939,-0.00595492782649108,-0.0136666666666667));
#1642=CARTESIAN_POINT('',(0.00687615836725881,-0.00396995188432741,-0.0135833333333333));
#1643=CARTESIAN_POINT('',(0.00687615836725883,-3.11505479309603E-17,-0.0135));
#1644=CARTESIAN_POINT('',(0.00687615836725883,0.00396995188432737,-0.0134166666666667));
#1645=CARTESIAN_POINT('',(0.00343807918362942,0.00595492782649106,-0.0133333333333333));
#1646=CARTESIAN_POINT('',(2.28465661012548E-17,0.00793990376865476,-0.01325));
#1647=CARTESIAN_POINT('',(-0.00343807918362939,0.00595492782649108,-0.0131666666666667));
#1648=CARTESIAN_POINT('',(-0.00687615836725881,0.00396995188432741,-0.0130833333333333));
#1649=CARTESIAN_POINT('',(-0.00687615836725883,3.28498872238527E-17,-0.013));
#1650=CARTESIAN_POINT('',(-0.00687615836725883,-0.00396995188432737,-0.0129166666666667));
#1651=CARTESIAN_POINT('',(-0.00343807918362943,-0.00595492782649106,-0.0128333333333333));
#1652=CARTESIAN_POINT('',(-5.20271286020963E-17,-0.00793990376865476,-0.01275));
#1653=CARTESIAN_POINT('',(0.00343807918362939,-0.00595492782649108,-0.0126666666666667));
#1654=CARTESIAN_POINT('',(0.00687615836725882,-0.00396995188432739,-0.0125833333333333));
#1655=CARTESIAN_POINT('',(0.00687615836725883,-3.2834720997939E-17,-0.0125));
#1656=CARTESIAN_POINT('',(0.00687615836725883,0.00396995188432737,-0.0124166666666667));
#1657=CARTESIAN_POINT('',(0.00343807918362945,0.00595492782649105,-0.0123333333333333));
#1658=CARTESIAN_POINT('',(2.4791281648419E-17,0.00793990376865476,-0.01225));
#1659=CARTESIAN_POINT('',(-0.00343807918362937,0.0059549278264911,-0.0121666666666667));
#1660=CARTESIAN_POINT('',(-0.00687615836725881,0.00396995188432741,-0.0120833333333333));
#1661=CARTESIAN_POINT('',(-0.00687615836725883,1.01050384018726E-17,-0.012));
#1662=CARTESIAN_POINT('',(-0.00687615836725885,-0.00396995188432734,-0.0119166666666667));
#1663=CARTESIAN_POINT('',(-0.00343807918362943,-0.00595492782649106,-0.0118333333333333));
#1664=CARTESIAN_POINT('',(-5.39718441492605E-17,-0.00793990376865476,-0.01175));
#1665=CARTESIAN_POINT('',(0.00343807918362939,-0.00595492782649108,-0.0116666666666667));
#1666=CARTESIAN_POINT('',(0.00687615836725882,-0.00396995188432739,-0.0115833333333333));
#1667=CARTESIAN_POINT('',(0.00687615836725883,-3.45188940649177E-17,-0.0115));
#1668=CARTESIAN_POINT('',(0.00687615836725883,0.00396995188432736,-0.0114166666666667));
#1669=CARTESIAN_POINT('',(0.00343807918362945,0.00595492782649105,-0.0113333333333333));
#1670=CARTESIAN_POINT('',(2.67359971955832E-17,0.00793990376865476,-0.01125));
#1671=CARTESIAN_POINT('',(-0.00343807918362937,0.0059549278264911,-0.0111666666666667));
#1672=CARTESIAN_POINT('',(-0.00687615836725881,0.00396995188432741,-0.0110833333333333));
#1673=CARTESIAN_POINT('',(-0.00687615836725883,1.17892114688513E-17,-0.011));
#1674=CARTESIAN_POINT('',(-0.00687615836725885,-0.00396995188432734,-0.0109166666666667));
#1675=CARTESIAN_POINT('',(-0.00343807918362943,-0.00595492782649106,-0.0108333333333333));
#1676=CARTESIAN_POINT('',(-5.59165596964247E-17,-0.00793990376865476,-0.01075));
#1677=CARTESIAN_POINT('',(0.00343807918362939,-0.00595492782649109,-0.0106666666666667));
#1678=CARTESIAN_POINT('',(0.00687615836725879,-0.00396995188432744,-0.0105833333333333));
#1679=CARTESIAN_POINT('',(0.00687615836725883,-3.62030671318965E-17,-0.0105));
#1680=CARTESIAN_POINT('',(0.00687615836725883,0.00396995188432736,-0.0104166666666667));
#1681=CARTESIAN_POINT('',(0.00343807918362945,0.00595492782649105,-0.0103333333333333));
#1682=CARTESIAN_POINT('',(2.86807127427474E-17,0.00793990376865476,-0.01025));
#1683=CARTESIAN_POINT('',(-0.00343807918362937,0.0059549278264911,-0.0101666666666667));
#1684=CARTESIAN_POINT('',(-0.0068761583672588,0.00396995188432742,-0.0100833333333333));
#1685=CARTESIAN_POINT('',(-0.00687615836725883,1.34733845358301E-17,-0.01));
#1686=CARTESIAN_POINT('',(-0.00687615836725885,-0.00396995188432734,-0.00991666666666666));
#1687=CARTESIAN_POINT('',(-0.00343807918362943,-0.00595492782649106,-0.00983333333333333));
#1688=CARTESIAN_POINT('',(-5.7861275243589E-17,-0.00793990376865476,-0.00975));
#1689=CARTESIAN_POINT('',(0.00343807918362939,-0.00595492782649109,-0.00966666666666667));
#1690=CARTESIAN_POINT('',(0.00687615836725879,-0.00396995188432744,-0.00958333333333333));
#1691=CARTESIAN_POINT('',(0.00687615836725883,-3.78872401988753E-17,-0.0095));
#1692=CARTESIAN_POINT('',(0.00687615836725883,0.00396995188432736,-0.00941666666666666));
#1693=CARTESIAN_POINT('',(0.00343807918362945,0.00595492782649105,-0.00933333333333333));
#1694=CARTESIAN_POINT('',(3.06254282899116E-17,0.00793990376865476,-0.00925));
#1695=CARTESIAN_POINT('',(-0.00343807918362936,0.0059549278264911,-0.00916666666666666));
#1696=CARTESIAN_POINT('',(-0.0068761583672588,0.00396995188432742,-0.00908333333333333));
#1697=CARTESIAN_POINT('',(-0.00687615836725883,6.40156013807268E-17,-0.009));
#1698=CARTESIAN_POINT('',(-0.00687615836725885,-0.00396995188432734,-0.00891666666666666));
#1699=CARTESIAN_POINT('',(-0.00343807918362943,-0.00595492782649106,-0.00883333333333333));
#1700=CARTESIAN_POINT('',(-5.98059907907531E-17,-0.00793990376865476,-0.00875));
#1701=CARTESIAN_POINT('',(0.00343807918362938,-0.00595492782649109,-0.00866666666666667));
#1702=CARTESIAN_POINT('',(0.00687615836725879,-0.00396995188432744,-0.00858333333333333));
#1703=CARTESIAN_POINT('',(0.00687615836725883,-3.9571413265854E-17,-0.0085));
#1704=CARTESIAN_POINT('',(0.00687615836725887,0.00396995188432731,-0.00841666666666667));
#1705=CARTESIAN_POINT('',(0.00343807918362945,0.00595492782649105,-0.00833333333333333));
#1706=CARTESIAN_POINT('',(3.25701438370758E-17,0.00793990376865476,-0.00825));
#1707=CARTESIAN_POINT('',(-0.00343807918362936,0.0059549278264911,-0.00816666666666667));
#1708=CARTESIAN_POINT('',(-0.0068761583672588,0.00396995188432742,-0.00808333333333333));
#1709=CARTESIAN_POINT('',(-0.00687615836725883,6.56997744477055E-17,-0.008));
#1710=CARTESIAN_POINT('',(-0.00687615836725886,-0.00396995188432734,-0.00791666666666667));
#1711=CARTESIAN_POINT('',(-0.00343807918362943,-0.00595492782649106,-0.00783333333333333));
#1712=CARTESIAN_POINT('',(-6.17507063379174E-17,-0.00793990376865476,-0.00775));
#1713=CARTESIAN_POINT('',(0.00343807918362938,-0.00595492782649109,-0.00766666666666667));
#1714=CARTESIAN_POINT('',(0.00687615836725882,-0.00396995188432739,-0.00758333333333333));
#1715=CARTESIAN_POINT('',(0.00687615836725883,-9.01136301107507E-17,-0.0075));
#1716=CARTESIAN_POINT('',(0.00687615836725887,0.00396995188432731,-0.00741666666666667));
#1717=CARTESIAN_POINT('',(0.00343807918362945,0.00595492782649105,-0.00733333333333333));
#1718=CARTESIAN_POINT('',(3.451485938424E-17,0.00793990376865476,-0.00725));
#1719=CARTESIAN_POINT('',(-0.0034380791836294,0.00595492782649108,-0.00716666666666667));
#1720=CARTESIAN_POINT('',(-0.00687615836725878,0.00396995188432747,-0.00708333333333333));
#1721=CARTESIAN_POINT('',(-0.00687615836725883,6.73839475146843E-17,-0.007));
#1722=CARTESIAN_POINT('',(-0.00687615836725886,-0.00396995188432734,-0.00691666666666667));
#1723=CARTESIAN_POINT('',(-0.00343807918362943,-0.00595492782649106,-0.00683333333333333));
#1724=CARTESIAN_POINT('',(-7.27901243056272E-18,-0.00793990376865476,-0.00675));
#1725=CARTESIAN_POINT('',(0.00343807918362934,-0.00595492782649111,-0.00666666666666667));
#1726=CARTESIAN_POINT('',(0.00687615836725879,-0.00396995188432744,-0.00658333333333333));
#1727=CARTESIAN_POINT('',(0.00687615836725883,-4.29397593998116E-17,-0.0065));
#1728=CARTESIAN_POINT('',(0.00687615836725883,0.00396995188432736,-0.00641666666666667));
#1729=CARTESIAN_POINT('',(0.0034380791836295,0.00595492782649102,-0.00633333333333333));
#1730=CARTESIAN_POINT('',(9.28759843859231E-17,0.00793990376865476,-0.00625));
#1731=CARTESIAN_POINT('',(-0.00343807918362936,0.0059549278264911,-0.00616666666666667));
#1732=CARTESIAN_POINT('',(-0.0068761583672588,0.00396995188432742,-0.00608333333333334));
#1733=CARTESIAN_POINT('',(-0.00687615836725883,2.02100768037452E-17,-0.006));
#1734=CARTESIAN_POINT('',(-0.00687615836725888,-0.00396995188432728,-0.00591666666666667));
#1735=CARTESIAN_POINT('',(-0.00343807918362948,-0.00595492782649103,-0.00583333333333333));
#1736=CARTESIAN_POINT('',(-6.56401374322458E-17,-0.00793990376865476,-0.00574999999999999));
#1737=CARTESIAN_POINT('',(0.00343807918362938,-0.00595492782649109,-0.00566666666666667));
#1738=CARTESIAN_POINT('',(0.00687615836725881,-0.0039699518843274,-0.00558333333333334));
#1739=CARTESIAN_POINT('',(0.00687615836725883,-9.34819762447083E-17,-0.0055));
#1740=CARTESIAN_POINT('',(0.00687615836725887,0.00396995188432731,-0.00541666666666667));
#1741=CARTESIAN_POINT('',(0.00343807918362946,0.00595492782649105,-0.00533333333333333));
#1742=CARTESIAN_POINT('',(3.84042904785684E-17,0.00793990376865476,-0.00524999999999999));
#1743=CARTESIAN_POINT('',(-0.0034380791836294,0.00595492782649108,-0.00516666666666667));
#1744=CARTESIAN_POINT('',(-0.00687615836725878,0.00396995188432747,-0.00508333333333333));
#1745=CARTESIAN_POINT('',(-0.00687615836725883,7.07522936486418E-17,-0.005));
#1746=CARTESIAN_POINT('',(-0.00687615836725886,-0.00396995188432733,-0.00491666666666666));
#1747=CARTESIAN_POINT('',(-0.00343807918362944,-0.00595492782649106,-0.00483333333333333));
#1748=CARTESIAN_POINT('',(-1.24001262433929E-16,-0.00793990376865476,-0.00475));
#1749=CARTESIAN_POINT('',(0.00343807918362934,-0.00595492782649112,-0.00466666666666667));
#1750=CARTESIAN_POINT('',(0.00687615836725879,-0.00396995188432744,-0.00458333333333333));
#1751=CARTESIAN_POINT('',(0.00687615836725883,-4.63081055337691E-17,-0.0045));
#1752=CARTESIAN_POINT('',(0.00687615836725885,0.00396995188432735,-0.00441666666666666));
#1753=CARTESIAN_POINT('',(0.0034380791836295,0.00595492782649102,-0.00433333333333334));
#1754=CARTESIAN_POINT('',(9.67654154802515E-17,0.00793990376865476,-0.00425));
#1755=CARTESIAN_POINT('',(-0.00343807918362936,0.0059549278264911,-0.00416666666666666));
#1756=CARTESIAN_POINT('',(-0.0068761583672588,0.00396995188432742,-0.00408333333333333));
#1757=CARTESIAN_POINT('',(-0.00687615836725883,2.35784229377027E-17,-0.004));
#1758=CARTESIAN_POINT('',(-0.00687615836725883,1.34815096107106E-33,-0.018));
#1759=CARTESIAN_POINT('',(-0.00650506648173719,0.,-0.01778575));
#1760=CARTESIAN_POINT('',(-0.007,0.,-0.0180715));
#1761=CARTESIAN_POINT('',(-0.007,-0.00404145188432738,-0.0179881666666667));
#1762=CARTESIAN_POINT('',(-0.0035,-0.00606217782649107,-0.0179048333333334));
#1763=CARTESIAN_POINT('',(9.62964972193618E-35,-0.00808290376865476,-0.0178215));
#1764=CARTESIAN_POINT('',(0.0035,-0.00606217782649107,-0.0177381666666666));
#1765=CARTESIAN_POINT('',(0.007,-0.00404145188432738,-0.0176548333333333));
#1766=CARTESIAN_POINT('',(0.007,9.62964972193618E-35,-0.0175715));
#1767=CARTESIAN_POINT('',(0.007,0.00404145188432738,-0.0174881666666666));
#1768=CARTESIAN_POINT('',(0.0035,0.00606217782649107,-0.0174048333333334));
#1769=CARTESIAN_POINT('',(9.89870222809912E-19,0.00808290376865476,-0.0173215));
#1770=CARTESIAN_POINT('',(-0.0035,0.00606217782649107,-0.0172381666666666));
#1771=CARTESIAN_POINT('',(-0.007,0.00404145188432738,-0.0171548333333333));
#1772=CARTESIAN_POINT('',(-0.007,0.,-0.0170715));
#1773=CARTESIAN_POINT('',(-0.00687615836725883,0.,-0.018));
#1774=CARTESIAN_POINT('',(-0.00687615836725882,-0.00396995188432738,-0.0179166666666667));
#1775=CARTESIAN_POINT('',(-0.00343807918362941,-0.00595492782649107,-0.0178333333333334));
#1776=CARTESIAN_POINT('',(8.75622461390341E-21,-0.00793990376865476,-0.01775));
#1777=CARTESIAN_POINT('',(0.00343807918362941,-0.00595492782649107,-0.0176666666666666));
#1778=CARTESIAN_POINT('',(0.00687615836725882,-0.00396995188432738,-0.0175833333333334));
#1779=CARTESIAN_POINT('',(0.00687615836725883,1.51662259137659E-20,-0.0175));
#1780=CARTESIAN_POINT('',(0.00687615836725882,0.00396995188432738,-0.0174166666666666));
#1781=CARTESIAN_POINT('',(0.00343807918362941,0.00595492782649107,-0.0173333333333333));
#1782=CARTESIAN_POINT('',(9.63601548968202E-19,0.00793990376865476,-0.01725));
#1783=CARTESIAN_POINT('',(-0.00343807918362941,0.00595492782649108,-0.0171666666666666));
#1784=CARTESIAN_POINT('',(-0.00687615836725882,0.00396995188432738,-0.0170833333333333));
#1785=CARTESIAN_POINT('',(-0.00687615836725883,0.,-0.017));
#1786=CARTESIAN_POINT('',(-0.00650506648173719,-5.39260384428426E-33,-0.01678575));
#1787=CARTESIAN_POINT('',(-0.007,-2.69630192214213E-33,-0.0170715));
#1788=CARTESIAN_POINT('',(-0.007,0.,-0.0180715));
#1789=CARTESIAN_POINT('',(-0.007,-0.00404145188432738,-0.0179881666666667));
#1790=CARTESIAN_POINT('',(-0.0035,-0.00606217782649107,-0.0179048333333334));
#1791=CARTESIAN_POINT('',(9.62964972193618E-35,-0.00808290376865476,-0.0178215));
#1792=CARTESIAN_POINT('',(0.0035,-0.00606217782649107,-0.0177381666666666));
#1793=CARTESIAN_POINT('',(0.007,-0.00404145188432738,-0.0176548333333333));
#1794=CARTESIAN_POINT('',(0.007,1.92592994438723E-34,-0.0175715));
#1795=CARTESIAN_POINT('',(0.007,0.00404145188432738,-0.0174881666666666));
#1796=CARTESIAN_POINT('',(0.0035,0.00606217782649107,-0.0174048333333334));
#1797=CARTESIAN_POINT('',(9.89870222809912E-19,0.00808290376865476,-0.0173215));
#1798=CARTESIAN_POINT('',(-0.0035,0.00606217782649107,-0.0172381666666666));
#1799=CARTESIAN_POINT('',(-0.007,0.00404145188432738,-0.0171548333333333));
#1800=CARTESIAN_POINT('',(-0.007,1.71450551880629E-18,-0.0170715));
#1801=CARTESIAN_POINT('',(-0.007,0.,-0.0180715));
#1802=CARTESIAN_POINT('',(-0.00650506648173719,0.,-0.01778575));
#1803=CARTESIAN_POINT('',(0.,4.28626379701574E-19,-0.004));
#1804=CARTESIAN_POINT('',(-0.007,0.,-0.0175));
#1805=CARTESIAN_POINT('',(0.007,-4.71575674960853E-17,-0.004));
#1806=CARTESIAN_POINT('',(0.00650506648173719,-4.37626897935417E-17,-0.004));
#1807=CARTESIAN_POINT('',(-0.00650506648173719,0.,-0.0175));
#1808=MECHANICAL_DESIGN_GEOMETRIC_PRESENTATION_REPRESENTATION('',(#240),
#1810);
#1809=MECHANICAL_DESIGN_GEOMETRIC_PRESENTATION_REPRESENTATION('',(#241),
#1811);
#1810=(
GEOMETRIC_REPRESENTATION_CONTEXT(3)
GLOBAL_UNCERTAINTY_ASSIGNED_CONTEXT((#1812))
GLOBAL_UNIT_ASSIGNED_CONTEXT((#1818,#1816,#1814))
REPRESENTATION_CONTEXT('Part 1','TOP_LEVEL_ASSEMBLY_PART')
);
#1811=(
GEOMETRIC_REPRESENTATION_CONTEXT(3)
GLOBAL_UNCERTAINTY_ASSIGNED_CONTEXT((#1813))
GLOBAL_UNIT_ASSIGNED_CONTEXT((#1819,#1817,#1815))
REPRESENTATION_CONTEXT('Part 2','TOP_LEVEL_ASSEMBLY_PART')
);
#1812=UNCERTAINTY_MEASURE_WITH_UNIT(LENGTH_MEASURE(1.E-8),#1818,
'DISTANCE_ACCURACY_VALUE','Maximum Tolerance applied to model');
#1813=UNCERTAINTY_MEASURE_WITH_UNIT(LENGTH_MEASURE(1.E-8),#1819,
'DISTANCE_ACCURACY_VALUE','Maximum Tolerance applied to model');
#1814=(
NAMED_UNIT(*)
SI_UNIT($,.STERADIAN.)
SOLID_ANGLE_UNIT()
);
#1815=(
NAMED_UNIT(*)
SI_UNIT($,.STERADIAN.)
SOLID_ANGLE_UNIT()
);
#1816=(
NAMED_UNIT(*)
PLANE_ANGLE_UNIT()
SI_UNIT($,.RADIAN.)
);
#1817=(
NAMED_UNIT(*)
PLANE_ANGLE_UNIT()
SI_UNIT($,.RADIAN.)
);
#1818=(
LENGTH_UNIT()
NAMED_UNIT(*)
SI_UNIT($,.METRE.)
);
#1819=(
LENGTH_UNIT()
NAMED_UNIT(*)
SI_UNIT($,.METRE.)
);
#1820=PRODUCT_DEFINITION_SHAPE('','',#1822);
#1821=PRODUCT_DEFINITION_SHAPE('','',#1823);
#1822=PRODUCT_DEFINITION('','',#1826,#1824);
#1823=PRODUCT_DEFINITION('','',#1827,#1825);
#1824=PRODUCT_DEFINITION_CONTEXT('',#1838,'design');
#1825=PRODUCT_DEFINITION_CONTEXT('',#1839,'design');
#1826=PRODUCT_DEFINITION_FORMATION_WITH_SPECIFIED_SOURCE('','',#1830,
 .NOT_KNOWN.);
#1827=PRODUCT_DEFINITION_FORMATION_WITH_SPECIFIED_SOURCE('','',#1831,
 .NOT_KNOWN.);
#1828=PRODUCT_RELATED_PRODUCT_CATEGORY('','',(#1830));
#1829=PRODUCT_RELATED_PRODUCT_CATEGORY('','',(#1831));
#1830=PRODUCT('Part 1','Part 1','Part 1',(#1834));
#1831=PRODUCT('Part 2','Part 2','Part 2',(#1835));
#1832=PRODUCT_CATEGORY('','');
#1833=PRODUCT_CATEGORY('','');
#1834=PRODUCT_CONTEXT('',#1838,'mechanical');
#1835=PRODUCT_CONTEXT('',#1839,'mechanical');
#1836=APPLICATION_PROTOCOL_DEFINITION('international standard',
'ap242_managed_model_based_3d_engineering',2020,#1838);
#1837=APPLICATION_PROTOCOL_DEFINITION('international standard',
'ap242_managed_model_based_3d_engineering',2020,#1839);
#1838=APPLICATION_CONTEXT('managed model based 3d engineering');
#1839=APPLICATION_CONTEXT('managed model based 3d engineering');
ENDSEC;
END-ISO-10303-21;
