5.80,11.7,12.6,11.2,8.3
5.80,11.7,12.6,11.2,8.3
5.70,11.7,12.6,11.2,8.3
5.80,11.7,12.6,11.2,8.3
5.80,11.7,12.6,11.2,8.3
5.70,11.7,12.6,11.2,8.3
5.70,11.7,12.6,11.2,8.3
5.80,11.7,12.6,11.2,8.3
5.80,11.7,12.6,11.2,8.3
5.70,11.7,12.6,11.2,8.3
5.80,11.7,12.6,11.2,8.3
5.80,11.7,12.6,11.2,8.3
5.80,11.7,12.6,11.2,8.3
5.70,11.7,12.6,11.2,8.3
5.80,11.7,12.6,11.2,8.3
5.80,11.7,12.7,11.2,8.3
5.80,11.6,12.6,11.2,8.3
5.70,11.6,12.6,11.2,8.3
5.80,11.7,12.7,11.2,8.3
5.80,11.6,12.7,11.2,8.3
5.80,11.7,12.5,11.2,8.3
5.70,11.7,12.7,11.2,8.3
5.80,11.7,12.6,11.2,8.3
5.80,11.7,12.5,11.2,8.3
5.80,11.7,12.6,11.2,8.3
5.70,11.7,12.6,11.2,8.3
5.80,11.7,12.5,11.2,8.3
5.80,11.7,12.6,11.2,8.3
5.80,11.7,12.6,11.2,8.3
5.80,11.7,12.6,11.2,8.3
5.80,11.7,12.6,11.2,8.3
5.80,11.6,12.6,11.2,8.3
5.80,11.6,12.6,11.2,8.3
5.80,11.6,12.6,11.2,8.3
5.80,11.6,12.6,11.2,8.3
5.80,11.6,12.6,11.2,8.3
5.80,11.6,12.6,11.2,8.3
5.80,11.8,12.6,11.2,8.3
5.80,11.8,12.6,11.2,8.3
5.80,11.8,12.6,11.2,8.3
5.80,11.8,12.6,11.2,8.3
5.80,11.8,12.6,11.2,8.3
5.80,11.7,12.6,11.2,8.3
5.80,11.7,12.6,11.2,8.3
5.80,11.7,12.6,11.2,8.3
5.80,11.7,12.6,11.2,8.3
5.80,11.7,12.6,11.2,8.3
5.80,11.6,12.6,11.2,8.3
5.80,11.6,12.6,11.2,8.3
5.80,11.6,12.6,11.2,8.3
5.80,11.6,12.6,11.2,8.3
5.80,11.6,12.6,11.2,8.3
5.80,11.6,12.6,11.2,8.3
5.80,11.6,12.6,11.2,8.3
5.80,11.6,12.6,11.2,8.3
5.80,11.6,12.6,11.2,8.2
5.80,11.6,12.6,11.2,8.2
5.80,11.6,12.6,11.2,8.3
5.80,11.6,12.6,11.2,8.3
5.80,11.6,12.6,11.2,8.3
5.70,11.6,12.6,11.2,8.2
5.80,11.6,12.6,11.2,8.2
5.80,11.6,12.6,11.2,8.2
5.70,11.6,12.6,11.2,8.2
5.80,11.6,12.6,11.2,8.2
5.80,11.6,12.6,11.2,8.2
5.80,11.6,12.6,11.2,8.2
5.80,11.6,12.6,11.2,8.2
5.70,11.6,12.6,11.2,8.2
5.70,11.7,12.6,11.2,8.2
5.70,11.6,12.6,11.2,8.3
5.70,11.6,12.6,11.2,8.3
5.70,11.6,12.6,11.2,8.3
5.70,11.6,12.6,11.2,8.2
5.70,11.6,12.6,11.2,8.2
5.70,11.6,12.6,11.2,8.2
5.70,11.6,12.6,11.2,8.2
5.80,11.6,12.6,11.2,8.2
5.80,11.6,12.6,11.2,8.2
5.70,11.6,12.6,11.2,8.2
5.80,11.6,12.6,11.2,8.2
5.80,11.6,12.6,11.2,8.2
5.70,11.6,12.6,11.2,8.2
5.70,11.6,12.6,11.2,8.2
5.70,11.6,12.6,11.2,8.2
5.70,11.6,12.6,11.2,8.2
5.80,11.6,12.6,11.2,8.2
5.70,11.6,12.6,11.2,8.2
5.70,11.6,12.6,11.2,8.2
5.70,11.6,12.6,11.2,8.2
5.70,11.6,12.6,11.2,8.2
5.70,11.6,12.6,11.2,8.2
5.70,11.6,12.6,11.2,8.2
5.70,11.6,12.6,11.2,8.2
5.70,11.6,12.6,11.2,8.2
5.70,11.6,12.6,11.2,8.2
5.70,11.6,12.6,11.2,8.2
5.70,11.6,12.6,11.2,8.2
5.70,11.6,12.6,11.2,8.2
5.70,11.6,12.6,11.2,8.2
5.70,11.6,12.6,11.2,8.2
5.70,11.6,12.6,11.2,8.2
5.70,11.6,12.6,11.2,8.2
5.70,11.6,12.6,11.2,8.2
5.70,11.6,12.6,11.2,8.2
5.70,11.6,12.6,11.2,8.2
5.70,11.6,12.6,11.2,8.2
5.70,11.6,12.6,11.2,8.2
5.70,11.6,12.6,11.2,8.2
5.70,11.6,12.6,11.2,8.2
5.70,11.6,12.6,11.2,8.2
5.70,11.6,12.6,11.2,8.2
5.70,11.6,12.6,11.2,8.2
5.70,11.6,12.6,11.2,8.2
5.70,11.6,12.6,11.2,8.2
5.70,11.6,12.6,11.2,8.2
5.70,11.6,12.5,11.2,8.2
5.70,11.6,12.5,11.2,8.2
5.70,11.6,12.5,11.2,8.2
5.70,11.6,12.5,11.2,8.2
5.70,11.6,12.6,11.2,8.2
5.70,11.6,12.6,11.2,8.2
5.70,11.6,12.6,11.2,8.2
5.70,11.6,12.6,11.1,8.2
5.70,11.6,12.5,11.1,8.2
5.70,11.6,12.5,11.1,8.2
5.70,11.6,12.5,11.2,8.2
5.70,11.6,12.5,11.2,8.2
5.70,11.7,12.5,11.2,8.2
5.80,11.6,12.5,11.2,8.2
5.70,11.6,12.6,11.2,8.2
5.70,11.6,12.6,11.2,8.2
5.80,11.6,12.6,11.1,8.2
5.80,11.6,12.6,11.1,8.2
5.70,11.6,12.6,11.1,8.2
5.70,11.6,12.6,11.1,8.2
5.70,11.6,12.6,11.1,8.2
5.70,11.6,12.6,11.1,8.2
5.70,11.6,12.6,11.1,8.2
5.70,11.6,12.6,11.1,8.2
5.70,11.6,12.6,11.1,8.2
5.70,11.6,12.6,11.1,8.2
5.70,11.6,12.6,11.2,8.2
5.70,11.6,12.6,11.1,8.2
5.70,11.6,12.6,11.2,8.2
5.70,11.6,12.6,11.1,8.2
5.70,11.6,12.6,11.2,8.2
5.70,11.6,12.6,11.2,8.2
5.70,11.6,12.6,11.2,8.2
5.70,11.6,12.5,11.2,8.2
5.70,11.6,12.5,11.2,8.2
5.70,11.6,12.5,11.2,8.2
5.70,11.6,12.5,11.2,8.2
5.70,11.6,12.5,11.2,8.2
5.70,11.6,12.5,11.2,8.2
5.70,11.6,12.6,11.2,8.2
5.70,11.6,12.6,11.2,8.2
5.70,11.6,12.6,11.2,8.2
5.70,11.6,12.6,11.2,8.2
5.70,11.6,12.6,11.2,8.2
5.70,11.6,12.6,11.2,8.2
5.70,11.6,12.6,11.2,8.2
5.70,11.6,12.6,11.2,8.2
5.70,11.6,12.6,11.2,8.2
5.70,11.6,12.6,11.2,8.2
5.70,11.6,12.6,11.2,8.2
5.70,11.6,12.6,11.2,8.2
5.70,11.6,12.6,11.2,8.2
5.70,11.6,12.6,11.2,8.2
5.70,11.6,12.6,11.2,8.2
5.70,11.6,12.6,11.2,8.2
5.70,11.6,12.6,11.2,8.2
5.70,11.6,12.6,11.2,8.2
5.70,11.6,12.6,11.2,8.2
5.70,11.6,12.6,11.2,8.2
5.70,11.6,12.6,11.2,8.2
5.70,11.6,12.6,11.2,8.2
5.70,11.6,12.6,11.2,8.2
5.70,11.6,12.6,11.2,8.2
5.70,11.6,12.6,11.2,8.2
5.70,11.6,12.6,11.2,8.2
5.70,11.6,12.6,11.2,8.2
5.70,11.6,12.6,11.2,8.2
5.70,11.6,12.6,11.2,8.2
5.70,11.6,12.5,11.2,8.2
5.70,11.6,12.5,11.2,8.2
5.70,11.6,12.5,11.2,8.2
5.70,11.6,12.5,11.2,8.2
5.70,11.6,12.5,11.2,8.2
5.70,11.6,12.5,11.2,8.2
5.70,11.6,12.5,11.2,8.2
5.70,11.6,12.5,11.2,8.2
5.70,11.6,12.6,11.2,8.2
5.70,11.6,12.5,11.2,8.2
5.70,11.6,12.5,11.2,8.2
5.70,11.6,12.5,11.2,8.2
5.70,11.6,12.5,11.2,8.2
5.70,11.6,12.6,11.2,8.2
5.70,11.6,12.5,11.2,8.2
5.70,11.6,12.6,11.2,8.2
5.70,11.6,12.6,11.2,8.2
5.70,11.6,12.6,11.2,8.2
5.70,11.6,12.6,11.2,8.2
5.70,11.6,12.5,11.2,8.2
5.70,11.6,12.6,11.2,8.2
5.70,11.6,12.6,11.2,8.2
5.70,11.6,12.6,11.2,8.2
5.70,11.6,12.6,11.2,8.2
5.70,11.6,12.6,11.2,8.2
5.70,11.6,12.6,11.2,8.2
5.70,11.6,12.6,11.2,8.2
5.70,11.6,12.6,11.2,8.2
5.70,11.6,12.6,11.2,8.2
5.70,11.6,12.6,11.2,8.2
5.70,11.6,12.6,11.2,8.2
5.70,11.6,12.6,11.2,8.2
5.70,11.6,12.6,11.2,8.2
5.70,11.6,12.6,11.2,8.2
5.70,11.6,12.6,11.2,8.2
5.70,11.6,12.6,11.2,8.2
5.70,11.6,12.6,11.2,8.2
5.70,11.6,12.6,11.2,8.2
5.70,11.6,12.6,11.2,8.1
5.70,11.6,12.5,11.2,8.2
5.70,11.6,12.6,11.2,8.2
5.70,11.6,12.6,11.2,8.2
5.70,11.6,12.6,11.2,8.2
5.70,11.6,12.6,11.2,8.2
5.70,11.6,12.5,11.2,8.2
5.70,11.6,12.5,11.2,8.2
5.70,11.6,12.6,11.2,8.2
5.70,11.6,12.5,11.2,8.2
5.70,11.6,12.5,11.2,8.2
5.70,11.6,12.5,11.2,8.2
5.70,11.6,12.5,11.2,8.2
5.70,11.6,12.5,11.2,8.2
5.70,11.6,12.5,11.2,8.2
5.70,11.6,12.5,11.2,8.2
5.70,11.6,12.5,11.2,8.2
5.70,11.6,12.5,11.2,8.2
5.70,11.6,12.5,11.2,8.2
5.70,11.6,12.5,11.2,8.2
5.70,11.6,12.5,11.2,8.2
5.70,11.6,12.5,11.2,8.2
5.70,11.6,12.5,11.2,8.2
5.70,11.6,12.5,11.2,8.2
5.70,11.6,12.5,11.2,8.2
5.70,11.6,12.5,11.2,8.2
5.70,11.6,12.5,11.2,8.2
5.70,11.6,12.5,11.2,8.2
5.70,11.6,12.5,11.2,8.2
5.70,11.6,12.5,11.2,8.2
5.70,11.6,12.5,11.2,8.2
5.70,11.6,12.5,11.2,8.2
5.70,11.6,12.5,11.2,8.2
5.70,11.6,12.5,11.2,8.2
5.70,11.6,12.5,11.2,8.1
5.70,11.6,12.5,11.2,8.1
5.70,11.6,12.5,11.2,8.2
5.70,11.6,12.5,11.2,8.2
5.70,11.6,12.6,11.2,8.2
5.70,11.6,12.5,11.2,8.2
5.70,11.6,12.5,11.2,8.2
5.70,11.6,12.5,11.2,8.2
5.70,11.6,12.5,11.2,8.2
5.70,11.6,12.5,11.2,8.2
5.70,11.6,12.5,11.2,8.2
5.70,11.6,12.5,11.2,8.2
5.70,11.6,12.5,11.2,8.2
5.70,11.6,12.5,11.2,8.2
5.70,11.6,12.5,11.2,8.2
5.70,11.6,12.5,11.2,8.2
5.70,11.6,12.6,11.2,8.2
5.70,11.6,12.5,11.2,8.2
5.70,11.6,12.7,11.2,8.2
5.70,11.6,12.6,11.2,8.2
5.70,11.6,12.7,11.2,8.2
5.70,11.6,12.7,11.2,8.2
5.70,11.6,12.6,11.2,8.2
5.70,11.6,12.5,11.2,8.2
5.70,11.6,12.5,11.2,8.2
5.70,11.6,12.5,11.2,8.2
5.70,11.6,12.5,11.2,8.2
5.70,11.6,12.5,11.2,8.2
5.70,11.6,12.5,11.2,8.2
5.70,11.6,12.5,11.2,8.2
5.70,11.6,12.5,11.2,8.2
5.70,11.6,12.5,11.2,8.2
5.70,11.6,12.5,11.2,8.2
5.70,11.6,12.5,11.2,8.2
5.70,11.6,12.5,11.2,8.2
5.70,11.6,12.6,11.2,8.2
5.70,11.6,12.6,11.2,8.2
5.70,11.6,12.6,11.2,8.2
5.70,11.6,12.5,11.2,8.2
5.70,11.6,12.6,11.2,8.2
5.70,11.6,12.6,11.2,8.2
5.70,11.6,12.5,11.2,8.2
5.70,11.6,12.6,11.2,8.2
5.70,11.6,12.5,11.2,8.2
5.70,11.6,12.5,11.2,8.2
5.70,11.6,12.6,11.2,8.2
5.70,11.6,12.5,11.2,8.2
5.70,11.6,12.5,11.2,8.2
5.70,11.6,12.5,11.2,8.2
5.70,11.6,12.6,11.2,8.2
5.70,11.6,12.6,11.2,8.2
5.70,11.6,12.5,11.2,8.2
5.70,11.6,12.5,11.2,8.2
5.70,11.6,12.6,11.2,8.2
5.70,11.6,12.6,11.2,8.2
5.70,11.6,12.6,11.2,8.2
5.70,11.6,12.5,11.2,8.2
5.70,11.6,12.6,11.2,8.2
5.70,11.6,12.5,11.2,8.2
5.70,11.6,12.5,11.2,8.2
5.70,11.6,12.6,11.2,8.2
5.70,11.6,12.5,11.2,8.2
5.70,11.6,12.5,11.2,8.2
5.70,11.6,12.6,11.2,8.2
5.70,11.6,12.5,11.2,8.2
5.70,11.6,12.5,11.2,8.2
5.70,11.6,12.6,11.2,8.2
5.70,11.6,12.5,11.2,8.2
5.70,11.6,12.5,11.2,8.2
5.70,11.6,12.6,11.1,8.2
5.70,11.6,12.6,11.2,8.2
5.70,11.6,12.6,11.1,8.2
5.70,11.6,12.6,11.2,8.2
5.70,11.6,12.6,11.2,8.2
5.70,11.6,12.6,11.2,8.2
5.70,11.6,12.6,11.2,8.2
5.70,11.6,12.6,11.2,8.2
5.70,11.6,12.6,11.2,8.2
5.70,11.6,12.6,11.2,8.2
5.70,11.6,12.5,11.2,8.2
5.70,11.6,12.6,11.2,8.2
5.70,11.7,12.6,11.2,8.2
5.70,11.6,12.6,11.2,8.2
5.70,11.8,12.5,11.2,8.2
5.70,11.8,12.5,11.2,8.2
5.70,11.7,12.5,11.2,8.2
5.70,11.6,12.5,11.2,8.2
5.70,11.6,12.5,11.2,8.2
5.70,11.6,12.5,11.2,8.2
5.70,11.6,12.5,11.2,8.2
5.70,11.6,12.5,11.2,8.2
5.70,11.6,12.5,11.2,8.2
5.70,11.6,12.5,11.2,8.2
5.70,11.6,12.5,11.2,8.2
5.70,11.6,12.5,11.2,8.2
5.70,11.6,12.5,11.2,8.2
5.70,11.6,12.5,11.2,8.2
5.70,11.6,12.5,11.2,8.2
5.70,11.6,12.5,11.2,8.2
5.70,11.6,12.5,11.2,8.2
5.70,11.6,12.5,11.2,8.2
5.70,11.6,12.5,11.2,8.2
5.70,11.6,12.5,11.2,8.2
5.70,11.6,12.5,11.2,8.2
5.70,11.6,12.5,11.2,8.2
5.70,11.6,12.5,11.2,8.2
5.70,11.6,12.5,11.2,8.2
5.70,11.6,12.5,11.2,8.2
5.70,11.6,12.5,11.2,8.2
5.70,11.6,12.5,11.2,8.2
5.70,11.6,12.5,11.2,8.2
5.70,11.6,12.5,11.2,8.2
5.70,11.6,12.6,11.2,8.2
5.70,11.6,12.6,11.2,8.2
5.70,11.6,12.4,11.2,8.2
5.70,11.6,12.5,11.2,8.2
5.70,11.6,12.6,11.2,8.2
5.70,11.6,12.5,11.2,8.2
5.70,11.6,12.5,11.2,8.2
5.70,11.6,12.5,11.2,8.2
5.70,11.6,12.5,11.2,8.2
5.70,11.6,12.5,11.2,8.1
5.70,11.6,12.5,11.2,8.1
5.70,11.6,12.5,11.2,8.1
5.70,11.6,12.5,11.2,8.1
5.70,,12.5,11.2,8.1
5.70,,12.5,11.2,8.2
5.70,11.6,12.5,11.2,8.2
5.70,,12.5,11.2,8.2
5.70,,12.5,11.2,8.2
5.70,11.6,12.5,11.2,8.2
5.70,,12.5,11.2,8.2
5.70, ,12.5,11.2,8.2
5.70,11.6,12.5,11.2,8.2
5.70,,12.5,11.2,8.2
5.70,,12.5,11.2,8.2
5.70,11.6,12.5,11.2,8.2
5.70,,12.5,11.2,8.2
5.70,11.6,12.5,11.2,8.2
5.70,,12.5,11.2,8.2
5.70,11.6,12.5,11.2,8.2
5.70,,12.5,11.2,8.2
5.70,11.6,12.5,11.2,8.2
5.70,,12.5,11.2,8.2
5.70,11.6,12.5,11.2,8.2
5.70,,12.5,11.2,8.2
5.70,11.6,12.5,11.2,8.2
5.70,,12.5,11.2,8.2
5.70,11.6,12.5,11.2,8.2
5.70,,12.5,11.2,8.2
5.70,11.6,12.5,11.2,8.2
5.70,,12.5,11.2,8.2
5.70,11.6,12.5,11.2,8.2
5.70,,12.5,11.2,8.2
5.70,11.6,12.5,11.2,8.2
5.70,,12.5,11.2,8.2
5.70,11.6,12.5,11.2,8.2
5.70,,12.5,11.2,8.2
5.70,11.6,12.5,11.2,8.2
5.70,,12.5,11.2,8.2
5.70,11.6,12.5,11.2,8.2
5.70,,12.5,11.2,8.2
5.70,11.6,12.5,11.2,8.2
5.70,,12.5,11.2,8.2
5.70,11.6,12.5,11.2,8.2
5.70,,12.5,11.2,8.2
5.70,11.5,12.5,11.2,8.2
5.70,,12.5,11.2,8.2
5.70,11.5,12.5,11.2,8.2
5.70,,12.5,11.2,8.2
5.70,11.6,12.5,11.2,8.2
5.70,,12.5,11.2,8.2
5.70,11.6,12.5,11.2,8.2
5.70,,12.5,11.1,8.2
5.70,11.6,12.5,11.2,8.2
5.70,,12.5,11.2,8.2
5.70,11.6,12.5,11.1,8.2
5.70,,12.5,11.2,8.2
5.70,11.6,12.5,11.2,8.2
5.70,,12.5,11.1,8.2
5.70,11.6,12.5,11.1,8.2
5.70,,12.5,11.1,8.2
5.70,11.6,12.5,11.1,8.2
5.70,,12.5,11.1,8.2
5.70,11.6,12.5,11.1,8.2
5.70,,12.5,11.1,8.2
5.70,11.6,12.5,11.1,8.2
5.70,,12.5,11.2,8.2
5.70,11.6,12.5,11.2,8.2
5.70,,12.5,11.1,8.2
5.70,11.6,12.5,11.1,8.2
5.70,,12.5,11.1,8.2
5.70,11.7,12.5,11.2,8.2
5.70,,12.5,11.2,8.2
5.70,11.7,12.5,11.2,8.2
5.70,,12.5,11.2,8.2
5.70,11.7,12.5,11.2,8.2
5.70,,12.5,11.2,8.2
5.70,11.7,12.5,11.2,8.2
5.70,,12.5,11.2,8.2
5.70,11.7,12.5,11.2,8.2
5.70,,12.5,11.2,8.2
5.70,11.6,12.5,11.2,8.2
5.70,,12.5,11.2,8.2
5.70,11.6,12.5,11.2,8.2
5.70,,12.5,11.1,8.2
5.70,11.6,12.5,11.1,8.2
5.70,,12.5,11.1,8.2
5.70,11.6,12.5,11.1,8.2
5.70,,12.5,11.1,8.2
5.70,11.6,12.5,11.1,8.2
5.70,,12.5,11.1,8.2
5.70,11.6,12.5,11.1,8.2
5.70,,12.5,11.1,8.2
5.70,11.6,12.5,11.2,8.2
5.70,,12.5,11.2,8.2
5.70,11.6,12.5,11.2,8.2
5.70,,12.5,11.2,8.2
5.70,11.6,12.5,11.1,8.2
5.70,,12.5,11.1,8.2
5.70,11.6,12.5,11.1,8.2
5.70,,12.5,11.1,8.2
5.70,,12.5,11.1,8.2
5.70,11.6,12.5,11.1,8.2
5.70,,12.5,11.1,8.2
5.70,,12.5,11.1,8.2
5.70,11.6,12.5,11.1,8.2
5.70,,12.5,11.1,8.2
5.70,,12.5,11.1,8.2
5.70,11.5,12.5,11.1,8.2
5.70, ,12.5,11.1,8.2
5.70,,12.5,11.1,8.2
5.70,11.6,12.5,11.2,8.2
5.70,,12.5,11.2,8.2
5.70,,12.5,11.1,8.2
5.70,11.6,12.5,11.2,8.2
5.70,,12.5,11.1,8.2
5.70,,12.5,11.2,8.2
5.70,11.5,12.5,11.2,8.2
5.70,,12.5,11.2,8.2
5.70,,12.5,11.1,8.2
5.70,11.6,12.5,11.1,8.2
5.70,,12.5,11.1,8.2
5.70,,12.5,11.1,8.2
5.70,11.0,12.5,11.1,8.2
5.70,0.6,12.5,11.1,8.2
5.70,,12.5,11.1,8.2
5.70,,12.5,11.1,8.2
5.70,11.6,12.5,11.1,8.2
5.70,,12.5,11.1,8.1
5.70,,12.5,11.1,8.1
5.70,11.6,12.5,11.1,8.1
5.70,,12.5,11.1,8.2
5.70, ,12.5,11.1,8.2
5.70,11.6,12.5,11.1,8.2
5.70,,12.5,11.1,8.2
5.70,,12.5,11.2,8.2
5.70,11.5,12.5,11.1,8.2
5.70,,12.5,11.1,8.2
5.70,11.6,12.5,11.1,8.2
5.70,,12.5,11.1,8.2
5.70,11.6,12.5,11.1,8.2
5.70,,12.5,11.1,8.2
5.70,11.6,12.5,11.1,8.2
5.70,,12.4,11.1,8.2
5.70,11.5,12.4,11.1,8.2
5.70,,12.4,11.1,8.2
5.70,11.6,12.4,11.1,8.2
5.70,,12.5,11.1,8.2
5.70,11.6,12.6,11.1,8.2
5.70,,12.6,11.1,8.2
5.70,11.6,12.5,11.1,8.2
5.70,,12.5,11.1,8.2
5.70,11.6,12.5,11.1,8.2
5.70,,12.5,11.1,8.2
5.70,11.6,12.5,11.1,8.2
5.70,,12.5,11.1,8.2
5.70,11.6,12.5,11.1,8.2
5.70,,12.5,11.1,8.2
5.70,11.6,12.5,11.1,8.2
5.70,,12.5,11.1,8.2
5.70,11.6,12.5,11.2,8.2
5.70,,12.5,11.1,8.2
5.70,11.6,12.5,11.2,8.2
5.70,,12.5,11.2,8.2
5.70,11.5,12.5,11.2,8.2
5.70,,12.5,11.2,8.2
5.70,11.5,12.5,11.2,8.2
5.70,,12.5,11.2,8.2
5.70,11.5,12.5,11.2,8.2
5.70,,12.5,11.2,8.2
5.70,11.5,12.5,11.2,8.2
5.70,,12.5,11.1,8.2
5.70,11.5,12.5,11.1,8.2
5.70,,12.5,11.1,8.2
5.70,11.5,12.5,11.1,8.2
5.70,,12.5,11.2,8.2
5.70,11.5,12.5,11.1,8.2
5.70,,12.5,11.1,8.2
5.70,11.5,12.5,11.1,8.2
5.70,,12.5,11.1,8.2
5.70,11.5,12.5,11.1,8.2
5.70,,12.5,11.1,8.2
5.70,11.5,12.5,11.1,8.2
5.70,,12.5,11.1,8.2
5.70,11.5,12.5,11.1,8.2
5.70,,12.5,11.1,8.2
5.70,11.5,12.5,11.1,8.2
5.70,,12.5,11.1,8.2
5.70,11.6,12.5,11.2,8.2
5.70,,12.5,11.1,8.2
5.70,11.6,12.5,11.1,8.2
5.70,,12.5,11.1,8.2
5.70,11.6,12.5,11.1,8.2
5.70,,12.5,11.1,8.1
5.70,11.6,12.5,11.1,8.2
5.70,,12.5,11.1,8.2
5.70,11.6,12.5,11.1,8.2
5.70,,12.5,11.1,8.2
5.70,11.6,12.5,11.1,8.2
5.70,,12.5,11.1,8.2
5.70,11.6,12.5,11.1,8.2
5.70,,12.5,11.1,8.1
5.70,11.6,12.5,11.1,8.1
5.70,,12.5,11.1,8.1
5.70,11.6,12.5,11.1,8.1
5.70,,12.5,11.1,8.1
5.70,11.6,12.5,11.1,8.2
5.70,,12.5,11.1,8.2
5.70,11.6,12.5,11.1,8.2
5.70,,12.5,11.1,8.1
5.70,11.6,12.5,11.1,8.2
5.70,,12.5,11.1,8.2
5.70,11.6,12.5,11.1,8.2
5.70,,12.5,11.1,8.2
5.70,11.6,12.5,11.1,8.2
5.70,,12.5,11.1,8.2
5.70,11.6,12.5,11.1,8.2
5.70,,12.5,11.1,8.2
5.70,,12.5,11.1,8.2
5.70,11.6,12.5,11.1,8.2
5.70,,12.5,11.1,8.2
5.70,11.6,12.5,11.1,8.2
5.70,,12.5,11.1,8.2
5.70,,12.5,11.1,8.2
5.70,11.6,12.5,11.1,8.2
5.70,,12.5,11.1,8.2
5.70,,12.5,11.1,8.2
5.70,11.6,12.5,11.1,8.2
5.70,,12.5,11.1,8.2
5.70,,12.5,11.1,8.2
5.70,11.6,12.5,11.1,8.2
5.70, ,12.5,11.1,8.2
5.70,,12.5,11.1,8.2
5.70,11.6,12.5,11.1,8.2
5.70,,12.5,11.1,8.2
5.70,,12.5,11.1,8.2
5.70,11.6,12.4,11.1,8.2
5.70,,12.5,11.1,8.2
5.70,,12.5,11.1,8.2
5.70,11.0,12.5,11.1,8.2
5.70,6.0,12.5,11.1,8.2
5.70,,12.5,11.1,8.1
5.70,1.0,12.5,11.1,8.2
5.70,1.6,12.5,11.1,8.2
5.70,,12.5,11.1,8.2
5.70,,12.5,11.1,8.2
5.70,11.6,12.5,11.1,8.2
5.70,,12.5,11.1,8.2
5.70, ,12.5,11.1,8.2
5.70,11.6,12.5,11.1,8.2
5.70,,12.5,11.1,8.2
5.70,,12.5,11.1,8.2
5.70,11.6,12.5,11.1,8.2
5.70,,12.5,11.1,8.2
5.70,11.6,12.5,11.1,8.2
5.70,,12.5,11.1,8.2
5.70,11.6,12.5,11.1,8.2
5.70,,12.5,11.1,8.2
5.70,11.6,12.4,11.1,8.1
5.70,,12.5,11.1,8.1
5.70,11.6,12.5,11.1,8.2
5.70,,12.5,11.1,8.2
5.70,11.6,12.5,11.1,8.2
5.70,,12.5,11.1,8.2
5.70,11.6,12.5,11.1,8.2
5.70,,12.5,11.1,8.2
5.70,11.6,12.5,11.1,8.2
5.70,,12.5,11.1,8.2
5.70,11.6,12.5,11.1,8.2
5.70,,12.5,11.1,8.2
5.70,11.6,12.5,11.1,8.2
5.70,,12.5,11.1,8.2
5.70,11.6,12.5,11.1,8.2
5.70,,12.5,11.1,8.2
5.70,11.6,12.5,11.1,8.2
5.70,,12.5,11.1,8.2
5.70,11.6,12.4,11.1,8.1
5.70,,12.5,11.1,8.1
5.70,11.6,12.5,11.1,8.1
5.70,,12.5,11.1,8.1
5.70,11.6,12.5,11.1,8.1
5.70,,12.5,11.1,8.1
5.70,11.6,12.5,11.1,8.1
5.70,,12.5,11.1,8.1
5.70,11.6,12.5,11.1,8.1
5.70,,12.5,11.1,8.1
5.70,11.6,12.5,11.1,8.1
5.70,,12.5,11.1,8.1
5.70,11.6,12.5,11.1,8.1
5.70,,12.5,11.1,8.1
5.70,11.6,12.5,11.1,8.1
5.70,,12.5,11.1,8.1
5.70,11.6,12.5,11.1,8.1
5.70,,12.4,11.1,8.1
5.70,11.6,12.5,11.1,8.1
5.70,,12.5,11.1,8.1
5.70,11.6,12.5,11.1,8.1
5.70,,12.5,11.1,8.1
5.70,11.6,12.5,11.1,8.1
5.70,,12.5,11.1,8.1
5.70,11.6,12.4,11.1,8.1
5.70,,12.4,11.1,8.1
5.70,11.6,12.4,11.1,8.2
5.70,,12.4,11.1,8.2
5.60,11.6,12.5,11.1,8.2
5.70,,12.5,11.1,8.2
5.60,11.6,12.4,11.1,8.2
5.60,,12.4,11.1,8.2
5.90,11.6,12.5,11.1,8.2
5.50,,12.5,11.1,8.2
5.70,11.6,12.4,11.1,8.2
6.20,,12.5,11.1,8.2
5.70,11.6,12.5,11.1,8.2
5.80,,12.5,11.1,8.2
5.80,11.6,12.5,11.1,8.2
5.70,,12.5,11.1,8.2
5.70,11.6,12.5,11.1,8.1
5.70,,12.5,11.1,8.2
5.70,11.6,12.5,11.1,8.2
5.70,,12.5,11.1,8.2
5.70,11.6,12.5,11.1,8.2
5.70,,12.5,11.1,8.2
5.60,11.6,12.5,11.1,8.2
5.80,,12.5,11.1,8.2
5.70,11.6,12.5,11.1,8.2
5.70,,12.5,11.1,8.2
5.60,11.6,12.5,11.1,8.2
5.70,,12.5,11.1,8.2
5.70,11.6,12.5,11.1,8.2
5.70,,12.5,11.1,8.2
5.60,11.6,12.5,11.1,8.2
5.70,,12.5,11.1,8.1
5.70,11.6,12.5,11.1,8.1
5.40,,12.5,11.1,8.2
5.70,11.6,12.5,11.1,8.1
5.70,,12.5,11.1,8.1
5.60,11.6,12.5,11.1,8.2
5.70,,12.5,11.1,8.2
5.70,,12.5,11.1,8.2
5.70,11.6,12.5,11.1,8.2
5.60,,12.5,11.1,8.2
5.70,,12.5,11.1,8.2
5.70,11.6,12.5,11.1,8.2
5.70,,12.5,11.1,8.2
5.60,,12.5,11.1,8.1
5.70,11.6,12.5,11.1,8.2
5.70, ,12.5,11.1,8.1
5.70,,12.5,11.1,8.2
5.60,11.6,12.5,11.1,8.2
5.70,,12.5,11.1,8.2
5.70,,12.5,11.1,8.2
5.50,11.6,12.5,11.1,8.1
5.60, ,12.5,11.1,8.2
5.70,,12.5,11.1,8.2
5.70,11.0,12.5,11.1,8.1
5.70,6.0,12.5,11.1,8.1
5.70,,12.5,11.1,8.1
5.70,11.6,12.5,11.1,8.1
5.70,,12.5,11.1,8.1
5.70,,12.4,11.1,8.1
5.70,11.0,12.4,11.1,8.1
5.70,6.0,12.4,11.1,8.1
5.70,,12.4,11.1,8.1
5.70,1.0,12.4,11.1,8.2
5.70,1.6,12.4,11.1,8.1
5.70,,12.4,11.1,8.1
5.70,,12.4,11.1,8.1
5.70,11.6,12.4,11.1,8.2
5.70,,12.4,11.1,8.2
5.70, ,12.4,11.1,8.2
5.70,11.6,12.4,11.1,8.2
5.70,,12.4,11.1,8.2
5.70,,12.4,11.1,8.2
5.70,11.6,12.4,11.1,8.2
5.70,,12.4,11.1,8.1
5.70,11.6,12.4,11.1,8.1
5.70,,12.4,11.1,8.1
5.70,11.6,12.4,11.1,8.1
5.70,,12.4,11.1,8.2
5.70,11.6,12.5,11.1,8.1
5.70,,12.5,11.1,8.1
5.70,11.6,12.4,11.1,8.1
5.70,,12.4,11.1,8.1
5.70,11.6,12.4,11.1,8.1
5.70,,12.4,11.1,8.1
5.70,11.6,12.4,11.1,8.1
5.70,,12.4,11.1,8.1
5.70,11.6,12.5,11.1,8.1
5.70,,12.4,11.1,8.1
5.70,11.6,12.4,11.1,8.2
5.70,,12.4,11.1,8.2
5.70,11.6,12.4,11.1,8.2
5.70,,12.4,11.1,8.2
5.70,11.6,12.4,11.1,8.2
5.70,,12.5,11.1,8.1
5.70,11.6,12.4,11.1,8.2
5.70,,12.4,11.1,8.2
5.70,11.6,12.4,11.1,8.1
5.70,,12.4,11.1,8.1
5.70,11.6,12.4,11.1,8.1
5.70,,12.4,11.1,8.1
5.70,11.6,12.4,11.1,8.1
5.70,,12.4,11.1,8.1
5.70,11.6,12.4,11.1,8.1
5.70,,12.4,11.1,8.1
5.70,11.6,12.4,11.1,8.1
5.70,,12.4,11.1,8.2
5.70,11.6,12.4,11.1,8.2
5.70,,12.4,11.1,8.2
5.70,11.6,12.4,11.1,8.1
5.70,,12.4,11.1,8.1
5.70,11.6,12.4,11.1,8.1
5.70,,12.5,11.1,8.1
5.70,11.6,12.5,11.1,8.1
5.70,,12.5,11.1,8.1
5.70,11.6,12.5,11.1,8.1
5.70,,12.5,11.1,8.1
5.70,11.6,12.5,11.1,8.1
5.70,,12.5,11.1,8.1
5.70,11.6,12.5,11.1,8.1
5.70,,12.5,11.1,8.1
5.70,11.6,12.5,11.1,8.1
5.70,,12.5,11.1,8.1
5.70,11.6,12.5,11.1,8.1
5.70,,12.5,11.1,8.1
5.70,11.6,12.5,11.1,8.1
5.70,,12.5,11.1,8.1
5.70,11.6,12.5,11.1,8.1
5.70,,12.5,11.1,8.1
5.70,11.6,12.5,11.1,8.1
5.70,,12.5,11.1,8.1
5.70,11.6,12.5,11.1,8.1
5.60,,12.5,11.1,8.1
5.60,11.6,12.5,11.1,8.1
5.60,,12.5,11.1,8.1
5.60,11.5,12.5,11.1,8.1
5.60,,12.5,11.1,8.1
5.60,11.6,12.5,11.1,8.1
5.60,,12.5,11.1,8.1
5.60,11.6,12.4,11.1,8.1
5.60,,12.4,11.1,8.1
5.60,11.6,12.4,11.1,8.1
5.60,,12.4,11.1,8.1
5.60,11.6,12.4,11.1,8.2
5.60,,12.4,11.1,8.2
5.70,11.6,12.4,11.1,8.2
5.70,,12.4,11.1,8.2
5.60,11.6,12.4,11.1,8.2
5.70,,12.4,11.1,8.1
5.60,11.6,12.4,11.1,8.1
5.70,,12.4,11.1,8.1
5.70,11.6,12.4,11.1,8.1
5.70,,12.4,11.1,8.1
5.60,11.6,12.4,11.1,8.1
5.60,,12.4,11.1,8.1
5.60, 11.6   .,12.4,11.1,8.1
5.70,,12.4,11.1,8.1
5.60,,12.4,11.1,8.1
5.60,11.6,12.4,11.1,8.1
5.60,,12.4,11.1,8.1
5.60,,12.4,11.1,8.1
5.60,11.6,12.4,11.1,8.1
5.60,,12.3,11.1,8.1
5.60,,12.3,11.1,8.1
5.60,11.6,12.3,11.1,8.1
5.60,,12.3,11.1,8.1
5.60,,12.3,11.1,8.1
5.60,11.6,12.3,11.1,8.1
5.60, ,12.3,11.1,8.1
5.60,,12.3,11.1,8.1
5.60,11.6,12.3,11.1,8.2
5.60,,12.3,11.1,8.2
5.60,,12.3,11.1,8.1
5.60,11.6,12.3,11.1,8.2
5.60,,12.3,11.1,8.1
5.60,,12.3,11.1,8.1
5.60,11.0,12.3,11.1,8.1
5.60,6.0,12.3,11.1,8.1
5.60,,12.3,11.1,8.1
5.60,1.0,12.3,11.1,8.1
5.60,1.6,12.3,11.1,8.1
5.60,,12.3,11.1,8.1
5.60,,12.3,11.1,8.1
5.60,11.6,12.3,11.1,8.1
5.60,,12.3,11.1,8.1
5.60, ,12.3,11.1,8.2
5.60,11.6,12.3,11.1,8.1
5.60,,12.3,11.1,8.1
5.60,,12.3,11.1,8.2
5.60,11.6,12.3,11.1,8.1
5.60,,12.3,11.1,8.1
5.60,11.6,12,11.1,8.2
5.60,,12,11.1,8.1
5.60,11.6,12,11.1,8.1
5.60,,12,11.1,8.1
5.60,11.6,12,11.1,8.1
5.60,,12,11.1,8.1
5.60,11.6,12,11.1,8.1
5.60,,12,11.1,8.1
5.60,11.6,12,11.1,8.1
5.60,,12,11.1,8.1
5.60,11.6,11.7,11.1,8.1
5.60,,11.7,11.1,8.1
5.60,11.6,11.7,11.1,8.1
5.60,,11.7,11.1,8.1
5.60,11.6,11.7,11.1,8.1
5.60,,11.7,11.1,8.1
5.60,11.6,11.7,11.1,8.1
5.60,,11.7,11.1,8.1
5.60,11.6,11.7,11.1,8.1
5.60,,11.7,11.1,8.1
5.60,11.6,11.7,11.1,8.2
5.60,,11.7,11.1,8.1
5.60,11.6,11.7,11.1,8.1
5.60,,11.7,11.1,8.1
5.60,11.6,11.7,11.1,8.2
5.60,,11.7,11.1,8.2
5.60,11.6,11.7,11.1,8.2
5.60,,11.7,11.1,8.2
5.60,11.6,11.7,11.1,8.3
5.60,,11.7,11.1,8.3
5.60,11.6,11.7,11.1,8.2
5.60,,11.7,11.1,8.1
5.60,11.6,11.7,11.1,8.1
5.60,,11.7,11.1,8.2
5.60,11.6,11.7,11.1,8.1
5.60,,11.7,11.1,8.1
5.60,11.6,11.7,11.1,8.1
5.60,,11.7,11.1,8.1
5.60,11.6,11.7,11.1,8.1
5.60,,11.7,11.1,8.1
5.60,11.6,11.7,11.1,8.1
5.60,,11.7,11.1,8.1
5.60,11.6,11.6,11.1,8.1
5.60,,11.6,11.1,8.1
5.60,11.6,11.6,11.1,8.1
5.60,,11.7,11.1,8.1
5.60,11.6,11.6,11.1,8.1
5.60,,11.6,11.1,8.1
5.60,11.6,11.6,11.1,8.1
5.60,,11.6,11.1,8.1
5.60,11.6,11.6,11.1,8.1
5.60,,11.6,11.1,8.1
5.60,11.6,11.6,11.1,8.1
5.60,,11.6,11.1,8.2
5.60,11.6,11.6,11.1,8.1
5.60,,11.4,11.1,8.1
5.60,11.6,11.4,11.1,8.1
5.60,,11.4,11.1,8.2
5.60,11.6,11.4,11.1,8.2
5.60,,11.4,11.1,8.2
5.60,11.6,11.4,11.1,8.2
5.60,,11.4,11.1,8.2
5.60,11.6,11.4,11.1,8.2
5.60,,11.4,11.1,8.2
5.60,11.6,11.4,11.1,8.2
5.60,,11.4,11.1,8.2
5.60,11.6,11.4,11.1,8.2
5.60,,11.4,11.1,8.1
5.60,11.6,11.4,11.1,8.1
5.60,,11.4,11.1,8.2
5.60,11.6,11.4,11.1,8.2
5.60,,11.4,11.1,8.2
5.60,11.6,11.4,11.1,8.2
5.60,,11.4,11.1,8.2
5.60,11.6,11.4,11.1,8.2
5.60,,11.4,11.1,8.2
5.60,11.6,11.4,11.1,8.2
5.60,,11.4,11.1,8.1
5.60,11.6,11.4,11.1,8.2
5.60,,11.4,11.1,8.2
5.60,11.6,11.4,11.1,8.1
5.60,,11.4,11.1,8.1
5.60,11.6,11.4,11.1,8.2
5.60,,11.4,11.1,8.2
5.60,,11.4,11.1,8.1
5.60, 11.6   .,11.4,11.1,8.1
5.60,,11.4,11.1,8.2
5.60,,11.4,11.1,8.2
5.60,11.6,11.4,11.1,8.2
5.60,,11.4,11.1,8.2
5.60,,11.4,11.1,8.2
5.60,11.6,11.4,11.1,8.1
5.60,,11.4,11.1,8.1
5.60,,11.4,11.1,8.2
5.60,11.6,11.4,11.1,8.2
5.60,,11.4,11.1,8.2
5.60,,11.4,11.1,8.1
5.60,11.6,11.4,11.1,8.1
5.60, ,11.4,11.1,8.2
5.60,,11.4,11.1,8.2
5.60,11.0,11.4,11.1,8.1
5.60,6.0,11.4,11.1,8.2
5.60,,11.4,11.1,8.2
5.60,11.6,11.4,11.1,8.2
5.60,,11.4,11.1,8.1
5.60,,11.4,11.1,8.2
5.60,11.0,11.4,11.1,8.2
5.60,6.0,11.4,11.1,8.1
5.60,,11.4,11.1,8.1
5.60,1.0,11.4,11.1,8.1
5.60,1.6,11.4,11.1,8.2
5.60,,11.4,11.1,8.1
5.60,,11.4,11.1,8.1
5.60,11.6,11.4,11.1,8.1
5.60,,11.4,11.1,8.2
5.60, ,11.4,11.1,8.2
5.60,11.5,11.4,11.1,8.1
5.60,,11.4,11.1,8.2
5.60,,11.4,11.1,8.2
5.60,11.5,11.4,11.1,8.2
5.60,,11.4,11.1,8.1
5.60,11.6,11.4,11.1,8.2
5.60,,11.4,11.1,8.2
5.60,11.6,11.4,11.1,8.2
5.60,,11.4,11.1,8.1
5.60,11.6,11.4,11.1,8.2
5.60,,11.4,11.1,8.2
5.60,11.6,11.4,11.1,8.1
5.60,,11.4,11.1,8.1
5.60,11.6,11.4,11.1,8.2
5.60,,11.4,11.1,8.2
5.60,11.6,11.4,11.1,8.1
5.60,,11.4,11.1,8.1
5.60,11.5,11.4,11.1,8.2
5.60,,11.4,11.1,8.2
5.60,,11.4,11.1,8.2
5.60,11.7,11.4,11.1,8.2
5.60,,11.4,11.1,8.2
5.60,,11.4,11.1,8.2
5.60,11.8,11.4,11.1,8.2
5.60, ,11.4,11.1,8.2
5.60,,11.4,11.1,8.2
5.60,12.0,11.4,11.1,8.2
5.60,,11.4,11.1,8.2
5.60,,11.4,11.1,8.2
5.60,11.9,11.4,11.1,8.2
5.60,,11.4,11.1,8.2
5.60,,11.4,11.1,8.2
5.60,11.8,11.4,11.1,8.2
5.60,,11.4,11.1,8.2
5.60,,11.4,11.1,8.2
5.60,,11.4,11.1,8.2
5.60,11.8,11.4,11.1,8.2
5.60,,11.4,11.1,8.2
5.60,,11.4,11.1,8.2
5.60,11.8,11.4,11.1,8.2
5.60,,11.4,11.1,8.1
5.60, ,11.4,11.1,8.1
5.60,11.7,11.4,11.1,8.1
5.60,,11.4,11.1,8.1
5.60,,11.4,11.1,8.1
5.60,11.6,11.4,11.1,8.1
5.60,,11.4,11.1,8.1
5.60, ,11.4,11.1,8.1
5.60,11.6,11.4,11.1,8.1
5.60,,11.4,11.1,8.1
5.60,,11.4,11.1,8.1
5.60,11.5,11.4,11.1,8.1
5.60,,11.4,11.1,8.1
5.60,11.5,11.4,11.1,8.1
5.60,,11.4,11.1,8.1
5.60,11.5,11.4,11.1,8.1
5.60,,11.4,11.1,8.1
5.60,11.6,11.4,11.1,8.1
5.60,,11.4,11.1,8.1
5.60,11.6,11.4,11.1,8.1
5.60,,11.4,11.1,8.1
5.60,11.6,11.4,11.1,8.1
5.60,,11.4,11.1,8.1
5.60,11.6,11.4,11.1,8.1
5.60,,11.4,11.1,8.1
5.60,11.6,11.4,11.1,8.1
5.60,,11.4,11.1,8.2
5.60,11.6,11.4,11.1,8.2
5.60,,11.4,11.1,8.2
5.60,11.5,11.4,11.1,8.2
5.60,,11.4,11.1,8.2
5.60,11.5,11.4,11.1,8.1
5.60,,11.4,11.1,8.2
5.60,11.5,11.4,11.1,8.1
5.60,,11.4,11.1,8.1
5.60,11.5,11.4,11.1,8.1
5.60,,11.4,11.1,8.1
5.60,11.5,11.4,11.1,8.1
5.60,,11.4,11.1,8.1
5.60,11.5,11.4,11.1,8.1
5.60,,11.4,11.1,8.1
5.60,11.5,11.3,11.1,8.2
5.60,,11.4,11.1,8.2
5.60,11.5,11.4,11.1,8.1
5.60,,11.4,11.1,8.1
5.60,11.5,11.3,11.1,8.1
5.60,,11.4,11.1,8.1
5.60,11.5,11.4,11.1,8.1
5.60,,11.4,11.1,8.1
5.60,11.5,11.4,11.1,8.1
5.60,,11.4,11.1,8.1
5.60,11.5,11.4,11.1,8.1
5.60,,11.4,11.1,8.1
5.60,11.5,11.4,11.1,8.1
5.60,,11.4,11.1,8.1
5.60,11.5,11.4,11.1,8.1
5.60,,11.4,11.1,8.1
5.60,11.5,11.4,11.1,8.1
5.60,,11.4,11.1,8.1
5.60,11.5,11.4,11.1,8.1
5.60,,11.4,11.1,8.1
5.60,11.5,11.4,11.1,8.1
5.60,,11.4,11.1,8.1
5.60,11.5,11.4,11.1,8.1
5.60,,11.4,11.1,8.1
5.60,11.5,11.4,11.1,8.1
5.60,,11.4,11.1,8.1
5.60,11.5,11.4,11.1,8.1
5.60,,11.4,11.1,8.1
5.60,11.5,11.4,11.1,8.1
5.60,,11.4,11.1,8.1
5.60,11.5,11.4,11.1,8.1
5.60,,11.4,11.1,8.1
5.60,11.5,11.4,11.1,8.1
5.60,,11.4,11.1,8.1
5.60,11.5,11.4,11.1,8.1
5.60,,11.4,11.1,8.1
5.60,11.5,11.4,11.1,8.1
5.60,,11.4,11.1,8.1
5.60,11.5,11.4,11.1,8.1
5.60,,11.4,11.1,8.1
5.60,11.5,11.4,11.1,8.1
5.60,,11.4,11.1,8.1
5.60,11.5,11.4,11.1,8.1
5.60,,11.4,11.1,8.2
5.60,11.5,11.4,11.1,8.1
5.60,,11.4,11.1,8.1
5.60,11.5,11.4,11.1,8.1
5.60,,11.4,11.1,8.1
5.60,11.5,11.4,11.1,8.1
5.60,,11.4,11.1,8.1
5.60,11.5,11.4,11.1,8.1
5.60,,11.4,11.1,8.2
5.60,,11.4,11.1,8.2
5.60,11.5,11.4,11.1,8.1
5.60,,11.4,11.1,8.1
5.60,,11.4,11.1,8.1
5.60,11.5,11.4,11.1,8.1
5.60,,11.4,11.1,8.1
5.60,,11.4,11.1,8.1
5.60,11.5,11.4,11.1,8.1
5.60,,11.4,11.1,8.1
5.60,,11.4,11.1,8.1
5.60,11.5,11.3,11.1,8.1
5.60,,11.4,11.1,8.1
5.60,,11.4,11.1,8.1
5.50,11.5,11.4,11.1,8.1
5.60,,11.4,11.1,8.1
5.60,,11.4,11.1,8.1
5.60,11.5,11.4,11.1,8.1
5.60,,11.4,11.1,8.1
5.60,,11.4,11.1,8.1
5.60,11.5,11.4,11.1,8.1
5.60,,11.4,11.1,8.1
5.60,,11.4,11.1,8.1
5.60,11.0,11.4,11.1,8.1
5.50,5.0,11.4,11.1,8.1
5.50,,11.4,11.1,8.1
5.50,1.0,11.4,11.1,8.1
5.50,1.5,11.3,11.1,8.1
5.50,,11.4,11.1,8.1
5.60,,11.4,11.1,8.1
5.60,11.5,11.4,11.1,8.1
5.50,,11.4,11.1,8.1
5.60, ,11.4,11.1,8.1
5.60,11.5,11.4,11.1,8.1
5.50,,11.4,11.1,8.1
5.50,,11.4,11.1,8.1
5.50,11.5,11.4,11.1,8.1
5.50,,11.4,11.1,8.1
5.50,11.5,11.4,11.1,8.1
5.50,,11.4,11.1,8.1
5.50,11.5,11.4,11.1,8.1
5.60,,11.4,11.1,8.1
5.60,11.5,11.4,11.1,8.1
5.60,,11.4,11.1,8.2
5.60,11.5,11.4,11.1,8.2
5.60,,11.4,11.1,8.2
5.50,11.5,11.4,11.1,8.1
5.50,,11.4,11.1,8.1
5.50,11.5,11.4,11.1,8.1
5.50,,11.4,11.1,8.1
5.50,11.5,11.4,11.1,8.1
5.50,,11.4,11.1,8.1
5.50,11.5,11.4,11.1,8.1
5.50,,11.4,11.1,8.1
5.50,11.5,11.4,11.1,8.1
5.50,,11.4,11.1,8.1
5.50,11.5,11.4,11.1,8.1
5.50,,11.4,11.1,8.1
5.50,11.5,11.4,11.1,8.1
5.50,,11.4,11.1,8.1
5.50,11.5,11.4,11.1,8.1
5.50,,11.4,11.1,8.1
5.50,11.5,11.4,11.1,8.1
5.50,,11.4,11.1,8.1
5.50,11.5,11.4,11.1,8.1
5.50,,11.4,11.1,8.1
5.50,11.5,11.4,11.1,8.1
5.50,,11.4,11.1,8.1
5.50,11.5,11.4,11.1,8.1
5.50,,11.4,11.1,8.1
5.50,11.5,11.4,11.1,8.1
5.50,,11.4,11.1,8.1
5.50,11.5,11.4,11.1,8.1
5.50,,11.4,11.1,8.1
5.50,11.5,11.4,11.1,8.1
5.50,,11.4,11.1,8.1
5.50,11.5,11.4,11.1,8.1
5.50,,11.4,11.1,8.1
5.50,11.5,11.4,11.1,8.1
5.50,,11.4,11.1,8.1
5.50,11.5,11.4,11.1,8.1
5.50,,11.4,11.1,8.1
5.50,11.5,11.4,11.1,8.1
5.50,,11.4,11.1,8.1
5.50,11.5,11.4,11.1,8.1
5.50,,11.4,11.1,8.1
5.50,11.5,11.4,11.1,8.1
5.50,,11.4,11.1,8.1
5.50,11.5,11.4,11.1,8.1
5.50,,11.3,11.1,8.1
5.50,11.5,11.3,11.1,8.1
5.50,,11.3,11.1,8.1
5.50,11.5,11.3,11.1,8.1
5.50,,11.3,11.1,8.1
5.50,11.5,11.3,11.1,8.1
5.50,,11.3,11.1,8.1
5.50,11.5,11.3,11.1,8.1
5.50,,11.3,11.1,8.1
5.50,11.5,11.3,11.1,8.1
5.50,,11.3,11.1,8.1
5.50,11.5,11.3,11.1,8.2
5.50,,11.3,11.1,8.1
5.50,11.5,11.3,11.1,8.1
5.50,,11.3,11.1,8.2
5.50,11.5,11.3,11.1,8.1
5.50,,11.3,11.1,8.1
5.50,11.5,11.3,11.1,8.1
5.50,,11.3,11.1,8.1
5.50,11.5,11.4,11.1,8.2
5.50,,11.3,11.1,8.1
5.50,11.5,11.3,11.1,8.2
5.50,,11.3,11.1,8.2
5.50,11.5,11.3,11.1,8.1
5.50,,11.3,11.1,8.1
5.50,11.5,11.3,11.1,8.1
5.50,,11.3,11.1,8.1
5.50,11.5,11.3,11.1,8.1
5.50,,11.3,11.1,8.2
5.50,11.5,11.3,11.1,8.1
5.50,,11.3,11.1,8.1
5.50,11.5,11.3,11.1,8.1
5.50,,11.3,11.1,8.2
5.50,,11.3,11.1,8.1
5.50, 11.5   .,11.3,11.1,8.1
5.50,,11.3,11.1,8.1
5.50,,11.3,11.1,8.2
5.50,11.5,11.3,11.1,8.1
5.50,,11.3,11.1,8.1
5.50,,11.3,11.1,8.1
5.50,11.5,11.3,11.1,8.1
5.50, ,11.3,11.1,8.1
5.50,,11.4,11.1,8.1
5.50,11.5,11.4,11.1,8.1
5.50,,11.4,11.1,8.1
5.50,,11.4,11.1,8.1
5.50,11.5,11.4,11.1,8.1
5.50,,11.4,11.1,8.1
5.50,,11.4,11.1,8.1
5.50,11.0,11.4,11.1,8.1
5.50,5.0,11.4,11.1,8.1
5.50,,11.4,11.1,8.1
5.50,1.0,11.4,11.1,8.1
5.50,1.5,11.4,11.1,8.1
5.50,,11.4,11.1,8.1
5.50,,11.4,11.1,8.1
5.50,11.5,11.4,11.1,8.1
5.50,,11.4,11.1,8.1
5.50, ,11.4,11.1,8.1
5.50,11.5,11.4,11.1,8.1
5.50,,11.3,11.1,8.1
5.50,,11.3,11.1,8.1
5.50,11.5,11.3,11.1,8.1
5.50,,11.3,11.1,8.1
5.50, ,11.3,11.1,8.1
5.50,11.5,11.3,11.1,8.1
5.50,,11.3,11.1,8.1
5.50,,11.3,11.1,8.1
5.50,11.5,11.3,11.1,8.1
5.50,,11.3,11.1,8.1
5.50,11.5,11.3,11.1,8.2
5.50,,11.3,11.1,8.2
5.50,11.5,11.3,11.1,8.1
5.50,,11.3,11.1,8.1
5.50,11.5,11.3,11.1,8.1
5.50,,11.3,11.1,8.1
5.50,11.5,11.3,11.1,8.1
5.50,,11.3,11.1,8.1
5.50,11.5,11.3,11.1,8.1
5.50,,11.3,11.1,8.1
5.50,11.5,11.3,11.1,8.1
5.50,,11.3,11.1,8.1
5.50,11.5,11.4,11.1,8.1
5.50,,11.3,11.1,8.1
5.50,11.5,11.3,11.1,8.1
5.50,,11.3,11.1,8.1
5.50,11.5,11.3,11.1,8.1
5.50,,11.3,11.1,8.1
5.50,11.5,11.3,11.1,8.1
5.50,,11.3,11.1,8.1
5.50,11.5,11.3,11.1,8.1
5.50,,11.3,11.1,8.1
5.50,11.5,11.3,11.1,8.1
5.50,,11.3,11.1,8.1
5.50,11.5,11.3,11.1,8.1
5.50,,11.3,11.1,8.1
5.50,11.5,11.3,11.1,8.1
5.50,,11.3,11.1,8.1
5.50,11.5,11.3,11.1,8.1
5.50,,11.4,11.1,8.1
5.50,11.5,11.3,11.1,8.1
5.50,,11.3,11.1,8.1
5.50,11.5,11.3,11.1,8.1
5.50,,11.3,11.1,8.1
5.50,11.5,11.4,11.1,8.1
5.50,,11.3,11.1,8.1
5.50,11.5,11.3,11.1,8.1
5.50,,11.4,11.1,8.1
5.50,11.5,11.4,11.1,8.1
5.50,,11.3,11.1,8.1
5.50,11.5,11.4,11.1,8.1
5.50,,11.3,11.1,8.1
5.50,11.5,11.3,11.1,8.1
5.50,,11.2,11.1,8.1
5.50,11.5,11.4,11.1,8.1
5.50,,11.4,11.1,8.1
5.50,11.5,11.3,11.1,8.1
5.50,,11.3,11.1,8.1
5.50,11.5,11.3,11.1,8.1
5.50,,11.3,11.1,8.1
5.50,11.5,11.3,11.1,8.1
5.50,,11.3,11.1,8.1
5.50,11.5,11.4,11.1,8.1
5.50,,11.3,11.1,8.1
5.50,11.5,11.3,11,8.1
5.50,,11.3,11.1,8.1
5.50,11.4,11.3,11.1,8.1
5.50,,11.3,11.1,8.1
5.50,11.5,11.3,11.1,8.1
5.50,,11.3,11.1,8.1
5.50,11.5,11.3,11.1,8.1
5.50,,11.3,11.1,8.1
5.50,11.5,11.3,11.1,8.1
5.50,,11.3,11.1,8.1
5.50,11.5,11.3,11.1,8.1
5.50,,11.3,11.1,8.1
5.50,11.5,11.3,11.1,8.1
5.50,,11.3,11.1,8.1
5.50,11.5,11.3,11.1,8.1
5.50,,11.3,11.1,8.1
5.50,11.5,11.3,11.1,8.1
5.50,,11.3,11.1,8.1
5.50,11.5,11.3,11.1,8.1
5.50,,11.3,11.1,8.1
5.50,11.5,11.3,11.1,8.1
5.50,,11.3,11.1,8.1
5.50,11.5,11.3,11.1,8.1
5.50,,11.3,11.1,8.1
5.50,11.5,11.3,11.1,8.1
5.50,,11.3,11.1,8.1
5.50,,11.3,11.1,8.1
5.50, 11.5   .,11.3,11.1,8.1
5.50,,11.3,11.1,8.1
5.50,,11.3,11.1,8.1
5.50,11.5,11.3,11.1,8.1
5.50,,11.3,11.1,8.1
5.50,,11.3,11.1,8.1
5.50,11.5,11.3,11.1,8.1
5.50,,11.3,11.1,8.1
5.50,,11.3,11.1,8.1
5.50,11.5,11.3,11.1,8.1
5.50, ,11.3,11.1,8.1
5.50,,11.3,11.1,8.1
5.50,11.5,11.5,11.1,8.1
5.50, ,11.3,11.1,8.1
5.50,,11.4,11.1,8.1
5.50,11.5,11.2,11,8.1
5.50,,11.2,11.1,8.1
5.50,,11.4,11.1,8.1
5.50,11.5,11.3,11.1,8.1
5.50,,11.3,11.1,8.1
5.50,,11.4,11.1,8.1
5.50,11.0,11.4,11.1,8.1
5.50,5.0,11.4,11.1,8.1
5.50,,11.4,11.1,8.1
5.50,1.0,11.4,11.1,8.1
5.50,1.5,11.4,11.1,8.1
5.50,,11.4,11.1,8.1
5.50,,11.3,11.1,8.1
5.50,11.5,11.4,11.1,8.1
5.50,,11.3,11.1,8.1
5.50, ,11.3,11.1,8.1
5.50,11.5,11.3,11.1,8.1
5.50,,11.3,11.1,8.1
5.50,,11.3,11.1,8.1
5.50,11.5,11.3,11.1,8.1
5.50,,11.3,11.1,8.1
5.50,11.5,11.3,11.1,8.1
5.50,,11.3,11.1,8.1
5.50,11.5,11.3,11.1,8.1
5.50,,11.3,11.1,8.1
5.50,11.5,11.3,11.1,8.1
5.50,,11.3,11.1,8.1
5.50,11.5,11.3,11.1,8.1
5.50,,11.3,11.1,8.1
5.50,11.5,11.3,11,8.1
5.50,,11.3,11.1,8.1
5.50,11.5,11.3,11.1,8.1
5.50,,11.3,11.1,8.1
5.50,11.5,11.3,11.1,8.1
5.50,,11.3,11,8.1
5.50,11.5,11.3,11,8.1
5.50,,11.3,11,8.1
5.50,11.5,11.3,11,8.1
5.50,,11.3,11,8.1
5.50,11.5,11.3,11.1,8.1
5.50,,11.3,11,8.1
5.50,11.5,11.3,11.1,8.1
5.50,,11.3,11.1,8.1
5.50,11.5,11.3,11.1,8.1
5.50,,11.3,11.1,8.1
5.50,11.6,11.3,11.1,8.1
5.50,,11.4,11.1,8.1
5.50,11.6,11.3,11.1,8.1
5.50,,11.3,11,8.1
5.50,11.6,11.3,11,8.1
5.50,,11.3,11,8.1
5.50,11.6,11.3,11,8.1
5.50,,11.3,11,8.1
5.50,11.6,11.3,11,8.1
5.50,,11.3,11,8.1
5.50,11.5,11.3,11,8.1
5.50,,11.3,11,8.1
5.50,11.5,11.3,11,8.1
5.50,,11.3,11,8.1
5.50,11.5,11.4,11,8.1
5.50,,11.3,11,8.1
5.50,11.5,11.3,11,8.1
5.50,,11.3,11,8.1
5.50,11.5,11.4,11,8.1
5.50,,11.3,11,8.1
5.50,11.5,11.3,11.1,8.1
5.50,,11.3,11.1,8.1
5.50,11.5,11.3,11.1,8.1
5.50,,11.3,11.1,8.1
5.50,11.5,11.3,11.1,8.1
5.50,,11.3,11.1,8.1
5.50,11.5,11.3,11.1,8.1
5.50,,11.3,11.1,8.1
5.50,11.5,11.3,11.1,8.1
5.50,,11.3,11.1,8.1
5.50,11.5,11.3,11.1,8.1
5.50,,11.3,11.1,8.1
5.50,11.5,11.3,11.1,8.1
5.50,,11.3,11.1,8.1
5.50,11.5,11.3,11.1,8.1
5.50,,11.3,11,8.1
5.50,11.5,11.3,11.1,8.1
5.50,,11.3,11,8.1
5.50,11.5,11.3,11.1,8.1
5.50,,11.3,11.1,8.1
5.50,11.5,11.3,11.1,8.1
5.50,,11.3,11,8.1
5.50,11.4,11.3,11,8.1
5.50,,11.3,11,8.1
5.50,11.5,11.3,11,8.1
5.50,,11.3,11,8.1
5.50,11.5,11.3,11.1,8.1
5.50,,11.3,11.1,8.1
5.50,11.4,11.3,11.1,8.1
5.50,,11.3,11,8.1
5.50,11.4,11.3,11.1,8.1
5.50,,11.3,11.1,8.1
5.50,1.9,11.3,11.1,8.1
5.50,,11.3,11.1,8.1
5.50,12.2,11.3,11,8.1
5.50,,11.3,11.1,8.1
5.50,12.4,11.3,11,8.1
5.50,,11.3,11,8.1
5.50,12.0,11.3,11.1,8.1
5.50,,11.3,11.1,8.1
5.50,,11.3,11.1,8.1
5.50, 12.   .,11.3,11,8.1
5.50,,11.3,11.1,8.1
5.50,,11.3,11,8.1
5.50,11.7,11.3,11.1,8.1
5.50,,11.3,11,8.1
5.50,,11.3,11,8.1
5.50,11.5,11.3,11,8.1
5.50,,11.3,11,8.1
5.50,,11.3,11,8.1
5.50,11.6,11.3,11,8.1
5.50, ,11.3,11,8.1
5.50,,11.3,11,8.1
5.50,11.5,11.3,11,8.1
5.50,,11.3,11,8.1
5.50,,11.3,11,8.1
5.50,11.5,11.3,11,8.1
5.50,,11.3,11,8.1
5.50,,11.3,11,8.1
5.50,1.0,11.3,11,8.1
5.50,1.6,11.3,11,8.1
5.50,,11.3,11,8.1
5.50,,11.3,11,8.1
5.50,11.5,11.3,11,8.1
5.50,,11.3,11,8.1
5.50, ,11.3,11,8.1
5.50,11.5,11.3,11,8.1
5.50,,11.3,11,8.1
5.50,,11.3,11,8.1
5.50,11.6,11.3,11,8.1
5.50,,11.3,11.1,8.1
5.50,11.6,11.3,11,8.1
5.50,,11.3,11,8.1
5.50,,11.3,11,8.1
5.50,11.6,11.3,11,8.1
5.50,,11.3,11,8.1
5.50,11.6,11.3,11,8.1
5.50,,11.3,11,8.1
5.50,11.6,11.3,11,8.1
5.50,,11.3,11,8.1
5.50,11.6,11.3,11,8.1
5.50,,11.3,11,8.1
5.50,11.5,11.3,11,8.1
5.50,,11.3,11,8.1
5.50,11.6,11.3,11,8.1
5.50,,11.3,11,8.1
5.50,11.4,11.3,11,8.1
5.50,,11.3,11,8.1
5.50,11.5,11.3,11,8.1
5.50,,11.3,11,8.1
5.50,11.5,11.3,11,8.1
5.50,,11.3,11,8.1
5.50,11.8,11.3,11,8.1
5.50,,11.3,11,8.1
5.50,11.5,11.3,11,8.1
5.50,,11.3,11,8.1
5.50,11.5,11.3,11,8.1
5.50,,11.3,11,8.1
5.50,11.4,11.3,11,8.1
5.50,,11.3,11,8.1
5.50,11.4,11.3,11,8.1
5.50,,11.3,11,8.1
5.50,11.5,11.3,11,8.1
5.50,,11.3,11,8.1
5.50,11.5,11.3,11,8.1
5.50,,11.3,11,8.1
5.50,11.4,11.3,11,8.1
5.50,,11.3,11,8.1
5.50,11.5,11.3,11,8.1
5.50,,11.3,11,8.1
5.50,11.5,11.3,11,8.1
5.50,,11.3,11,8.1
5.50,11.4,11.3,11,8.1
5.50,,11.3,11,8.1
5.50,11.5,11.3,11,8.1
5.50,,11.3,11,8.1
5.50,11.4,11.3,11,8.1
5.40,,11.3,11,8.1
5.90,11.5,11.3,11,8.1
5.40,,11.3,11,8.1
5.30,11.5,11.3,11,8.1
5.80,,11.3,11,8.1
5.40,11.5,11.3,11,8.1
5.50,,11.3,11,8.1
5.50,11.5,11.3,11,8.1
5.60,,11.3,11,8.1
5.50,11.5,11.3,11.1,8.1
5.50,,11.3,11,8.1
5.50,11.5,11.3,11,8.1
5.60,,11.3,11,8.1
5.50,11.5,11.3,11,8.1
5.50,,11.3,11,8.1
5.50,11.5,11.3,11,8.1
5.50,,11.3,11,8.1
5.50,11.5,11.3,11,8.1
5.50,,11.3,11,8.1
5.50,11.5,11.3,11,8.1
5.50,,11.3,11,8.1
5.50,11.5,11.3,11,8.1
5.50,,11.3,11,8.1
5.50,11.5,11.3,11,8.1
5.50,,11.3,11,8.1
5.50,11.5,11.3,11,8.1
5.50,,11.3,11,8.1
5.50,11.5,11.3,11,8.1
5.50,,11.3,11,8.1
5.50,11.5,11.3,11,8.1
5.50,,11.3,11,8.1
5.50,11.5,11.3,11,8.1
5.50,,11.3,11,8.1
5.50,11.5,11.3,11,8.1
5.50,,11.3,11,8.1
5.50,11.5,11.3,11,8.1
5.50,,11.3,11,8.1
5.50,11.5,11.3,11,8.1
5.50,,11.3,11,8.1
5.50, 11.5   .,11.3,11,8.1
5.50,,11.3,11,8.1
5.50,,11.3,11,8.1
5.50,11.5,11.3,11,8.1
5.50,,11.3,11,8.1
5.50,,11.3,11,8.1
5.50,11.5,11.3,11,8.1
5.50,,11.3,11,8.1
5.50,,11.3,11,8.1
5.50,11.5,11.3,11,8.1
5.50,,11.3,11,8.1
5.50,,11.3,11,8.1
5.50,11.4,11.3,11,8.1
5.50,,11.3,11,8.1
5.50,,11.3,11,8.1
5.50,11.4,11.3,11,8.1
5.50, ,11.3,11,8.1
5.50,,11.3,11,8.1
5.50,11.4,11.3,11,8.1
5.50,,11.3,11,8.1
5.50,,11.3,11,8.1
5.50,11.4,11.3,11,8.1
5.50,,11.3,11,8.1
5.50,,11.3,11,8.1
5.50,1.0,11.3,11,8.1
5.50,1.4,11.3,11,8.1
5.50,,11.3,11,8.1
5.50,,11.3,11,8.1
5.50,11.4,11.3,11,8.1
5.50,,11.3,11,8.1
5.50, ,11.3,11,8.1
5.50,11.4,11.3,11,8.1
5.50,,11.3,11,8.1
5.50,,11.3,11,8.1
5.50,11.5,11.3,11,8.1
5.50,,11.3,11,8.1
5.50,11.5,11.3,11,8.1
5.50,,11.3,11,8.1
5.50,11.5,11.3,11,8.1
5.50,,11.3,11,8.1
5.50,11.5,11.3,11,8.1
5.50,,11.3,11,8.1
5.50,11.5,11.3,11,8.1
5.50,,11.3,11,8.1
5.50,11.5,11.3,11,8.1
5.50,,11.3,11,8.1
5.50,11.4,11.3,11,8.1
5.50,,11.3,11,8.1
5.50,11.4,11.3,11,8.1
5.50,,11.3,11,8.1
5.50,11.4,11.3,11,8.1
5.50,,11.3,11,8.2
5.50,11.5,11.3,11,8.1
5.50,,11.3,11,8.1
5.50,11.5,11.3,11,8.1
5.50,,11.3,11,8.1
5.50,11.5,11.3,11,7.9
5.50,,11.3,11,8
5.50,11.5,11.3,11,8.2
5.50,,11.3,11,8.2
5.50,11.5,11.3,11,8.1
5.50,,11.3,11,8.1
5.50,11.5,11.3,11,8.2
5.50,,11.3,11,8.2
5.50,11.5,11.3,11,8.1
5.50,,11.3,11,8.1
5.50,11.5,11.3,11,8.1
5.50,,11.3,11,8.1
5.50,11.5,11.3,11,8.1
5.50,,11.3,11,8.1
5.50,11.5,11.3,11,8.1
5.50,,11.3,11,8.1
5.50,11.5,11.3,11,8.1
5.50,,11.2,11,8.1
5.50,11.5,11.3,11,8.1
5.50,,11.3,11,8.1
5.50,11.5,11.3,11,8.1
5.50,,11.3,11,8.1
5.50,11.5,11.3,11,8.1
5.50,,11.3,11,8.1
5.50,11.5,11.4,11,8.1
5.50,,11.3,11,8.1
5.50,11.5,11.3,11,8.1
5.50,,11.3,11,8.1
5.50,11.5,11.3,11,8.1
5.50,,11.3,11,8.1
5.50,11.5,11.3,11,8.1
5.50,,11.3,11,8.1
5.50,11.5,11.3,11,8.1
5.50,,11.3,11,8.1
5.50,11.5,11.2,11,8.1
5.50,,11.3,11,8.1
5.50,11.5,11.3,11,8.1
5.50,,11.2,11,8.1
5.50,11.5,11.2,11,8.1
5.50,,11.3,11,8.1
5.50,11.5,11.3,11,8.1
5.50,,11.3,11,8.1
5.50,11.5,11.3,11,8.1
5.50,,11.3,11,8.1
5.50,11.5,11.3,11,8.1
5.50,,11.3,11,8.1
5.50,11.5,11.3,11,8.1
5.50,,11.3,11,8.1
5.50,11.5,11.3,11,8.1
5.50,,11.3,11,8.1
5.50,11.4,11.3,11,8.1
5.50,,11.3,11,8.1
5.50,11.5,11.3,11,8.1
5.50,,11.3,11,8.1
5.50,11.5,11.3,11,8.1
5.50,,11.3,11,8.1
5.50,11.5,11.3,11,8.1
5.50,,11.3,11,8.1
5.50,11.5,11.3,11,8.1
5.40,,11.3,11,8.1
5.50,11.5,11.3,11,8.1
5.50,,11.3,11,8.1
5.50,11.5,11.3,11,8.1
5.50,,11.3,11,8.1
5.50, 11.5   .,11.3,11,8.1
5.50,,11.3,11,8.1
5.50,,11.3,11,8.1
5.50,11.5,11.3,11,8.1
5.50,,11.3,11,8.1
5.50,,11.3,11,8.1
5.50,11.5,11.3,11,8.1
5.50,,11.3,11,8.1
5.50,,11.3,11,8.1
5.50,11.5,11.3,11,8.1
5.50, ,11.3,11,8.1
5.50,,11.3,11,8.1
5.50,11.5,11.3,11,8.1
5.50,,11.3,11,8.1
5.50,,11.3,11,8.1
5.50,11.5,11.3,11,8.1
5.50,,11.3,11,8.1
5.50,,11.3,11,8.1
5.50,11.0,11.3,11,8.1
5.50,0.5,11.3,11,8.1
5.50,,11.3,11,8.1
5.50,,11.2,11,8.1
5.50,11.4,11.2,11,8.1
5.50,,11.3,11,8.1
5.50,,11.2,11,8.1
5.50,11.5,11.2,11,8.1
5.50,,11.2,11,8.1
5.50,,11.3,11,8.1
5.50,11.5,11.3,11,8.1
5.50,,11.3,11,8.1
5.50,11.5,11.3,11,8.1
5.50,,11.3,11,8.1
5.50,11.5,11.3,11,8.1
5.50,,11.3,11,8.1
5.50,11.5,11.3,11,8.1
5.50,,11.3,11,8.1
5.50,11.5,11.3,11,8.1
5.50,,11.2,11,8.1
5.50,11.4,11.3,11,8.1
5.50,,11.3,11,8.1
5.50,11.4,11.2,11,8.1
5.50,,11.3,11,8.1
5.50,11.4,11.2,11,8.1
5.50,,11.2,11,8.1
5.50,11.4,11.3,11,8.1
5.50,,11.3,11,8.1
5.50,11.4,11.3,11,8.1
5.50,,11.3,11,8.1
5.50,11.5,11.3,11,8.1
5.40,,11.3,11,8.1
5.50,11.5,11.3,11,8.1
5.50,,11.3,11,8.1
5.50,11.4,11.3,11,8.1
5.50,,11.3,11,8.1
5.50,11.5,11.3,11,8.1
5.50,,11.3,11,8.1
5.50,11.5,11.3,11,8.1
5.50,,11.3,11,8.2
5.50,11.5,11.3,11,8.1
5.50,,11.3,11,8.1
5.50,11.4,11.3,11,8.1
5.50,,11.3,11,8.1
5.50,11.5,11.3,11,8.1
5.50,,11.3,11,8.1
5.50,11.4,11.3,11,8.1
5.50,,11.3,11,8.1
5.50,11.5,11.3,11,8.1
5.50,,11.3,11,8.1
5.50,11.4,11.3,11,8.1
5.50,,11.3,11,8.1
5.50,11.4,11.3,11,8.1
5.50,,11.3,11,8.1
5.50,11.4,11.3,11,8.1
5.50,,11.3,11,8.1
5.50,11.4,11.3,11,8.1
5.50,,11.3,11,8.1
5.50,11.4,11.3,11,8.1
5.40,,11.3,11,8.1
5.50,11.4,11.3,11,8.1
5.50,,11.3,11,8.1
5.50,11.4,11.3,11,8.1
5.50,,11.3,11,8.1
5.50,11.5,11.3,11,8
5.50,,11.3,11,8.1
5.50,11.5,11.3,11,8.1
5.50,,11.3,11,8.1
5.50,11.5,11.3,11,8.1
5.50,,11.3,11,8.1
5.50,11.4,11.3,11,8.1
5.50,,11.3,11,8.1
5.50,11.4,11.3,11,8.1
5.50,,11.2,11,8.1
5.50,11.4,11.2,11,8.1
5.50,,11.2,11,8.1
5.40,11.4,11.2,11,8.1
5.50,,11.2,11,8.2
5.50,12.1,11.2,11,8.1
5.40,,11.2,11,8.1
5.50,11.2,11.2,11,8.1
5.50,,11.2,11,8.1
5.50,11.4,11.2,11,8.1
5.50,,11.2,11,8.1
5.40,11.5,11.2,11,8.1
5.40,,11.2,11,8.1
5.40,11.5,11.2,11,8.1
5.50,,11.2,11,8.1
5.40,11.5,11.2,11,8.1
5.50,,11.2,11,8.1
5.40,11.5,11.2,11,8.1
5.50,,11.2,11,8.1
5.40,11.5,11.3,11,8.1
5.50,,11.2,11,8.1
5.50,11.5,11.2,11,8.1
5.50,,11.2,11,8.1
5.50,11.4,11.2,11,8.1
5.50,,11.2,11,8.1
5.40,,11.2,11,8.1
5.50,11.4,11.3,11,8.1
5.40,,11.2,11,8.1
5.40,,11.3,11,8.1
5.40,11.5,11.3,11,8.3
5.50,,11.3,11,8.1
5.40,,11.2,11,8.1
5.50,11.4,11.2,11,8.1
5.50, ,11.2,11,8.1
5.50,,11.2,11,8.1
5.50,11.5,11.2,11,8.1
5.50,,11.2,11,8.1
5.50,,11.2,11,8.1
5.50,11.5,11.2,11,8.1
5.50,,11.3,11,8.1
5.40,,11.2,11,8.1
5.50,11.4,11.3,11,8.1
5.50,,11.3,11,8.1
5.50,,11.3,11,8.1
5.50,11.6,11.3,11,8.1
5.50,,11.3,11,8.1
5.40,,11.2,11,8.1
5.50,11.0,11.3,11,8.1
5.50,0.4,11.2,11,8.1
5.50,,11.3,11,8.1
5.40,,11.2,11,8.1
5.40,11.6,11.3,11,8.1
5.50,,11.2,11,8.1
5.50,,11.2,11,8.1
5.50,11.7,11.2,11,8.1
5.40,,11.2,11,8.1
5.50, ,11.2,11,8.1
5.40,11.8,11.2,11,8.1
5.50,,11.2,11,8.1
5.50,11.5,11.2,11,8.1
5.40,,11.2,11,8.1
5.40,11.7,11.2,11,8.1
5.50,,11.2,11,8.1
5.50,11.6,11.3,11,8.1
5.50,,11.3,11,8
5.50,11.6,11.2,11,8.1
5.50,,11.2,11,8.1
5.50,11.6,11.2,11,8.1
5.40,,11.2,11,8.1
5.50,11.5,11.2,11,8.1
5.50,,11.2,11,8.1
5.50,11.7,11.3,11,8.1
5.50,,11.2,11,8.1
5.50,11.5,11.2,11,8.1
5.50,,11.2,11,8.1
5.50,11.4,11.2,11,8.1
5.50,,11.2,11,8.1
5.50,11.6,11.2,11,8.1
5.50,,11.2,11,8.1
5.50,11.4,11.2,11,8.1
5.50,,11.2,11,8.1
5.50,11.4,11.2,11,8.1
5.50,,11.2,11,8.1
5.50,11.5,11.2,11,8.1
5.40,,11.2,11,8.1
5.50,11.5,11.3,11,8.1
5.40,,11.3,11,8.1
5.40,11.5,11.2,11,8.1
5.40,,11.3,11,8.1
5.40,11.5,11.3,11,8.1
5.40,,11.2,11,8.1
5.40,11.4,11.3,11,8.1
5.40,,11.2,11,8.1
5.40,11.5,11.2,11,8.1
5.40,,11.2,11,8.1
5.40,11.5,11.2,11,8.1
5.40,,11.2,11,8.1
5.40,11.4,11.2,11,8.1
5.40,,11.2,11,8.1
5.40,11.5,11.2,11,8.1
5.40,,11.2,11,8
5.40,11.5,11.2,11,8.1
5.40,,11.2,11,8.1
5.50,11.5,11.2,11,8.1
5.50,,11.2,11,8.1
5.50,11.5,11.2,11,8.1
5.50,,11.2,11,8.1
5.50,11.5,11.2,11,8.1
5.50,,11.2,11,8.1
5.50,11.5,11.2,11,8.1
5.40,,11.2,11,8.1
5.50,11.4,11.2,11,8.1
5.50,,11.2,11,8.1
5.50,11.5,11.2,11,8.1
5.40,,11.2,11,8.1
5.50,11.4,11.2,11,8.1
5.50,,11.2,11,8.1
5.40,11.4,11.2,11,8.1
5.40,,11.2,11,8.1
5.50,11.5,11.2,11,8.1
5.50,,11.2,11,8.1
5.40,11.4,11.2,11,8.1
5.40,,11.2,11,8.1
5.50,11.4,11.2,11,8.1
5.50,,11.2,11,8.1
5.40,11.5,11.2,11,8.1
5.40,,11.2,11,8.1
5.50,11.4,11.2,11,8.1
5.50,,11.2,11,8.1
5.40,11.4,11.2,11,8.1
5.40,,11.2,11,8.1
5.40,11.4,11.2,11,8.1
5.40,,11.2,11,8.1
5.40,11.4,11.2,11,8.1
5.40,,11.2,11,8.1
5.40,11.5,11.2,11,8.1
5.40,,11.2,11,8.1
5.40,11.4,11.2,11,8.1
5.40,,11.2,11,8.1
5.40,11.4,11.2,11,8.1
5.50,,11.2,11,8.1
5.40,11.4,11.2,11,8.1
5.40,,11.2,11,8.1
5.40,11.4,11.2,11,8.1
5.40,,11.2,11,8.1
5.40,,11.2,11,8.1
5.40,11.4,11.2,11,8.1
5.40,,11.2,11,8.1
5.40,,11.2,11,8.1
5.40,11.4,11.2,11,8.1
5.40,,11.2,11,8.1
5.40,,11.2,11,8.1
5.40,11.4,11.2,11,8.1
5.40, ,11.3,11,8.1
5.50,,11.3,11,8.1
5.40,11.4,11.3,11,8.1
5.40,,11.3,11,8.1
5.40,,11.3,11,8.1
5.40,11.4,11.3,11,8.1
5.40,,11.2,11,8.1
5.40,,11.2,11,8.1
5.40,11.0,11.2,11,8.1
5.40,0.4,11.2,11,8.1
5.40,,11.2,11,8.1
5.40,,11.2,11,8.1
5.40,11.4,11.2,11,8.1
5.50,,11.2,11,8.1
5.50,,11.2,11,8.1
5.40,11.4,11.2,11,8.1
5.50,,11.2,11,8.1
5.50, ,11.2,11,8.1
5.40,11.4,11.2,11,8.1
5.40,,11.2,11,8.1
5.50,,11.2,11,8.1
5.50,11.4,11.2,11,8.1
5.50,,11.2,11,8.1
5.40,11.4,11.2,11,8.1
5.40,,11.2,11,8.1
5.40,11.4,11.2,11,8.1
5.40,,11.2,11,8.1
5.40,11.4,11.2,11,8.1
5.40,,11.2,11,8.1
5.40,11.4,11.2,11,8.1
5.40,,11.2,11,8.1
5.40,11.5,11.2,11,8.1
5.40,,11.2,11,8.1
5.40,11.4,11.2,11,8.1
5.40,,11.3,11,8.1
5.40,11.4,11.2,11,8.1
5.40,,11.2,11,8.1
5.40,11.4,11.2,11,8.1
5.40,,11.2,11,8.1
5.40,11.4,11.2,11,8.1
5.40,,11.2,11,8.1
5.40,11.4,11.2,11,8.1
5.40,,11.2,11,8.1
5.40,11.4,11.2,11,8.1
5.40,,11.3,11,8.1
5.40,11.4,11.3,11,8.1
5.40,,11.3,11,8.1
5.40,11.4,11.3,11,8.1
5.40,,11.2,11,8.1
5.40,11.4,11.2,11,8.1
5.40,,11.2,11,8.1
5.40,11.4,11.2,11,8.1
5.40,,11.2,11,8.1
5.40,11.4,11.2,11,8.1
5.40,,11.2,11,8.1
5.40,11.4,11.3,11,8.1
5.40,,11.2,11,8.1
5.40,11.5,11.2,11,8.1
5.40,,11.2,11,8.1
5.40,11.4,11.2,11,8.1
5.40,,11.3,11,8.1
5.40,11.4,11.2,11,8.1
5.40,,11.2,11,8.1
5.40,11.4,11.2,11,8.1
5.40,,11.2,11,8.1
5.40,11.4,11.2,11,8.1
5.40,,11.2,11,8.1
5.40,11.4,11.2,11,8.1
5.40,,11.2,11,8.1
5.40,11.4,11.2,11,8.1
5.40,,11.2,11,8.1
5.40,11.4,11.2,11,8.1
5.40,,11.2,11,8.1
5.40,11.4,11.2,11,8.1
5.40,,11.2,11,8.1
5.40,11.4,11.2,11,8.1
5.40,,11.2,11,8.1
5.40,11.4,11.2,11,8.1
5.40,,11.2,11,8.1
5.40,11.4,11.2,11,8.1
5.40,,11.2,11,8.1
5.40,11.4,11.2,11,8.1
5.40,,11.2,11,8.1
5.40,11.4,11.2,11,8.1
5.40,,11.2,11,8.1
5.40,11.4,11.2,11,8.1
5.40,,11.2,11,8.1
5.40,11.4,11.2,11,8.1
5.40,,11.2,11,8.1
5.40,11.4,11.2,11,8.1
5.40,,11.2,11,8.1
5.40,11.5,11.2,11,8.1
5.40,,11.2,11,8.1
5.40,11.4,11.2,11,8.1
5.40,,11.2,11,8.1
5.40,11.4,11.2,11,8.1
5.40,,11.2,11,8.1
5.40,11.4,11.2,11,8.1
5.40,,11.2,11,8.1
5.40,11.4,11.2,11,8.1
5.40,,11.2,11,8.1
5.40,11.4,11.2,11,8.1
5.40,,11.2,11,8.1
5.40,11.4,11.2,11,8.1
5.40,,11.2,11,8.1
5.40,11.4,11.2,11,8.1
5.40,,11.2,11,8.1
5.40,,11.2,11,8.1
5.40,11.4,11.2,11,8.1
5.40,,11.2,11,8.1
5.40,,11.2,11,8.1
5.40,11.4,11.2,11,8.1
5.40,,11.2,11,8.1
5.40,,11.2,11,8.1
5.40,11.4,11.2,11,8.1
5.40, ,11.3,11,8.1
5.40,,11.2,11,8.1
5.40,11.4,11.2,11,8.1
5.40,,11.2,11,8.1
5.40,,11.2,11,8.1
5.40,11.4,11.2,11,8.1
5.40,,11.2,11,8.1
5.40,,11.1,11,8.1
5.40,11.4,11.2,11,8.1
5.40,,11.2,11,8.1
5.40,,11.2,11,8.1
5.40,11.5,11.3,11,8.1
5.40,,11.3,11,8.1
5.40,,11.3,11,8.1
5.40,11.0,11.3,11,8.1
5.40,0.5,11.3,11,8.1
5.40,,11.2,11,8.1
5.40,,11.3,11,8.1
5.40,11.5,11.3,11,8.1
5.40,,11.2,11,8.1
5.40,,11.3,11,8.1
5.40,11.5,11.2,11,8.1
5.40,,11.2,11,8.1
5.40, ,11.2,11,8.1
5.40,11.5,11.2,11,8.1
5.40,,11.2,11,8.1
5.40,,11.2,11,8.1
5.40,11.4,11.2,11,8.1
5.40,,11.2,11,8.1
5.40,11.4,11.2,11,8.1
5.40,,11.2,11,8.1
5.40,11.4,11.2,11,8.1
5.40,,11.2,11,8.1
5.40,11.4,11.2,11,8.1
5.40,,11.2,11,8.1
5.40,11.4,11.2,11,8.1
5.40,,11.2,11,8.1
5.40,11.4,11.2,11,8.1
5.40,,11.2,11,8.1
5.40,11.4,11.2,11,8.1
5.40,,11.2,11,8.1
5.40,11.4,11.2,11,8.1
5.40,,11.2,11,8.1
5.40,11.4,11.2,11,8.1
5.40,,11.2,11,8.1
5.40,11.4,11.2,11,8.1
5.40,,11.2,11,8.1
5.40,11.5,11.2,11,8.1
5.40,,11.2,11,8.1
5.40,11.4,11.2,11,8.1
5.40,,11.2,11,8.1
5.40,11.4,11.2,11,8.1
5.40,,11.2,11,8.1
5.40,11.4,11.2,11,8.1
5.40,,11.2,11,8.1
5.40,11.4,11.2,11,8.1
5.40,,11.2,11,8.1
5.40,11.4,11.2,11,8.1
5.40,,11.2,11,8.1
5.40,11.4,11.2,11,8.1
5.40,,11.2,11,8.1
5.40,11.4,11.2,11,8.1
5.40,,11.2,11,8.1
5.40,11.4,11.2,11,8.1
5.40,,11.2,11,8.1
5.40,11.4,11.2,11,8.1
5.40,,11.2,11,8.1
5.40,11.4,11.2,11,8.1
5.40,,11.2,11,8.1
5.40,11.4,11.2,11,8.1
5.40,,11.2,11,8.1
5.40,11.4,11.2,11,8.1
5.40,,11.2,11,8.1
5.40,11.4,11.2,11,8.1
5.40,,11.2,11,8.1
5.40,11.4,11.2,11,8.1
5.40,,11.2,11,8.1
5.40,11.4,11.2,11,8.1
5.40,,11.2,11,8.1
5.40,11.4,11.2,11,8.1
5.40,,11.2,11,8.1
5.40,11.4,11.2,11,8.1
5.40,,11.2,11,8.1
5.40,11.4,11.2,11,8.1
5.40,,11.2,11,8.1
5.40,11.4,11.2,11,8.1
5.40,,11.2,11,8.1
5.40,11.4,11.2,11,8.1
5.40,,11.2,11,8.1
5.40,11.4,11.2,11,8.1
5.40,,11.2,11,8.1
5.40,11.4,11.2,11,8.1
5.40,,11.2,11,8.1
5.40,11.4,11.2,11,8.1
5.40,,11.2,11,8.1
5.40,11.4,11.2,11,8.1
5.40,,11.2,11,8.1
5.40,11.4,11.2,11,8.1
5.40,,11.2,11,8.1
5.40,11.4,11.2,11,8.1
5.40,,11.2,11,8.1
5.40,11.4,11.2,11,8.1
5.40,,11.2,11,8.1
5.40,11.4,11.2,11,8.1
5.40,,11.2,11,8.1
5.40,11.4,11.2,11,8.1
5.40,,11.2,11,8.1
5.40,11.4,11.2,11,8.1
5.40,,11.2,11,8.1
5.40,,11.2,11,8.1
5.40,11.4,11.2,11,8.1
5.40,,11.2,11,8.1
5.40,11.4,11.2,11,8.1
5.40,,11.2,11,8.1
5.40,,11.2,11,8.1
5.40,11.4,11.2,11,8.1
5.40,,11.2,11,8.1
5.40,,11.2,11,8.1
5.40,11.4,11.2,11,8.1
5.40,,11.2,11,8.1
5.40,,11.2,10.9,8.1
5.40,11.4,11.2,11,8.1
5.40, ,11.2,11,8.1
5.40,,11.2,11,8.1
5.40,11.4,11.2,10.9,8.1
5.40,,11.2,10.9,8.1
5.40,,11.2,11,8.1
5.40,11.4,11.2,10.9,8.1
5.40,,11.2,10.9,8.1
5.40,,11.2,10.9,8.1
5.40,11.0,11.2,10.9,8.1
5.40,4.0,11.2,10.9,8.1
5.40,,11.2,10.9,8.1
5.40,1.0,11.2,10.9,8.1
5.40,1.4,11.2,10.9,8.1
5.40,,11.2,10.9,8.1
5.40,,11.2,10.9,8.1
5.40,11.5,11.2,11,8.1
5.40,,11.2,10.9,8.1
5.40, ,11.2,11,8.1
5.40,11.4,11.2,11,8.1
5.40,,11.2,10.9,8.1
5.40,,11.2,11,8.1
5.40,11.4,11.2,10.9,8.1
5.40,,11.2,11,8.1
5.40,11.5,11.2,11,8.1
5.40,,11.2,11,8.1
5.40,11.3,11.2,11,8.1
5.40,,11.2,11,8.1
5.40,11.4,11.2,11,8.1
5.40,,11.2,11,8.1
5.40,11.4,11.2,11,8.1
5.40,,11.2,11,8.1
5.50,11.4,11.2,11,8.1
5.40,,11.2,11,8.1
5.40,11.5,11.2,11,8.1
5.40,,11.2,11,8.1
5.40,11.4,11.2,11,8.1
5.40,,11.2,11,8.1
5.40,11.4,11.2,11,8.1
5.40,,11.2,11,8
5.40,11.4,11.2,11,8
5.40,,11.2,11,8
5.40,11.4,11.2,11,8
5.40,,11.2,11,8
5.40,11.4,11.2,11,8
5.40,,11.2,11,8
5.40,11.4,11.2,11,8
5.40,,11.2,11,8
5.40,11.4,11.2,11,8
5.40,,11.2,11,8
5.40,11.4,11.2,11,8
5.40,,11.2,11,8
5.40,11.4,11.2,11,8
5.40,,11.2,11,8
5.40,11.4,11.2,10.9,8
5.40,,11.2,10.9,8
5.40,11.4,11.2,10.9,8
5.40,,11.2,10.9,8
5.40,11.4,11.2,10.9,8
5.40,,11.2,10.9,8
5.40,11.4,11.2,10.9,8
5.40,,11.2,10.9,8
5.40,11.4,11.2,11,8
5.40,,11.2,11,8
5.40,11.4,11.2,11,8
5.40,,11.2,11,8
5.40,11.4,11.2,11,8
5.40,,11.2,10.9,8
5.40,11.4,11.2,11,8
5.40,,11.2,11,8
5.40,11.4,11.2,11,8
5.40,,11.2,11,8
5.40,11.4,11.2,11,8
5.40,,11.2,11,8
5.40,11.4,11.2,11,8
5.40,,11.2,11,8
5.40,11.4,11.2,11,8
5.40,,11.2,11,8
5.40,11.4,11.2,11,8
5.50,,11.2,11,8
5.40,11.4,11.2,11,8
5.40,,11.2,11,8
5.40,11.4,11.2,11,8
5.40,,11.2,11,8
5.40,11.4,11.2,11,8
5.40,,11.2,11,8
5.40,11.4,11.2,11,8
5.50,,11.2,11,8
5.30,11.4,11.2,11,8
5.40,,11.2,11,8
5.40,11.4,11.2,11,8
5.40,,11.2,11,8
5.40,11.4,11.2,11,8
5.40,,11.2,11,8
5.40,11.4,11.2,11,8
5.30,,11.2,10.9,8
5.40,11.4,11.2,10.9,8
5.40,,11.2,10.9,8
5.40,11.4,11.2,10.9,8
5.40,,11.2,10.9,8
5.40,11.4,11.2,10.9,8
5.40,,11.2,11,8
5.40,11.4,11.2,10.9,8
5.40,,11.2,11,8
5.40,11.4,11.2,11,8
5.40,,11.2,11,8
5.40,11.4,11.2,10.9,8
5.40,,11.2,11,8
5.40,,11.2,11,8
5.40, 11.4   .,11.2,11,8
5.40,,11.2,11,8
5.40,,11.2,11,8
5.40,11.4,11.2,11,8
5.40,,11.2,11,8
5.40,,11.2,11,8
5.40,11.4,11.2,10.9,8
5.40,,11.2,11,8
5.40,,11.2,11,8
5.40,11.4,11.2,11,8
5.40,,11.2,10.9,8
5.40,,11.2,10.9,8
5.40,11.4,11.2,11,8
5.40,,11.2,11,8
5.40,,11.2,11,8
5.40,11.0,11.2,11,8
5.40,4.0,11.2,11,8
5.40,,11.2,11,8
5.40,1.0,11.2,11,8
5.40,1.4,11.2,11,8
5.40,,11.2,11,8
5.40,,11.2,11,8
5.40,11.4,11.2,11,8
5.40,,11.2,11,8
5.40,1.0,11.2,11,7.9
5.40,1.4,11.2,11,7.9
5.40,,11.2,11,7.9
5.40,,11.2,10.9,7.9
5.40,11.4,11.2,10.9,7.9
5.40,,11.2,10.9,7.9
5.40, ,11.2,10.9,7.9
5.40,11.4,11.2,10.9,7.9
5.40,,11.2,10.9,7.9
5.40,,11.2,10.9,7.9
5.40,11.4,11.2,10.9,7.9
5.40,,11.2,10.9,7.9
5.40,11.4,11.2,10.9,7.9
5.40,,11.2,10.9,7.9
5.40,11.4,11.2,10.9,7.9
5.40,,11.2,10.9,7.9
5.40,11.4,11.2,10.9,7.9
5.40,,11.2,10.9,7.9
5.40,11.4,11.2,10.9,7.9
5.40,,11.2,10.9,7.9
5.40,11.4,11.2,10.9,7.9
5.40,,11.2,10.9,7.9
5.40,11.4,11.2,10.9,7.9
5.40,,11.2,10.9,7.9
5.40,11.4,11.2,10.9,7.9
5.40,,11.2,10.9,7.9
5.40,11.4,11.2,10.9,7.9
5.40,,11.2,10.9,7.9
5.40,11.4,11.2,10.9,7.9
5.40,,11.2,10.9,7.9
5.40,11.4,11.1,10.9,7.9
5.40,,11.2,10.9,7.9
5.40,11.4,11.2,10.9,7.9
5.40,,11.2,10.9,7.9
5.40,11.4,11.1,10.9,7.9
5.40,,11.2,10.9,7.9
5.40,11.4,11.2,10.9,7.9
5.40,,11.2,10.9,7.9
5.40,11.4,11.2,10.9,7.9
5.40,,11.2,10.9,7.9
5.40,11.4,11.2,10.9,7.9
5.40,,11.2,10.9,7.9
5.40,11.4,11.2,10.9,7.9
5.40,,11.2,10.9,7.9
5.40,11.4,11.2,10.9,7.9
5.40,,11.2,10.9,7.9
5.40,11.4,11.2,10.9,7.9
5.40,,11.2,10.9,7.9
5.40,11.4,11.2,10.9,7.9
5.40,,11.2,10.9,7.9
5.40,11.4,11.2,10.9,7.9
5.40,,11.2,10.9,7.9
5.40,11.4,11.2,10.9,7.9
5.40,,11.2,10.9,7.9
5.40,11.4,11.2,10.9,7.9
5.40,,11.2,10.9,7.9
5.40,11.4,11.2,10.9,7.9
5.40,,11.2,10.9,7.9
5.40,11.4,11.2,10.9,7.9
5.40,,11.2,10.9,7.9
5.40,11.5,11.2,10.9,7.9
5.40,,11.2,10.9,7.9
5.40,11.4,11.2,10.9,7.9
5.40,,11.2,10.9,7.9
5.40,11.4,11.2,10.9,7.9
5.40,,11.2,10.9,7.9
5.40,11.4,11.2,10.9,7.9
5.40,,11.2,10.9,7.9
5.40,11.4,11.2,10.9,7.9
5.40,,11.2,10.9,7.9
5.40,11.4,11.2,10.9,7.9
5.40,,11.2,10.9,7.9
5.40,11.4,11.2,10.9,7.9
5.40,,11.2,10.9,7.9
5.40,11.4,11.2,10.9,7.9
5.40,,11.2,10.9,7.9
5.40,11.4,11.2,10.9,7.9
5.40,,11.2,10.9,7.9
5.40,11.4,11.2,10.9,7.9
5.40,,11.2,10.9,7.9
5.40,11.4,11.2,10.9,7.9
5.40,,11.2,10.9,7.9
5.40,11.4,11.2,10.9,7.9
5.40,,11.2,10.9,7.9
5.40,11.4,11.2,10.9,7.9
5.40,,11.2,10.9,7.9
5.40,11.4,11.2,10.9,7.9
5.40,,11.2,10.9,7.9
5.40,11.4,11.2,10.9,7.9
5.40,,11.2,10.9,7.9
5.40,11.4,11.2,10.9,7.9
5.40,,11.2,10.9,7.9
5.40,,11.2,10.9,7.9
5.40, 11.4   .,11.2,10.9,7.9
5.40,,11.2,10.9,7.9
5.40,,11.2,10.9,7.9
5.40,11.4,11.2,10.9,7.9
5.40,,11.2,10.9,7.9
5.40,,11.2,10.9,7.9
5.40, 11.4   .,11.2,10.9,7.9
5.40,,11.2,10.9,7.9
5.40,,11.2,10.9,7.9
5.40,11.4,11.2,10.9,7.9
5.40,,11.2,10.9,7.9
5.40,,11.2,10.9,7.9
5.40,11.3,11.2,10.9,7.9
5.40,,11.2,10.9,7.9
5.40,,11.2,10.9,7.9
5.40,11.2,11.2,10.9,7.9
5.40, ,11.2,10.9,7.9
5.40,,11.2,10.9,7.9
5.40,11.4,11.2,10.9,7.9
5.40,,11.2,10.9,7.9
5.40,,11.2,10.9,7.9
5.40,11.0,11.2,10.9,7.9
5.40,4.0,11.2,10.9,7.9
5.40,,11.2,10.9,7.9
5.40,1.0,11.2,10.9,7.9
5.40,1.4,11.2,10.9,7.9
5.40,,11.2,10.9,7.9
5.40,,11.2,10.9,7.9
5.40,11.4,11.2,10.9,7.9
5.40,,11.2,10.9,7.9
5.40, ,11.2,10.9,7.9
5.40,11.4,11.2,10.9,7.9
5.40,,11.2,10.9,7.9
5.40,,11.2,10.9,7.9
5.40,11.4,11.2,10.9,7.9
5.40,,11.2,10.9,7.9
5.40,11.4,11.2,10.9,7.9
5.40,,11.2,10.9,7.9
5.40,11.4,11.2,10.9,7.9
5.40,,11.2,10.9,7.9
5.40,11.4,11.2,10.9,7.9
5.40,,11.2,10.9,7.9
5.40,11.4,11.2,10.9,7.9
5.40,,11.2,10.9,7.9
5.40,11.4,11.2,10.9,7.9
5.40,,11.2,10.9,7.9
5.40,11.4,11.2,10.9,7.9
5.40,,11.2,10.9,7.9
5.40,11.4,11.1,10.9,7.9
5.40,,11.2,10.9,7.9
5.40,11.4,11.2,10.9,7.9
5.40,,11.2,10.9,7.9
5.40,11.4,11.2,10.9,7.9
5.40,,11.1,10.9,7.9
5.40,11.4,11.2,10.9,7.9
5.40,,11.2,10.9,7.9
5.40,11.4,11.2,10.9,7.9
5.40,,11.2,10.9,7.9
5.40,11.4,11.2,10.9,7.9
5.40,,11.2,10.9,7.9
5.40,11.4,11.2,10.9,7.9
5.40,,11.2,10.9,7.9
5.40,11.4,11.2,10.9,7.9
5.40,,11.2,10.9,7.9
5.40,11.4,11.2,10.9,7.9
5.40,,11.2,10.9,7.9
5.40,11.4,11.2,10.9,7.9
5.40,,11.2,10.9,7.9
5.40,11.4,11.2,10.9,7.9
5.40,,11.2,10.9,7.9
5.40,11.4,11.2,10.9,7.9
5.40,,11.2,10.9,7.9
5.40,11.4,11.2,10.9,7.9
5.40,,11.2,10.9,7.9
5.40,11.4,11.2,10.9,7.9
5.40,,11.2,10.9,7.9
5.40,11.4,11.2,10.9,7.9
5.40,,11.2,10.9,7.9
5.40,11.5,11.2,10.9,7.9
5.40,,11.2,10.9,7.9
5.40,11.4,11.2,10.9,7.9
5.40,,11.2,10.9,7.9
5.40,11.4,11.2,10.9,7.9
5.40,,11.2,10.9,7.9
5.40,11.4,11.2,10.9,7.9
5.40,,11.2,10.9,7.9
5.40,11.4,11.2,10.9,7.9
5.40,,11.2,10.9,7.9
5.40,11.4,11.2,10.9,7.9
5.40,,11.2,10.9,7.9
5.40,11.4,11.2,10.9,7.9
5.40,,11.2,10.9,7.9
5.40,11.3,11.2,10.9,7.9
5.40,,11.1,10.9,7.9
5.40,11.4,11.2,10.9,7.9
5.40,,11.2,10.9,7.9
5.40,11.4,11.2,10.9,7.9
5.40,,11.1,10.9,7.9
5.40,11.4,11.2,10.9,7.9
5.40,,11.2,10.9,7.9
5.40,11.4,11.2,10.9,7.9
5.40,,11.2,10.9,7.9
5.40,11.4,11.2,10.9,7.9
5.40,,11.1,10.9,7.9
5.40,11.4,11.1,10.9,7.9
5.40,,11.1,10.9,7.9
5.40,11.4,11.1,10.9,7.9
5.40,,11.1,10.9,7.9
5.40,11.4,11.1,10.9,7.9
5.40,,11.2,10.9,7.9
5.40,11.4,11.2,10.9,7.9
5.40,,11.2,10.9,7.9
5.40,11.4,11.2,10.9,7.9
5.40,,11.2,10.9,7.9
5.40,11.4,11.2,10.9,7.9
5.40,,11.2,10.9,7.9
5.30,11.4,11.2,10.9,7.9
5.30,,11.2,10.9,7.9
5.30,11.4,11.1,10.9,7.9
5.30,,11.1,10.9,7.9
5.30,,11.1,10.9,7.9
5.30, 11.4   .,11.2,10.9,7.9
5.30,,11.1,10.9,7.9
5.30,,11.1,10.9,7.9
5.30,11.4,11.1,10.9,7.9
5.30,,11.1,10.9,7.9
5.30,,11.2,10.9,7.9
5.30,11.4,11.1,10.9,7.9
5.30,,11.1,10.9,7.9
5.30,,11.1,10.9,7.9
5.30,11.4,11.2,10.9,7.9
5.30, ,11.2,10.9,7.9
5.30,,11.2,10.9,7.9
5.30,11.4,11.2,10.9,7.9
5.30,,11.2,10.9,7.9
5.30,,11.1,10.9,7.9
5.30,11.4,11.1,10.9,7.9
5.30,,11.2,10.9,7.9
5.30,,11.2,10.9,7.9
5.30,11.0,11.2,10.9,7.9
5.30,0.4,11.2,10.9,7.9
5.30,,11.2,10.9,7.9
5.30,11.0,11.2,10.9,7.9
5.30,4.0,11.2,10.9,7.9
5.30,,11.1,10.9,7.9
5.30, ,11.1,10.9,7.9
5.30,11.4,11.1,10.9,7.9
5.30,,11.1,10.9,7.9
5.30,,11.1,10.9,7.9
5.30,11.4,11.1,10.9,7.9
5.30,,11.1,10.9,7.9
5.30,11.4,11.1,10.9,7.9
5.30,,11.1,10.9,7.9
5.30,,11.1,10.9,7.9
5.30,11.4,11.1,10.9,7.9
5.30,,11.1,10.9,7.9
5.30,11.4,11.1,10.9,7.9
5.30,,11.1,10.9,7.9
5.30,11.4,11.1,10.9,7.9
5.30,,11.1,10.9,7.9
5.30,11.4,11.1,10.9,7.9
5.30,,11.1,10.9,7.9
5.30,11.4,11.1,10.9,7.9
5.30,,11.1,10.9,7.9
5.30,11.4,11.1,10.9,7.9
5.30,,11.1,10.9,7.9
5.30,11.4,11.1,10.9,7.9
5.30,,11.1,10.9,7.9
5.30,11.4,11.1,10.9,7.9
5.30,,11.1,10.9,7.9
5.30,11.4,11.1,10.9,7.9
5.30,,11.2,10.9,7.9
5.30,11.4,11.2,10.9,7.9
5.30,,11.2,10.9,7.9
5.30,11.4,11.2,10.9,7.9
5.30,,11.2,10.9,7.9
5.30,11.4,11.2,10.9,7.9
5.30,,11.2,10.9,7.9
5.30,11.4,11.1,10.9,7.9
5.30,,11.1,10.9,7.9
5.30,11.4,11.1,10.9,7.9
5.30,,11.1,10.9,7.9
5.30,11.4,11.1,10.9,7.9
5.30,,11.1,10.9,7.9
5.30,11.4,11.1,10.9,7.9
5.30,,11.1,10.9,7.9
5.30,11.4,11.1,10.9,7.9
5.30,,11.2,10.9,7.9
5.30,11.4,11.1,10.9,7.9
5.30,,11.1,10.9,7.9
5.30,11.4,11.1,10.9,7.9
5.30,,11.1,10.9,7.9
5.30,11.4,11.1,10.9,7.9
5.30,,11.1,10.9,7.9
5.30,11.4,11.1,10.9,7.9
5.30,,11.1,10.9,7.9
5.30,11.4,11.1,10.9,7.9
5.30,,11.1,10.9,7.9
5.30,11.4,11.1,10.9,7.9
5.30,,11.1,10.9,7.9
5.30,11.4,11.1,10.9,7.9
5.30,,11.1,10.9,7.9
5.30,11.4,11.1,10.9,7.9
5.30,,11.1,10.9,7.9
5.30,11.4,11.1,10.9,7.9
5.30,,11.1,10.9,7.9
5.30,11.4,11.1,10.9,7.9
5.30,,11.1,10.9,7.9
5.30,11.4,11.1,10.9,7.9
5.30,,11.1,10.9,7.9
5.30,11.4,11.1,10.9,7.9
5.30,,11.1,10.9,7.9
5.30,11.4,11.1,10.9,7.9
5.30,,11.1,10.9,7.9
5.30,11.4,11.1,10.9,7.9
5.30,,11.1,10.9,7.9
5.30,11.4,11.1,10.9,7.9
5.30,,11.1,10.9,7.9
5.30,11.4,11.1,10.9,7.9
5.30,,11.1,10.9,7.9
5.30,11.4,11.1,10.9,7.9
5.30,,11.1,10.9,7.9
5.30,11.4,11.1,10.9,7.9
5.30,,11.1,10.9,7.9
5.30,11.4,11.1,10.9,7.9
5.30,,11.1,10.9,7.9
5.30,11.4,11.1,10.9,7.9
5.30,,11.2,10.9,7.9
5.30,11.4,11.1,10.9,7.9
5.30,,11.1,10.9,7.9
5.30,11.4,11.2,10.9,7.9
5.30,,11.1,10.9,7.9
5.30,11.4,11.1,10.9,7.9
5.30,,11.1,10.9,7.9
5.30,11.4,11.1,10.9,7.9
5.30,,11.1,10.9,7.9
5.30,11.4,11.1,10.9,7.9
5.30,,11.1,10.9,7.9
5.30,,11.1,10.9,7.9
5.30,11.4,11.1,10.9,7.9
5.30,,11.1,10.9,7.8
5.30,,11.1,10.9,7.8
5.30,11.4,11.1,10.9,7.8
5.30,,11.1,10.9,7.8
5.30,,11.1,10.9,7.8
5.30,11.4,11.1,10.9,7.8
5.30,,11.1,10.9,7.8
5.30,,11.1,10.9,7.8
5.30,11.4,11.1,10.9,7.8
5.30,,11.1,10.9,7.8
5.30,,11.1,10.9,7.8
5.30,11.4,11.1,10.9,7.8
5.30, ,11.1,10.9,7.8
5.30,,11.1,10.9,7.8
5.30,11.4,11.1,10.9,7.8
5.30,,11.1,10.9,7.8
5.30,,11.1,10.9,7.8
5.30,11.4,11.1,10.9,7.8
5.30,,11.1,10.9,7.8
5.30,,11.1,10.9,7.8
5.30,11.0,11.1,10.9,7.8
5.30,0.4,11.1,10.9,7.8
5.30,,11.1,10.9,7.8
5.30,,11.1,10.9,7.8
5.30,11.4,11.1,10.9,7.8
5.30,,11.1,10.9,7.8
5.30,,11.1,10.9,7.8
5.30,11.4,11.1,10.9,7.8
5.30,,11.1,10.9,7.8
5.30,,11.1,10.9,7.8
5.30,11.4,11.1,10.9,7.8
5.30,,11.1,10.9,7.8
5.30,11.3,11.1,10.9,7.8
5.30,,11.1,10.9,7.8
5.30,11.4,11.1,10.9,7.8
5.30,,11.1,10.9,7.8
5.30,11.4,11.1,10.9,7.8
5.30,,11.1,10.9,7.8
5.30,11.4,11.1,10.9,7.8
5.30,,11.1,10.9,7.8
5.30,11.4,11.1,10.9,7.8
5.30,,11.1,10.9,7.8
5.30,11.4,11.1,10.9,7.8
5.30,,11.1,10.9,7.8
5.30,11.4,11.1,10.9,7.8
5.30,,11.1,10.9,7.8
5.30,11.4,11.1,10.9,7.8
5.30,,11.1,10.9,7.8
5.30,11.4,11.1,10.9,7.8
5.30,,11.1,10.9,7.8
5.30,11.4,11.1,10.9,7.8
5.30,,11.1,10.9,7.8
5.30,11.4,11.1,10.9,7.8
5.30,,11.1,10.9,7.8
5.30,11.4,11.1,10.9,7.8
5.30,,11.1,10.9,7.8
5.30,11.4,11.1,10.9,7.8
5.30,,11.1,10.9,7.8
5.30,11.4,11.1,10.9,7.8
5.30,,11.1,10.9,7.8
5.30,11.4,11.1,10.9,7.8
5.30,,11.1,10.9,7.8
5.30,11.4,11.1,10.9,7.8
5.30,,11.1,10.9,7.8
5.30,11.4,11.1,10.9,7.8
5.30,,11.1,10.9,7.8
5.30,11.4,11.1,10.9,7.8
5.30,,11.1,10.9,7.8
5.30,11.5,11.1,10.9,7.8
5.30,,11.1,10.9,7.8
5.30,11.3,11.1,10.9,7.8
5.30,,11.1,10.9,7.8
5.30,11.4,11.1,10.9,7.8
5.30,,11.1,10.9,7.8
5.30,11.4,11.1,10.9,7.8
5.30,,11.1,10.9,7.8
5.30,11.4,11.1,10.9,7.8
5.30,,11.1,10.9,7.8
5.30,11.4,11.1,10.9,7.8
5.30,,11.1,10.9,7.8
5.30,11.5,11.1,10.9,7.8
5.30,,11.1,10.9,7.8
5.30,11.4,11.1,10.9,7.8
5.30,,11.1,10.9,7.8
5.30,11.5,11.1,10.9,7.8
5.30,,11.1,10.9,7.8
5.30,11.5,11.1,10.9,7.8
5.30,,11.1,10.8,7.8
5.30, 11.4   .,11.1,10.9,7.8
5.30,,11.1,10.9,7.8
5.30,,11.1,10.9,7.8
5.30,11.5,11.1,10.9,7.8
5.30,,11.1,10.9,7.8
5.30,,11.1,10.9,7.8
5.30, 11.5   .,11.1,10.9,7.8
5.30,,11.1,10.9,7.8
5.30,,11.1,10.9,7.8
5.30,11.5,11.1,10.9,7.8
5.30, ,11.1,10.9,7.8
5.30,,11.1,10.9,7.8
5.30,11.5,11.1,10.9,7.8
5.30,,11.1,10.9,7.8
5.30,,11.1,10.9,7.8
5.30,11.4,11.1,10.9,7.8
5.30, ,11.1,10.9,7.8
5.30,,11.1,10.9,7.8
5.30,11.4,11.1,10.9,7.8
5.30,,11.1,10.9,7.8
5.30,,11.2,10.9,7.8
5.30,11.4,11.1,10.9,7.8
5.30, ,11.1,10.9,7.8
5.30,,11.1,10.9,7.8
5.30,11.4,11.1,10.9,7.8
5.30,,11.1,10.9,7.8
5.30,,11.1,10.9,7.8
5.30,11.4,11.1,10.9,7.8
5.30, ,11.2,10.9,7.8
5.30,,11.1,10.9,7.8
5.30,11.4,11.1,10.9,7.8
5.30,,11.1,10.9,7.8
5.30,,11.1,10.9,7.8
5.30,11.4,11.1,10.9,7.8
5.30,,11.1,10.9,7.8
5.30,,11.1,10.9,7.8
5.30,11.0,11.1,10.9,7.8
5.30,0.4,11.2,10.9,7.8
5.30,,11.2,10.9,7.8
5.30,,11.3,10.9,7.8
5.30,11.4,11.3,10.9,7.8
5.30,,11.2,10.9,7.8
5.30,,11.2,10.9,7.8
5.30,11.4,11.2,10.9,7.8
5.30,,11.2,10.9,7.8
5.30, ,11.2,10.9,7.8
5.30,11.4,11.2,10.9,7.8
5.30,,11.1,10.9,7.8
5.30,,11.1,10.9,7.8
5.30,11.4,11.2,10.9,7.8
5.30,,11.2,10.9,7.8
5.30,11.4,11.2,10.9,7.8
5.30,,11.2,10.9,7.8
5.30,11.4,11.2,10.9,7.8
5.30,,11.2,10.9,7.8
5.30,11.4,11.2,10.9,7.8
5.30,,11.1,10.9,7.8
5.30,11.4,11.1,10.9,7.8
5.30,,11.1,10.9,7.8
5.30,11.4,11.1,10.9,7.8
5.30,,11.1,10.9,7.8
5.30,11.4,11.1,10.9,7.8
5.30,,11.1,10.9,7.8
5.30,11.4,11.1,10.9,7.8
5.30,,11.1,10.9,7.8
5.20,11.4,11.1,10.9,7.8
5.20,,11.1,10.9,7.8
5.20,11.4,11.1,10.9,7.8
5.20,,11.1,10.9,7.8
5.20,11.4,11.1,10.9,7.8
5.20,,11.1,10.9,7.8
5.20,11.4,11.1,10.9,7.8
5.20,,11.1,10.9,7.8
5.20,11.4,11.1,10.9,7.8
5.20,,11.1,10.9,7.8
5.20,11.4,11.1,10.9,7.8
5.20,,11.1,10.9,7.8
5.20,11.4,11.1,10.9,7.8
5.20,,11.1,10.9,7.8
5.20,11.4,11.1,10.9,7.8
5.20,,11.1,10.9,7.8
5.20,11.4,11.1,10.9,7.8
5.20,,11.1,10.9,7.8
5.20,11.4,11.1,10.9,7.8
5.20,,11.1,10.9,7.8
5.10,11.4,11.1,10.9,7.8
5.10,,11.1,10.9,7.8
5.10,11.4,11.1,10.9,7.8
5.10,,11.1,10.9,7.8
5.10,11.4,11.1,10.9,7.8
5.10,,11.1,10.9,7.8
5.10,11.4,11.1,10.9,7.8
5.10,,11.1,10.9,7.8
5.10,11.4,11.1,10.9,7.8
5.10,,11.1,10.9,7.8
5.10,11.4,11.1,10.9,7.8
5.10,,11.1,10.9,7.8
5.10,11.4,11.1,10.9,7.8
5.10,,11.1,10.9,7.8
5.10,11.4,11.1,10.9,7.8
5.10,,11.1,10.9,7.8
5.10,11.3,11.1,10.9,7.8
5.10,,11.1,10.9,7.8
5.10,11.4,11.1,10.9,7.8
5.10,,11.1,10.9,7.8
5.10,11.4,11.1,10.9,7.8
5.10,,11.1,10.9,7.8
5.00,11.3,11.1,10.9,7.8
5.00,,11.1,10.9,7.8
5.00,11.4,11.1,10.9,7.8
5.10,,11.1,10.9,7.8
5.00,11.4,11.1,10.9,7.8
5.00,,11.1,10.9,7.8
5.10,11.4,11.1,10.9,7.8
5.00,,11.1,10.9,7.8
5.00,11.4,11.1,10.9,7.8
5.00,,11.1,10.9,7.8
5.00,11.4,11.1,10.9,7.8
5.10,,11.1,10.9,7.8
5.00,11.4,11.1,10.9,7.8
5.00,,11.1,10.9,7.8
5.00,11.4,11.1,10.9,7.8
5.10,,11.1,10.9,7.8
5.10,11.4,11.1,10.9,7.8
5.00,,11.1,10.9,7.8
5.10,11.4,11.1,10.9,7.8
5.10,,11.1,10.9,7.8
5.10,11.4,11.1,10.9,7.8
5.10,,11.1,10.9,7.8
5.10,11.4,11.1,10.9,7.8
5.10,,11.1,10.9,7.8
5.10,11.4,11.1,10.9,7.8
5.10,,11.1,10.9,7.8
5.10,11.4,11.1,10.9,7.8
5.10,,11.1,10.9,7.8
5.10,,11.1,10.9,7.8
5.10,11.4,11.1,10.9,7.8
5.10,,11.1,10.9,7.8
5.10,,11.1,10.9,7.8
5.10,11.4,11.1,10.9,7.8
5.10,,11.1,10.9,7.8
5.10,,11.1,10.9,7.8
5.10,11.4,11.1,10.9,7.8
5.10, ,11.1,10.9,7.8
5.10,,11.1,10.9,7.8
5.10,11.4,11.1,10.9,7.8
5.10,,11.1,10.9,7.8
5.00,,11.1,10.9,7.8
5.00,11.4,11.1,10.9,7.8
5.10,,11.1,10.9,7.8
5.10,,11.1,10.9,7.8
5.00,11.4,11.1,10.9,7.8
5.00,,11.1,10.9,7.8
5.00,,11.1,10.9,7.8
5.00,1.0,11.1,10.9,7.8
5.00,1.4,11.1,10.9,7.8
5.10,,11.1,10.9,7.8
5.00,11.4,11.1,10.9,7.8
5.00,,11.1,10.9,7.8
5.00,,11.1,10.9,7.8
5.00, ,11.1,10.9,7.8
5.00,11.4,11.1,10.9,7.8
5.00,,11.1,10.9,7.8
5.00,11.0,11.1,10.9,7.8
5.00,0.4,11.1,10.9,7.8
5.00,,11.1,10.9,7.8
5.00,11.4,11.1,10.9,7.8
5.00,,11.1,10.9,7.8
5.00,11.4,11.1,10.9,7.8
5.00,,11.1,10.9,7.8
5.00,11.4,11.1,10.9,7.8
5.00,,11.1,10.9,7.8
5.00,11.4,11.1,10.9,7.8
5.00,,11.1,10.9,7.8
5.00,11.4,11.1,10.9,7.8
5.00,,11.1,10.9,7.8
5.00,11.4,11.1,10.9,7.8
5.00,,11.1,10.9,7.8
5.00,11.4,11.1,10.9,7.8
5.00,,11.1,10.9,7.8
5.00,11.4,11.1,10.9,7.8
5.00,,11.1,10.9,7.8
5.00,11.4,11.1,10.9,7.8
5.00,,11.1,10.9,7.8
5.00,11.4,11.1,10.9,7.8
5.00,,11.1,10.9,7.8
5.00,11.4,11.1,10.9,7.8
5.00,,11.1,10.9,7.8
5.00,11.4,11.1,10.9,7.8
5.00,,11.1,10.9,7.8
5.00,11.4,11.1,10.9,7.8
5.00,,11.1,10.9,7.8
5.00,11.4,11.1,10.9,7.8
5.00,,11.1,10.9,7.8
5.00,11.4,11.1,10.9,7.8
5.00,,11.1,10.9,7.8
5.00,11.4,11.1,10.9,7.8
5.00,,11.1,10.9,7.8
5.00,11.4,11.1,10.9,7.8
5.00,,11.1,10.9,7.8
5.00,11.4,11.1,10.9,7.8
5.00,,11.1,10.9,7.8
5.00,11.4,11.1,10.9,7.8
5.00,,11.1,10.9,7.8
5.00,11.4,11.1,10.9,7.8
5.00,,11.1,10.9,7.8
5.00,11.4,11.1,10.9,7.8
5.00,,11.1,10.9,7.8
5.00,11.4,11.1,10.9,7.8
5.00,,11.1,10.9,7.8
5.00,11.3,11.1,10.9,7.8
5.00,,11.1,10.9,7.8
5.00,11.3,11.1,10.9,7.8
5.00,,11.1,10.9,7.8
5.00,11.3,11.1,10.9,7.8
5.00,,11.1,10.9,7.8
5.00,11.3,11.1,10.9,7.8
5.00,,11.1,10.9,7.8
5.00,11.3,11,10.9,7.8
5.00,,11.1,10.9,7.8
5.00,11.3,11.1,10.9,7.8
5.00,,11.1,10.9,7.8
5.00,11.3,11.1,10.9,7.8
5.00,,11.1,10.9,7.8
5.00,11.3,11.1,10.9,7.8
5.00,,11.1,10.8,7.8
5.00,11.3,11.1,10.9,7.8
5.00,,11.1,10.9,7.8
5.00,11.3,11.1,10.9,7.8
5.00,,11.1,10.9,7.8
5.00,11.3,11.1,10.9,7.8
5.00,,11.1,10.9,7.8
5.00,11.3,11.1,10.9,7.8
5.00,,11,10.9,7.8
5.00,11.3,11.1,10.9,7.8
5.00,,11,10.9,7.8
5.00,11.3,11.1,10.9,7.8
5.00,,11.1,10.9,7.8
5.00,11.3,11.1,10.9,7.8
5.00,,11.1,10.9,7.8
5.00,11.3,11.1,10.9,7.8
5.00,,11.1,10.9,7.8
5.00,11.3,11.1,10.9,7.8
5.00,,11.1,10.9,7.8
5.00,11.3,11.1,10.9,7.8
5.00,,11.1,10.9,7.8
5.00,11.3,11.1,10.9,7.8
5.00,,11.1,10.9,7.8
5.00,11.4,11.1,10.9,7.8
5.00,,11.1,10.9,7.8
5.00,,11.1,10.9,7.8
5.00, 11.4   .,11.1,10.9,7.8
5.00,,11.1,10.9,7.8
5.10,,11.1,10.9,7.8
5.00,11.4,11.1,10.9,7.8
5.00,,11.1,10.9,7.8
5.00,,11.1,10.9,7.8
5.00,11.4,11.1,10.9,7.8
5.00, ,11.1,10.9,7.8
5.00,,11.1,10.9,7.8
5.00,11.4,11.1,10.9,7.8
5.00,,11.1,10.9,7.8
5.00,,11.1,10.9,7.8
5.00,11.4,11.1,10.9,7.8
5.00,,11.1,10.9,7.8
5.00,,11.1,10.9,7.8
5.00,11.4,11.1,10.9,7.8
5.00,,11.1,10.9,7.8
5.00,,11.1,10.9,7.8
5.00,1.0,11.1,10.9,7.8
5.00,1.4,11.1,10.9,7.8
5.00,,11.1,10.9,7.8
5.00,11.0,11.1,10.9,7.8
5.00,4.0,11.1,10.9,7.8
5.00,,11.1,10.9,7.8
5.00,1.0,11.1,10.9,7.8
5.00,1.4,11.1,10.9,7.8
5.00,,11.1,10.9,7.8
5.00,,11.1,10.9,7.8
5.00,11.4,11.1,10.9,7.8
5.00,,11.1,10.9,7.8
5.00, ,11.1,10.9,7.8
5.00,11.4,11,10.9,7.8
5.00,,11.1,10.9,7.8
5.00,,11,10.9,7.8
5.00,11.4,11.1,10.9,7.8
5.00,,11.1,10.9,7.8
5.00,11.4,11.1,10.9,7.8
5.00,,11,10.9,7.8
5.00,11.4,11.1,10.9,7.8
5.00,,11.1,10.9,7.8
5.00,11.4,11.1,10.9,7.8
5.00,,11,10.9,7.8
5.00,11.3,11.1,10.9,7.8
5.00,,11,10.9,7.8
5.00,11.4,11.1,10.9,7.8
5.00,,11.1,10.9,7.8
5.00,11.4,11.1,10.9,7.8
5.00,,11.1,10.9,7.8
5.00,11.4,11.1,10.9,7.8
5.00,,11.1,10.8,7.8
5.00,11.4,11.1,10.9,7.8
5.00,,11.1,10.9,7.8
5.00,11.3,11.1,10.8,7.8
5.00,,11.1,10.8,7.8
5.00,11.3,11.1,10.9,7.8
5.00,,11.1,10.9,7.8
5.00,11.3,11.1,10.9,7.8
5.00,,11.1,10.9,7.8
5.00,11.3,11.1,10.9,7.8
5.00,,11.1,10.9,7.8
5.00,11.4,11.1,10.9,7.8
5.00,,11.1,10.9,7.8
5.00,11.3,11.1,10.9,7.8
5.00,,11.1,10.8,7.8
5.00,11.3,11.1,10.8,7.8
5.10,,11.1,10.9,7.8
5.10,11.4,11.1,10.8,7.8
5.00,,11.1,10.8,7.8
5.00,11.3,11.1,10.8,7.8
5.00,,11.1,10.8,7.8
5.00,11.4,11.1,10.8,7.8
5.00,,11.1,10.9,7.8
5.00,11.3,11.1,10.8,7.8
5.00,,11.1,10.9,7.8
5.00,11.4,11.1,10.8,7.8
5.00,,11.1,10.9,7.8
5.00,11.4,11.1,10.9,7.8
5.00,,11.1,10.9,7.8
5.00,11.3,11.1,10.9,7.8
5.00,,11.1,10.8,7.8
5.00,11.4,11.1,10.8,7.8
5.00,,11.1,10.9,7.8
5.00,11.4,11.1,10.8,7.8
5.00,,11.1,10.8,7.8
5.00,11.4,11.1,10.8,7.8
5.00,,11.1,10.8,7.8
5.00,11.4,11.1,10.8,7.8
5.00,,11.1,10.8,7.8
5.00,11.4,11.1,10.8,7.8
5.00,,11,10.8,7.8
5.00,11.4,11,10.8,7.8
5.00,,11,10.8,7.8
5.00,11.4,11.1,10.8,7.8
5.00,,11.1,10.8,7.8
5.00,11.4,11.1,10.8,7.8
5.00,,11.1,10.8,7.8
5.00,11.3,11.1,10.8,7.8
5.00,,11.1,10.8,7.8
5.00,11.3,11,10.8,7.8
5.00,,11.1,10.8,7.8
5.00,11.3,11.1,10.8,7.8
5.00,,11.1,10.8,7.8
5.00,11.3,11.1,10.8,7.8
5.00,,11.1,10.8,7.8
5.00,11.3,11.1,10.8,7.8
5.00,,11.1,10.8,7.8
5.00,11.3,11.1,10.8,7.8
5.00,,11.1,10.8,7.8
5.00,11.3,11.1,10.8,7.8
5.00,,11.1,10.8,7.8
5.00,11.3,11.1,10.8,7.8
5.00,,11.1,10.8,7.8
5.00,11.3,11.1,10.8,7.8
5.00,,11.1,10.8,7.8
5.00,11.3,11.1,10.8,7.8
5.00,,11.1,10.8,7.8
5.00,11.3,11.1,10.8,7.8
5.00,,11.1,10.8,7.8
5.00,11.3,11.1,10.8,7.8
5.00,,11.1,10.8,7.8
5.00,,11.1,10.8,7.8
5.00, 11.4   .,11.1,10.8,7.8
5.00,,11.1,10.8,7.8
5.00,,11.1,10.8,7.8
5.00,11.4,11.1,10.8,7.8
5.00,,11.1,10.8,7.8
5.10,,11.1,10.8,7.8
5.10,11.4,11,10.8,7.8
5.10,,11,10.8,7.8
5.10,,11.1,10.8,7.8
5.00,11.3,11.1,10.8,7.8
5.00,,11.1,10.8,7.8
5.10,,11.1,10.8,7.8
5.00,11.4,11.1,10.8,7.8
5.00,,11.1,10.8,7.8
5.00,,11.1,10.8,7.8
5.00,11.0,11.1,10.8,7.8
5.00,3.0,11.1,10.8,7.8
5.00,,11,10.8,7.8
5.00,1.0,11,10.8,7.8
5.00,1.3,11,10.8,7.8
5.00,,11,10.8,7.8
5.00,,11,10.8,7.8
5.00,11.4,11,10.8,7.8
5.00,,11,10.8,7.8
5.00, ,11,10.8,7.8
5.00,11.4,11,10.8,7.8
5.00,,11,10.8,7.8
5.00,,11,10.8,7.8
5.00,11.4,11,10.8,7.8
5.00,,11.1,10.8,7.8
5.00,11.3,11,10.8,7.8
5.00,,11,10.8,7.8
5.00,11.3,11,10.8,7.8
5.00,,11,10.8,7.8
5.00,11.4,11,10.8,7.8
5.00,,11,10.8,7.8
5.00,11.3,11,10.8,7.8
5.00,,11,10.8,7.8
5.00,11.3,11,10.8,7.8
5.00,,11,10.8,7.8
5.00,11.4,11,10.8,7.8
5.00,,11,10.8,7.8
5.00,11.4,11,10.8,7.8
5.00,,11,10.8,7.8
5.00,11.3,11,10.8,7.8
5.00,,11,10.8,7.8
5.00,11.3,11,10.8,7.8
5.00,,11.1,10.8,7.8
5.00,11.3,11,10.8,7.8
5.00,,11.1,10.8,7.8
5.00,11.3,11,10.8,7.8
5.00,,11,10.8,7.8
5.00,11.3,11.1,10.8,7.8
5.00,,11,10.8,7.8
5.00,11.3,11.1,10.8,7.9
5.00,,11.1,10.8,7.9
5.00,11.3,11,10.8,7.8
5.00,,11,10.8,7.8
5.00,11.3,11,10.8,7.8
5.00,,11,10.8,7.8
5.00,11.3,11,10.8,7.7
5.00,,11.1,10.8,7.7
5.00,11.4,11.1,10.8,7.8
5.00,,11,10.8,7.8
5.00,11.4,11.1,10.8,7.8
5.00,,11.1,10.8,7.8
5.00,11.3,11,10.8,7.7
5.00,,11,10.8,7.8
5.00,11.4,11,10.8,7.8
5.00,,11,10.8,7.8
5.00,11.4,11,10.8,7.8
5.00,,11,10.8,7.8
5.00,11.4,11,10.8,7.8
5.00,,11,10.8,7.7
5.10,11.4,11.1,10.8,7.8
5.10,,11,10.8,7.8
5.00,11.4,11,10.8,7.8
5.10,,11,10.8,7.8
5.10,11.4,11,10.8,7.8
5.10,,11,10.8,7.8
5.10,11.4,11,10.8,7.8
5.00,,11,10.8,7.8
5.00,11.4,11,10.8,7.8
5.00,,11,10.8,7.8
5.00,11.3,11,10.8,7.8
5.00,,11,10.8,7.8
5.00,11.4,11,10.8,7.8
5.00,,11.1,10.8,7.8
5.00,11.4,11.1,10.8,7.8
5.00,,11.1,10.8,7.8
5.00,11.4,11,10.8,7.8
5.00,,11.1,10.8,7.8
5.00,11.4,11,10.8,7.8
5.00,,11,10.8,7.8
5.00,11.3,11,10.8,7.8
5.00,,11,10.8,7.8
5.00,11.4,11,10.8,7.8
5.00,,11,10.8,7.8
5.00,11.3,11,10.8,7.8
5.00,,11.1,10.8,7.8
5.00,11.3,11,10.8,7.8
5.00,,11,10.8,7.8
5.00,11.3,11.1,10.8,7.8
5.00,,11.1,10.8,7.8
5.00,11.4,11,10.8,7.8
5.00,,11,10.8,7.8
5.00,11.3,11,10.8,7.8
5.00,,11,10.8,7.8
5.00,11.3,11.1,10.8,7.8
5.00,,11,10.8,7.8
5.00,11.4,11,10.8,7.8
5.00,,11.1,10.8,7.8
5.00,11.3,11,10.8,7.8
5.00,,11,10.8,7.8
5.00,,11,10.8,7.8
5.00, 11.4   .,11,10.8,7.8
5.00,,11,10.8,7.8
5.00,,11,10.8,7.8
5.00,11.4,11,10.8,7.8
5.00,,11.1,10.8,7.8
5.00,,11,10.8,7.8
5.00,11.3,11,10.8,7.8
5.00,,11.1,10.8,7.8
5.00,,11,10.8,7.8
5.00,11.4,11,10.8,7.8
5.00, ,11.1,10.8,7.8
5.00,,11,10.8,7.8
5.00,11.4,11,10.8,7.8
5.00,,11,10.8,7.8
5.00,,11.1,10.8,7.8
5.00,11.3,11.1,10.8,7.8
5.00,,11,10.8,7.8
5.00,,11,10.8,7.8
5.00,11.4,11.1,10.8,7.8
5.00,,11,10.8,7.8
5.00,,11,10.8,7.8
5.00,11.0,11,10.8,7.8
5.00,3.0,11,10.8,7.8
5.00,,11,10.8,7.8
5.00, ,11.1,10.8,7.8
5.00,11.3,11.1,10.8,7.8
5.00,,11,10.8,7.8
5.00,,11,10.8,7.8
5.00,11.4,11,10.8,7.8
5.00,,11,10.8,7.8
5.00, ,11,10.8,7.8
5.00,11.3,11,10.8,7.8
5.00,,11,10.8,7.8
5.00,,11.1,10.8,7.8
5.00,11.1,11.1,10.8,7.8
5.00,,11,10.8,7.8
5.00,11.3,11,10.8,7.8
5.00,,11,10.8,7.8
5.00,11.4,11,10.8,7.8
5.00,,11,10.8,7.8
5.00,11.4,11,10.8,7.8
5.00,,11,10.8,7.8
5.00,11.4,11,10.8,7.8
5.00,,11.1,10.8,7.8
5.00,11.4,11.1,10.8,7.8
5.00,,11.1,10.8,7.8
5.00,11.3,11.1,10.8,7.8
4.90,,11,10.8,7.8
4.90,11.4,11,10.8,7.8
5.00,,11.1,10.8,7.8
5.00,11.4,11.1,10.8,7.8
5.00,,11.1,10.8,7.8
5.00,11.4,11.1,10.8,7.8
5.00,,11,10.8,7.8
5.00,11.3,11,10.8,7.8
5.00,,11,10.8,7.8
5.00,11.3,11,10.8,7.8
5.00,,11,10.8,7.8
5.00,11.4,11,10.8,7.8
5.00,,11.1,10.8,7.8
5.00,11.4,11.1,10.8,7.8
5.00,,11.1,10.8,7.8
5.00,11.3,11,10.8,7.8
5.00,,11,10.8,7.8
5.00,11.4,11.1,10.8,7.8
5.00,,11,10.8,7.8
5.00,11.4,11,10.8,7.8
5.00,,11.1,10.8,7.8
5.00,11.4,11,10.8,7.8
5.00,,11,10.8,7.8
5.00,11.3,11,10.8,7.8
5.00,,11,10.8,7.8
5.00,11.4,11,10.8,7.8
5.00,,11.1,10.8,7.8
5.00,11.4,11,10.8,7.8
5.00,,11,10.8,7.8
5.00,11.3,11,10.8,7.8
5.00,,11,10.8,7.8
5.00,11.3,11,10.8,7.8
5.00,,11,10.8,7.8
5.00,11.3,11,10.8,7.8
5.00,,11,10.8,7.8
4.90,11.3,11,10.8,7.8
5.00,,11,10.8,7.8
4.90,11.4,11,10.8,7.8
5.00,,11,10.8,7.8
5.00,11.3,11,10.8,7.8
5.00,,11,10.8,7.8
5.00,11.3,11,10.8,7.8
5.10,,11,10.8,7.8
4.90,11.3,11,10.8,7.8
5.00,,11,10.8,7.8
5.00,11.3,11,10.8,7.8
4.90,,11,10.8,7.8
4.90,11.4,11,10.8,7.8
5.00,,11,10.8,7.8
5.00,11.3,11,10.8,7.8
5.00,,11,10.8,7.8
5.00,11.3,11,10.8,7.8
5.00,,11,10.8,7.8
5.00,11.3,11,10.8,7.8
5.00,,11,10.8,7.8
5.00,11.4,11,10.8,7.8
5.00,,11,10.8,7.8
5.00,11.3,11,10.8,7.8
5.00,,11,10.8,7.8
5.00,11.4,11,10.8,7.8
5.00,,11,10.8,7.8
5.00,11.3,11,10.8,7.8
5.00,,11,10.8,7.8
5.00,11.3,11,10.8,7.8
5.00,,11,10.8,7.8
5.00,11.3,11,10.8,7.8
5.00,,11,10.8,7.8
5.00,11.3,11,10.8,7.8
5.00,,11,10.8,7.8
5.00,11.3,11,10.8,7.8
5.00,,11,10.8,7.8
5.00,,11,10.8,7.8
5.00,11.3,11,10.8,7.8
5.00,,11,10.8,7.8
5.00,,11,10.8,7.8
5.00, 11.3   .,11,10.8,7.8
5.00,,11,10.8,7.8
5.00,,11,10.8,7.8
5.00,11.3,11,10.8,7.8
5.00,,11,10.8,7.8
5.00,,11.1,10.8,7.8
5.00,11.3,11,10.8,7.8
5.00,,11,10.8,7.8
5.00,,11,10.8,7.8
5.00,11.3,11,10.8,7.8
5.00, ,11,10.8,7.8
5.00,,11,10.8,7.8
5.00,11.3,11,10.8,7.8
5.00,,11,10.8,7.8
5.00,,11,10.8,7.8
5.00,11.3,11,10.8,7.8
5.00,,11,10.8,7.8
5.00,,11,10.8,7.8
5.00,11.0,11,10.8,7.8
5.00,0.3,11,10.8,7.8
5.00,,11,10.8,7.8
5.00,,11,10.8,7.8
5.00,11.3,11,10.8,7.8
5.00,,11,10.8,7.8
4.90, ,11,10.8,7.8
4.90,11.3,11,10.8,7.8
4.90,,11,10.8,7.8
4.90,,11,10.8,7.8
4.90,11.3,11,10.8,7.8
4.90,,11,10.8,7.8
4.90,11.3,11,10.8,7.8
5.00,,11,10.8,7.8
5.00,11.3,11,10.8,7.8
5.00,,11,10.8,7.8
5.00,11.3,11,10.8,7.8
5.00,,11,10.8,7.8
5.00,11.3,11,10.8,7.8
5.00,,11,10.8,7.8
5.00,11.3,11,10.8,7.8
5.00,,11,10.8,7.8
5.00,11.3,11,10.8,7.8
5.00,,11,10.8,7.8
5.00,11.3,11,10.8,7.8
5.00,,11,10.8,7.8
5.00,11.3,11,10.8,7.8
5.00,,11,10.8,7.8
5.00,11.3,11,10.8,7.8
5.00,,11,10.8,7.8
5.00,11.3,11,10.8,7.8
5.00,,11,10.8,7.8
5.00,11.3,11,10.8,7.8
5.00,,11,10.8,7.8
5.00,11.3,11,10.8,7.8
5.00,,11,10.8,7.8
5.00,11.3,11,10.8,7.8
5.00,,11,10.8,7.8
5.00,11.3,11,10.8,7.8
5.00,,11,10.8,7.8
5.00,11.3,11,10.8,7.8
5.00,,11,10.8,7.8
5.00,11.3,11,10.8,7.8
5.00,,11,10.8,7.8
5.00,11.3,11,10.8,7.8
5.00,,11,10.8,7.8
5.00,11.3,11,10.8,7.8
5.00,,11,10.8,7.8
5.00,11.3,11,10.8,7.8
5.00,,11,10.8,7.8
5.00,11.3,11,10.8,7.8
5.00,,11,10.8,7.8
5.00,11.3,11,10.8,7.8
5.00,,11,10.8,7.8
5.00,11.3,11,10.8,7.8
5.00,,11,10.8,7.8
5.00,11.3,11,10.8,7.8
5.00,,11,10.8,7.8
5.00,11.3,11,10.8,7.8
5.00,,11,10.8,7.8
5.00,11.3,11,10.8,7.8
5.00,,11,10.8,7.8
5.00,11.3,11,10.8,7.8
5.00,,11,10.8,7.8
5.00,11.3,11,10.8,7.8
5.00,,11,10.8,7.8
5.00,11.3,11,10.8,7.8
5.00,,11,10.8,7.8
5.00,11.3,11,10.8,7.8
5.00,,11,10.8,7.8
5.00,11.3,11,10.8,7.8
5.00,,11,10.8,7.8
5.00,11.3,11,10.8,7.8
5.00,,11,10.8,7.8
5.00,11.3,11,10.8,7.8
5.00,,11,10.8,7.8
5.00,11.3,11,10.8,7.8
5.00,,11,10.8,7.8
5.00,11.3,11,10.8,7.8
5.00,,11,10.8,7.8
5.00,11.3,11,10.8,7.8
5.00,,11,10.8,7.8
5.00,11.3,11,10.8,7.8
5.00,,11,10.8,7.8
5.00,11.3,11,10.8,7.8
5.00,,11,10.8,7.8
5.00,11.3,11,10.8,7.8
5.00,,11,10.8,7.8
5.00,11.3,11,10.8,7.8
5.00,,11,10.8,7.8
5.00,11.3,11,10.8,7.8
5.00,,11,10.8,7.8
5.00,11.3,11,10.8,7.8
5.00,,11,10.8,7.8
5.00,11.3,11,10.8,7.8
5.00,,11,10.8,7.8
5.00,11.3,11,10.8,7.8
5.00,,11,10.8,7.8
5.00,,11,10.8,7.8
5.00,11.3,11,10.8,7.8
5.00,,11,10.8,7.8
5.00,,11,10.8,7.8
5.00,11.3,11,10.8,7.8
5.00,,11,10.8,7.8
5.00,,11,10.8,7.8
5.00,11.3,11,10.8,7.8
5.00, ,11,10.8,7.8
5.00,,11,10.8,7.8
5.00,11.3,11,10.8,7.8
5.00,,11,10.8,7.8
5.00,,11,10.8,7.8
5.00,11.3,11,10.8,7.8
5.00,,11,10.8,7.8
5.00,,11,10.8,7.8
5.00,11.0,11,10.8,7.8
5.00,0.3,11,10.8,7.8
5.00,,11,10.8,7.8
5.00,,11,10.8,7.8
5.00,11.3,11,10.8,7.8
5.00,,11,10.8,7.8
5.00,11.0,11,10.8,7.8
5.00,0.3,11,10.8,7.8
5.00,,11,10.8,7.8
5.00, ,11,10.8,7.8
5.00,11.3,11,10.8,7.8
5.00,,11,10.8,7.7
5.00, ,11,10.8,7.8
5.00,11.3,11,10.8,7.8
5.00,,11,10.8,7.8
5.00,,11,10.8,7.8
5.00,11.3,11,10.8,7.8
5.00,,11,10.8,7.8
5.00,11.3,11,10.8,7.8
5.00,,11,10.8,7.8
5.00,11.3,11,10.8,7.8
5.00,,11,10.8,7.8
5.00,11.3,11,10.8,7.8
5.00,,11,10.8,7.8
5.00,11.3,11,10.8,7.8
5.00,,11,10.8,7.8
5.00,11.3,11,10.8,7.8
5.00,,11,10.8,7.8
5.00,11.3,11,10.8,7.8
5.00,,11,10.8,7.8
5.00,11.4,11,10.8,7.8
5.00,,11,10.8,7.8
5.00,11.4,11,10.8,7.8
5.00,,11,10.8,7.8
5.00,11.3,11,10.8,7.8
5.00,,11,10.8,7.7
5.00,11.4,11,10.8,7.7
5.00,,11,10.8,7.7
5.00,11.4,11,10.8,7.7
5.00,,11,10.8,7.7
5.00,11.4,11,10.8,7.8
5.00,,11,10.8,7.8
5.00,11.3,11,10.8,7.8
5.00,,11,10.8,7.8
5.00,11.2,11,10.8,7.8
5.00,,11,10.8,7.8
5.00,11.2,11,10.8,7.8
5.00,,11,10.8,7.8
5.00,11.3,11,10.8,7.8
5.00,,11,10.8,7.8
5.00,11.3,11,10.8,7.8
5.00,,11,10.8,7.8
5.00,11.3,11,10.8,7.8
5.00,,11,10.8,7.8
5.00,11.3,11,10.8,7.8
5.00,,11,10.8,7.8
5.00,11.3,11,10.8,7.8
5.00,,11,10.8,7.8
5.00,11.3,11,10.8,7.8
5.00,,11,10.8,7.8
5.00,11.3,11,10.8,7.8
5.00,,11,10.8,7.8
5.00,11.3,11,10.8,7.8
5.00,,11,10.8,7.8
5.00,11.3,11,10.8,7.8
5.00,,11,10.8,7.8
5.00,11.3,11,10.8,7.8
5.00,,11,10.8,7.8
5.00,11.3,11,10.8,7.8
5.00,,11,10.8,7.8
5.00,11.3,11,10.8,7.8
5.00,,11,10.8,7.8
5.00,11.3,11,10.8,7.8
5.00,,11,10.8,7.8
5.00,11.3,11,10.8,7.8
5.00,,11,10.8,7.8
5.00,11.3,11,10.8,7.8
5.00,,11,10.8,7.8
5.00,11.3,11,10.8,7.8
5.00,,11,10.8,7.8
5.00,11.3,11,10.8,7.8
5.00,,11,10.8,7.8
5.00,11.3,11,10.8,7.8
5.00,,11,10.8,7.8
5.00,11.3,11,10.8,7.8
5.00,,11,10.8,7.8
5.00,11.3,11,10.8,7.8
5.00,,11,10.8,7.8
5.00,11.3,11,10.8,7.7
5.00,,11,10.8,7.8
5.00,11.3,11,10.8,7.8
5.00,,11,10.8,7.8
5.00,11.3,11,10.8,7.8
5.00,,11,10.8,7.8
5.00,11.3,11,10.8,7.8
5.00,,11,10.8,7.8
5.00,11.3,11,10.8,7.8
5.00,,11,10.8,7.8
4.90,11.3,11,10.8,7.8
5.00,,11,10.8,7.8
5.00,,11,10.8,7.8
4.90,11.3,11,10.8,7.8
5.00,,11,10.8,7.8
5.00,11.3,11,10.8,7.8
5.00,,11,10.8,7.8
4.90,,11,10.8,7.8
5.00,11.3,11,10.8,7.8
5.00,,11,10.8,7.8
4.90,,11,10.8,7.8
5.00,11.2,11,10.8,7.8
5.00,,11,10.8,7.7
5.00,,11,10.8,7.7
5.00,11.3,11,10.8,7.7
5.00,,11,10.8,7.8
5.00,,11,10.8,7.8
5.00,11.3,11,10.8,7.8
5.00,,11,10.8,7.8
5.00,,11,10.8,7.8
5.00,11.3,11,10.8,7.8
5.00,,11,10.8,7.8
5.00,,11,10.8,7.8
5.00,11.4,11,10.8,7.8
5.00,,11,10.8,7.8
5.00,11.4,11,10.8,7.8
5.00,,11,10.8,7.8
5.00,11.4,11,10.8,7.8
5.00,,11,10.8,7.8
5.00,11.4,11,10.8,7.8
5.00,,11,10.8,7.7
5.00,11.4,11,10.8,7.8
5.00,,11,10.8,7.8
5.00,11.4,11,10.8,7.7
5.00,,11,10.8,7.7
5.00,11.4,11,10.8,7.8
5.00,,11,10.8,7.7
5.00,11.3,11,10.8,7.8
5.00,,11,10.8,7.8
5.00,11.3,11,10.8,7.8
5.00,,11,10.8,7.8
5.00,11.3,11,10.8,7.8
5.00,,11,10.8,7.8
5.00,11.3,11,10.8,7.8
5.00,,11,10.8,7.8
5.00,11.3,11,10.8,7.8
5.00,,11,10.8,7.8
5.00,11.2,11,10.8,7.7
5.00,,11,10.8,7.7
5.00,11.2,11,10.8,7.8
5.00,,11,10.8,7.7
5.00,11.2,11,10.8,7.8
5.00,,11,10.8,7.8
5.00,11.3,11,10.8,7.8
5.00,,11,10.8,7.8
5.00,11.3,11,10.8,7.8
5.00,,11,10.8,7.8
5.00,11.3,11,10.8,7.8
5.00,,11,10.8,7.8
5.00,11.3,11,10.8,7.8
4.90,,11,10.8,7.8
4.90,11.3,11,10.8,7.8
4.90,,11,10.8,7.8
5.00,11.3,11,10.8,7.8
5.00,,11,10.8,7.8
5.00,11.3,11,10.8,7.8
5.00,,11,10.8,7.8
5.00,11.3,11,10.8,7.8
5.00,,11,10.8,7.8
5.00,11.3,11,10.8,7.8
5.00,,11,10.8,7.8
5.00,11.3,11,10.7,7.8
5.00,,11,10.7,7.8
5.00,11.3,11,10.8,7.8
5.00,,10.9,10.8,7.8
5.00,11.3,11,10.8,7.8
5.00,,11,10.8,7.8
5.00,11.3,11,10.8,7.8
5.00,,11,10.8,7.8
5.00,11.3,11,10.8,7.7
5.00,,11,10.8,7.8
4.90,11.3,11,10.8,7.8
5.00,,11,10.8,7.8
4.90,11.3,11,10.8,7.8
4.90,,11,10.8,7.8
4.90,11.3,11,10.8,7.8
5.00,,11,10.8,7.8
5.00,11.3,11,10.8,7.8
5.00,,11,10.8,7.8
5.00,11.3,11,10.8,7.8
5.00,,11,10.8,7.8
5.00,11.3,11,10.8,7.8
5.00,,11,10.8,7.8
5.00,11.3,11,10.8,7.8
5.00,,11,10.8,7.8
5.00,11.3,11,10.8,7.8
5.00,,11,10.8,7.8
5.00,11.3,11,10.8,7.8
5.00,,11,10.8,7.8
5.00,11.3,11,10.8,7.8
5.00,,11,10.8,7.8
5.00,,11,10.8,7.8
5.00,11.3,11,10.8,7.8
5.00,,11,10.8,7.8
5.00,,11,10.8,7.8
5.00,11.3,11,10.8,7.8
5.00,,11,10.8,7.8
5.00,,11,10.8,7.8
5.00,11.3,11,10.8,7.8
4.90, ,11,10.8,7.8
5.00,,11,10.8,7.8
5.00,11.3,11,10.8,7.8
5.00,,11,10.8,7.8
5.00,,11,10.8,7.8
5.00,11.3,11,10.8,7.8
5.00,,11,10.8,7.8
5.00,,11,10.8,7.8
4.90,11.0,11,10.8,7.8
5.00,0.3,11,10.8,7.8
5.00,,11,10.8,7.8
4.90,,11,10.8,7.8
5.00,11.3,11,10.8,7.8
5.00,,11,10.8,7.8
5.00,,11,10.8,7.8
5.00,11.3,11,10.8,7.8
5.00,,11,10.8,7.8
5.00, ,11,10.8,7.8
4.90,11.3,11,10.8,7.8
4.90,,11,10.8,7.8
4.90,,11,10.8,7.8
4.90,11.3,11,10.8,7.8
4.90,,11,10.8,7.8
4.90,,11,10.8,7.8
4.90,11.3,11,10.8,7.8
4.90,,11,10.8,7.8
4.90,11.3,11,10.8,7.8
4.90,,11,10.8,7.8
4.90,11.3,11,10.8,7.8
4.90,,11,10.8,7.8
4.90,11.3,11,10.8,7.8
4.90,,11,10.8,7.8
4.90,11.3,11,10.8,7.8
4.90,,11,10.8,7.8
4.90,11.3,11,10.8,7.8
5.00,,11,10.8,7.8
4.90,11.2,11,10.8,7.8
4.90,,11,10.8,7.8
4.90,11.2,11,10.8,7.8
4.90,,11,10.8,7.8
4.90,11.3,11,10.8,7.8
4.90,,11,10.8,7.8
4.90,11.3,11,10.8,7.8
5.00,,11,10.8,7.8
5.00,11.3,11,10.8,7.8
5.00,,11,10.8,7.8
5.00,11.2,11,10.8,7.8
5.00,,11,10.8,7.8
5.00,11.3,11,10.8,7.8
4.90,,11,10.8,7.8
4.90,11.3,11,10.8,7.8
5.00,,11,10.8,7.8
4.90,11.3,11,10.8,7.8
4.90,,11,10.8,7.8
4.90,11.3,11,10.8,7.8
4.90,,11,10.8,7.8
5.00,11.3,11,10.8,7.8
4.90,,11,10.8,7.8
4.90,11.3,11,10.8,7.8
4.90,,11,10.8,7.8
4.90,11.3,11,10.8,7.8
4.90,,11,10.8,7.8
4.90,11.3,11,10.8,7.8
4.90,,11,10.7,7.8
4.90,11.3,11,10.7,7.8
4.90,,11,10.8,7.8
4.90,11.3,11,10.7,7.8
5.00,,11,10.8,7.8
4.90,11.2,11,10.8,7.7
4.90,,11,10.8,7.8
4.90,11.3,11,10.8,7.8
4.90,,11,10.8,7.8
4.90,11.3,11,10.8,7.8
4.90,,11,10.8,7.8
4.90,11.3,11,10.8,7.8
4.90,,11,10.7,7.8
4.90,11.3,11,10.8,7.8
4.90,,11,10.8,7.8
4.90,11.3,11,10.8,7.8
4.90,,11,10.8,7.8
4.90,11.3,11,10.8,7.8
4.90,,11,10.8,7.8
4.90,11.3,11,10.8,7.7
4.90,,11,10.7,7.7
4.90,11.2,11,10.7,7.7
4.90,,11,10.7,7.7
4.90,11.3,11,10.8,7.7
4.90,,11,10.8,7.7
4.90,11.3,11,10.8,7.7
4.90,,11,10.8,7.7
4.90,11.3,11,10.7,7.7
4.90,,11,10.8,7.7
4.90,11.3,10.9,10.8,7.7
4.90,,10.9,10.7,7.7
4.90,11.3,10.9,10.8,7.8
4.90,,11,10.7,7.7
4.90,11.2,11,10.7,7.8
5.00,,11,10.7,7.8
4.90,11.2,11,10.8,7.8
4.90,,11,10.7,7.8
4.90,11.3,10.9,10.7,7.8
4.90,,11,10.8,7.8
4.90,11.3,11,10.7,7.8
4.90,,10.9,10.7,7.8
4.90,11.2,11,10.7,7.8
4.90,,11,10.8,7.8
4.90,11.2,11,10.8,7.8
4.90,,11,10.7,7.8
4.90,,11,10.8,7.8
4.90,11.2,11,10.8,7.8
4.90,,11,10.7,7.8
4.90,,11,10.8,7.8
4.90,11.2,11,10.7,7.8
4.90,,11,10.7,7.8
4.90,,11,10.7,7.8
4.90,11.2,11,10.7,7.8
4.90, ,11,10.7,7.8
4.90,,11,10.7,7.8
4.90,11.2,11,10.8,7.8
4.90,,11,10.7,7.8
4.90,,11,10.7,7.8
4.90,11.2,11,10.7,7.8
4.90, ,11,10.7,7.8
4.90,,11,10.7,7.8
4.90,11.2,11,10.7,7.8
4.90,,11,10.7,7.8
4.90,,11,10.7,7.8
4.90,11.2,11,10.7,7.8
4.90,,11,10.7,7.8
4.90,,10.9,10.7,7.8
4.90,11.0,11,10.7,7.9
4.90,0.2,11,10.7,7.8
4.90,,11,10.7,7.8
4.90,,11,10.7,7.8
4.90,11.2,11,10.7,7.8
4.90,,11,10.7,7.8
4.90,,11,10.7,7.8
4.90,11.2,11,10.7,7.8
4.90,,11,10.7,7.8
4.90, ,11,10.7,7.5
4.90,11.2,11,10.7,7.8
4.90,,11,10.7,7.8
4.90,,11,10.7,7.8
4.90,11.2,11,10.7,7.8
4.90,,10.9,10.7,7.8
4.90,11.2,10.9,10.7,7.8
4.90,,10.9,10.7,7.8
4.90,11.1,10.9,10.7,7.8
4.90,,10.9,10.7,7.7
4.90,11.2,10.9,10.7,7.8
4.90,,10.9,10.7,7.7
4.90,11.2,10.9,10.7,7.8
4.90,,10.9,10.7,7.7
4.90,11.2,10.9,10.7,7.7
4.90,,10.9,10.7,7.7
4.90,11.3,10.9,10.7,7.7
4.90,,10.9,10.7,7.7
4.90,11.5,10.9,10.7,7.7
4.90,,10.9,10.7,7.7
4.90,11.5,10.9,10.7,7.7
4.90,,10.9,10.7,7.8
4.90,11.4,10.9,10.7,7.8
4.90,,10.9,10.7,7.8
4.90,11.3,10.9,10.7,7.8
4.90,,10.9,10.7,7.8
5.00,11.3,10.9,10.8,7.8
5.00,,10.9,10.7,7.8
5.00,11.3,10.9,10.7,7.8
5.00,,10.9,10.7,7.8
4.90,11.3,10.9,10.7,7.8
4.90,,10.9,10.7,7.8
4.90,11.3,10.9,10.7,7.7
4.80,,11,10.7,7.7
4.90,11.3,11,10.7,7.7
4.90,,10.9,10.7,7.7
4.90,11.3,10.9,10.7,7.7
4.90,,10.9,10.7,7.8
4.90,11.3,10.9,10.7,7.8
4.80,,10.9,10.7,7.8
4.80,11.3,11,10.7,7.8
4.80,,11,10.7,7.8
4.80,11.3,10.9,10.7,7.8
4.80,,10.9,10.7,7.7
4.80,11.3,11,10.7,7.7
4.80,,10.9,10.7,7.7
4.90,11.4,10.9,10.7,7.7
4.90,,10.9,10.7,7.7
4.90,11.4,10.9,10.7,7.7
4.90,,10.9,10.7,7.8
4.90,11.3,11,10.7,7.7
4.90,,10.9,10.8,7.8
4.90,11.3,10.9,10.7,7.8
4.90,,11,10.7,7.8
4.90,11.3,11,10.7,7.8
4.90,,11,10.7,7.8
4.90,11.3,11,10.7,7.8
4.90,,11,10.7,7.8
4.90,11.3,11,10.7,7.8
4.90,,11,10.7,7.8
4.90,11.3,10.9,10.7,7.7
4.90,,11,10.8,7.8
4.90,11.3,11,10.7,7.8
4.90,,11,10.7,7.8
4.90,11.3,10.9,10.7,7.8
4.90,,10.9,10.7,7.7
4.90,11.3,10.9,10.7,7.8
4.90,,10.9,10.7,7.8
4.90,11.2,10.9,10.7,7.7
4.90,,11,10.7,7.8
4.90,11.3,10.9,10.7,7.8
4.90,,10.9,10.7,7.8
4.90,11.3,10.9,10.7,7.8
4.90,,10.9,10.7,7.7
4.90,11.3,10.9,10.7,7.7
4.90,,10.9,10.7,7.7
4.90,11.3,10.9,10.7,7.7
4.90,,10.9,10.7,7.7
4.90,11.3,11,10.7,7.7
4.90,,11,10.7,7.7
4.90,11.3,11,10.7,7.8
4.90,,11,10.7,7.8
4.90,11.3,11,10.7,7.8
4.90,,11,10.7,7.8
4.90,11.3,11,10.7,7.8
4.90,,11,10.7,7.8
4.90,11.3,11,10.7,7.8
4.90,,11,10.7,7.8
4.90,11.3,11,10.7,7.8
4.90,,11,10.7,7.8
4.90,,10.9,10.7,7.8
4.90,11.3,10.9,10.8,7.8
4.90,,11,10.7,7.8
4.90,,11,10.7,7.8
4.90,11.3,11,10.7,7.7
4.90,,11,10.7,7.7
4.90,,11,10.7,7.7
4.90,11.3,11,10.7,7.7
4.90, ,11,10.7,7.8
4.90,,11,10.7,7.7
4.90,11.3,11,10.7,7.7
4.90,,11,10.7,7.7
4.90,,10.9,10.7,7.7
4.90,11.2,11,10.7,7.7
4.90,,11,10.7,7.7
4.90,,10.9,10.7,7.7
4.90,11.0,10.9,10.7,7.7
4.90,0.3,10.9,10.7,7.7
4.90,,10.9,10.7,7.7
4.90,,10.9,10.7,7.7
4.90,11.2,10.9,10.7,7.7
4.90,,10.9,10.7,7.8
4.90,,10.9,10.7,7.8
5.00,11.2,10.9,10.7,7.8
4.90,,10.9,10.7,7.8
4.90, ,10.9,10.7,7.8
4.90,11.2,10.9,10.7,7.8
4.90,,10.9,10.7,7.8
4.90,,10.9,10.7,7.8
4.90,11.2,10.9,10.7,7.8
4.90,,10.9,10.7,7.8
4.90, ,10.9,10.7,7.8
4.90,11.2,10.9,10.7,7.8
5.00,,11,10.7,7.8
4.90,11.2,10.9,10.7,7.7
4.90,,10.9,10.7,7.7
4.90,11.2,10.9,10.7,7.7
4.90,,10.9,10.7,7.7
4.90,11.2,10.9,10.7,7.7
4.90,,10.9,10.7,7.7
4.90,11.2,10.9,10.7,7.7
4.90,,10.9,10.7,7.7
4.90,11.2,11,10.7,7.7
4.90,,11,10.7,7.7
4.90,11.2,10.9,10.7,7.7
4.90,,10.9,10.7,7.7
4.90,11.2,10.9,10.7,7.7
4.90,,10.9,10.7,7.7
4.90,11.2,10.9,10.7,7.7
4.90,,10.9,10.7,7.7
4.90,11.2,10.9,10.7,7.7
4.90,,10.9,10.7,7.7
4.90,11.2,10.9,10.7,7.7
4.90,,10.9,10.7,7.8
4.90,11.2,10.9,10.7,7.7
4.90,,10.9,10.7,7.8
4.90,11.2,10.9,10.7,7.8
4.90,,10.9,10.7,7.8
4.90,11.2,10.9,10.7,7.8
4.90,,10.9,10.7,7.8
4.90,11.2,10.9,10.7,7.7
4.90,,10.9,10.7,7.8
4.90,11.2,10.9,10.7,7.8
4.90,,10.9,10.7,7.8
4.90,11.2,10.9,10.7,7.8
4.90,,10.9,10.7,7.8
4.90,11.2,10.9,10.7,7.8
4.90,,10.9,10.7,7.8
4.90,11.3,10.9,10.7,7.7
4.90,,10.9,10.7,7.7
4.90,11.2,10.9,10.7,7.7
4.90,,10.9,10.7,7.7
4.90,11.1,10.9,10.7,7.7
4.90,,10.9,10.7,7.7
4.90,11.2,10.9,10.7,7.7
4.90,,10.9,10.7,7.7
4.90,11.3,10.9,10.7,7.7
4.90,,10.9,10.7,7.7
4.90,11.1,10.9,10.7,7.7
4.90,,10.9,10.7,7.7
4.90,11.2,10.9,10.7,7.7
4.90,,10.9,10.7,7.7
4.90,11.3,10.9,10.7,7.7
4.90,,10.9,10.7,7.7
4.90,11.2,10.9,10.7,7.7
4.90,,10.9,10.7,7.7
4.90,11.2,10.9,10.7,7.7
4.90,,10.9,10.7,7.7
4.90,11.2,10.9,10.7,7.7
4.90,,10.9,10.7,7.7
4.90,11.2,10.9,10.7,7.7
4.90,,10.9,10.7,7.7
4.90,11.3,10.9,10.7,7.7
4.90,,10.9,10.7,7.7
4.90,11.2,10.9,10.7,7.7
4.90,,10.9,10.7,7.7
4.90,11.2,10.9,10.7,7.7
4.90,,10.9,10.7,7.7
4.90,11.2,10.9,10.7,7.7
4.90,,10.9,10.7,7.7
4.90,11.2,10.9,10.7,7.8
4.90,,10.9,10.7,7.7
4.90,11.2,10.9,10.7,7.7
4.90,,10.9,10.7,7.7
4.90,11.2,10.9,10.7,7.7
4.90,,10.9,10.7,7.7
4.90,11.2,10.9,10.7,7.7
4.90,,10.9,10.7,7.7
4.90,11.3,10.9,10.7,7.7
4.90,,10.9,10.7,7.7
4.90,11.2,10.9,10.7,7.7
4.90,,10.9,10.7,7.7
4.90,11.2,10.9,10.7,7.7
4.90,,10.9,10.7,7.7
4.90,11.2,10.9,10.7,7.7
4.90,,10.9,10.7,7.7
4.90,,10.9,10.7,7.7
4.90,11.2,10.9,10.7,7.7
4.90,,10.9,10.7,7.7
4.90,,10.9,10.7,7.7
4.90,11.2,10.9,10.7,7.7
4.90,,10.9,10.7,7.7
4.90,,10.9,10.7,7.7
4.90,11.2,10.9,10.7,7.7
4.90, ,10.9,10.7,7.7
4.90,,10.9,10.7,7.7
4.90,11.2,10.9,10.7,7.7
4.90,,11,10.7,7.7
4.90,,10.9,10.7,7.7
4.90,11.2,10.9,10.7,7.7
4.90, ,11,10.8,7.7
4.90,,10.9,10.7,7.7
4.90,11.0,10.9,10.7,7.7
4.90,2.0,10.9,10.7,7.7
4.90,,11,10.7,7.7
4.90,11.2,10.9,10.7,7.7
4.90,,10.9,10.7,7.7
4.90,,10.9,10.7,7.7
4.90,11.0,10.9,10.7,7.7
4.90,2.0,10.9,10.6,7.7
4.90,,10.9,10.6,7.7
4.90,,10.9,10.6,7.7
4.90,11.2,10.9,10.7,7.7
4.90,,10.9,10.6,7.7
4.90,,10.9,10.6,7.7
4.90,11.2,10.9,10.7,7.7
4.90,,10.9,10.6,7.7
4.90, ,10.9,10.6,7.7
4.90,11.2,10.9,10.7,7.7
4.90,,10.9,10.6,7.8
4.90,,10.9,10.6,7.8
4.90,11.2,10.9,10.6,7.7
4.90,,10.9,10.7,7.7
4.90,11.2,10.9,10.7,7.7
4.90,,10.9,10.7,7.7
4.90,11.2,10.9,10.7,7.7
4.90,,10.9,10.7,7.7
4.90,11.2,10.9,10.6,7.7
4.90,,10.9,10.7,7.7
4.90,11.2,10.9,10.6,7.7
4.90,,10.9,10.7,7.7
4.90,11.2,10.9,10.7,7.7
4.90,,10.9,10.7,7.7
4.90,11.2,10.9,10.7,7.7
4.90,,10.9,10.7,7.7
4.90,11.2,10.9,10.7,7.7
4.90,,10.9,10.7,7.7
4.90,11.2,10.9,10.7,7.7
4.90,,10.9,10.7,7.7
4.90,11.2,10.9,10.7,7.7
4.90,,10.9,10.7,7.7
4.90,11.2,10.9,10.7,7.7
4.90,,10.9,10.7,7.7
4.90,11.2,10.9,10.7,7.7
4.90,,10.9,10.7,7.7
4.90,11.2,10.9,10.7,7.7
4.90,,10.9,10.7,7.7
4.90,11.2,10.9,10.7,7.7
4.90,,10.9,10.7,7.7
4.90,11.2,10.9,10.7,7.7
4.90,,10.9,10.7,7.7
4.90,11.2,10.9,10.7,7.7
4.90,,10.9,10.7,7.7
4.90,11.2,10.9,10.7,7.7
4.90,,10.9,10.7,7.7
4.90,11.2,10.9,10.7,7.7
4.90,,10.9,10.7,7.7
4.90,11.2,10.9,10.7,7.7
4.90,,10.9,10.7,7.7
4.90,11.2,10.9,10.7,7.7
4.90,,10.9,10.7,7.7
4.90,11.2,10.9,10.7,7.7
4.90,,10.9,10.7,7.7
4.90,11.2,10.9,10.7,7.7
4.90,,10.9,10.7,7.7
4.90,11.2,10.9,10.7,7.7
4.90,,10.9,10.7,7.7
4.90,11.2,10.9,10.7,7.7
4.90,,10.9,10.7,7.7
4.90,11.2,10.9,10.7,7.7
4.90,,10.9,10.7,7.7
4.90,11.2,10.9,10.7,7.7
4.90,,10.9,10.7,7.7
4.90,11.2,10.9,10.7,7.7
4.90,,10.9,10.7,7.7
4.90,11.2,10.9,10.7,7.7
4.90,,10.9,10.7,7.7
4.90,11.2,10.9,10.7,7.7
4.90,,10.9,10.7,7.7
4.90,11.2,10.9,10.7,7.7
4.90,,10.9,10.7,7.7
4.90,11.2,10.9,10.7,7.7
4.90,,10.9,10.7,7.7
4.90,11.2,10.9,10.7,7.7
4.90,,10.9,10.7,7.7
4.90,11.2,10.9,10.7,7.7
4.90,,10.9,10.7,7.7
4.90,11.2,10.9,10.7,7.7
4.90,,10.9,10.7,7.7
4.90,11.2,10.9,10.7,7.7
4.90,,10.9,10.7,7.7
4.90,11.2,10.9,10.7,7.7
4.90,,10.9,10.7,7.7
4.90,11.2,10.9,10.7,7.7
4.90,,10.9,10.7,7.7
4.90,11.2,10.9,10.7,7.7
4.90,,10.9,10.7,7.7
4.90,11.2,10.9,10.7,7.7
4.90,,10.9,10.7,7.7
4.90,11.2,10.9,10.7,7.7
4.90,,10.9,10.7,7.7
4.90,11.2,10.9,10.7,7.7
4.90,,10.9,10.7,7.7
4.90,11.2,10.9,10.7,7.7
4.90,,10.9,10.7,7.7
4.90,11.2,10.9,10.7,7.7
4.90,,10.9,10.7,7.7
4.90,,10.9,10.7,7.7
4.90,11.2,10.9,10.7,7.7
4.90,,10.9,10.7,7.7
4.90,,10.9,10.7,7.7
4.90,11.2,10.9,10.7,7.7
4.90,,10.9,10.7,7.7
4.90,,10.9,10.8,7.7
4.90,11.2,10.9,10.7,7.7
4.90, ,10.9,10.7,7.7
4.90,,10.9,10.7,7.7
4.90,11.2,10.9,10.7,7.7
4.90,,10.9,10.6,7.7
4.90,,10.9,10.7,7.7
4.90,11.2,10.9,10.7,7.7
4.90,,10.9,10.7,7.7
4.90,,10.9,10.7,7.7
4.90,11.0,10.9,10.7,7.7
4.90,2.0,10.9,10.7,7.7
4.90,,10.9,10.7,7.7
4.90,1.0,10.9,10.7,7.7
4.90,1.2,10.9,10.7,7.7
4.90,,10.9,10.7,7.7
4.90,,10.9,10.7,7.7
4.90,11.2,10.9,10.7,7.7
4.90,,10.9,10.7,7.7
4.90, ,10.9,10.6,7.7
4.90,11.2,10.9,10.7,7.7
4.90,,10.9,10.7,7.7
4.90,,10.9,10.6,7.7
4.90,11.2,10.9,10.6,7.7
4.90,,10.9,10.6,7.7
4.90,11.2,10.9,10.7,7.7
4.90,,10.9,10.7,7.7
4.90,11.2,10.9,10.6,7.7
4.90,,10.9,10.6,7.7
4.90,11.2,10.9,10.7,7.7
4.90,,10.9,10.7,7.7
4.90,11.2,10.9,10.7,7.7
4.90,,10.9,10.7,7.7
4.90,11.2,10.9,10.7,7.7
4.90,,10.9,10.7,7.7
4.90,11.2,10.9,10.7,7.7
4.90,,10.9,10.7,7.7
4.90,11.2,10.9,10.7,7.7
4.90,,10.9,10.7,7.7
4.90,11.2,10.9,10.6,7.7
4.90,,10.9,10.7,7.7
4.90,11.2,10.9,10.7,7.7
4.90,,10.9,10.6,7.7
4.90,11.2,10.9,10.6,7.7
4.90,,10.9,10.6,7.7
4.90,11.2,10.9,10.6,7.7
4.90,,10.9,10.6,7.7
4.90,11.2,10.9,10.6,7.7
4.90,,10.9,10.6,7.7
4.90,11.2,10.9,10.6,7.7
4.90,,10.9,10.6,7.7
4.90,11.2,10.9,10.6,7.7
4.90,,10.9,10.6,7.7
4.90,11.2,10.9,10.6,7.7
4.90,,10.9,10.6,7.7
4.90,11.2,10.9,10.6,7.7
4.90,,10.9,10.6,7.7
4.90,11.2,10.9,10.6,7.7
4.90,,10.9,10.6,7.7
4.90,11.2,10.9,10.6,7.7
4.90,,10.9,10.6,7.7
4.90,11.2,10.9,10.6,7.7
4.90,,10.9,10.6,7.7
4.90,11.2,10.9,10.6,7.7
4.90,,10.9,10.6,7.7
4.90,11.2,10.9,10.6,7.7
4.90,,10.9,10.6,7.7
4.90,11.2,10.9,10.6,7.7
4.90,,10.9,10.6,7.7
4.90,11.2,10.9,10.6,7.7
4.90,,10.9,10.6,7.7
4.90,11.2,10.9,10.6,7.7
4.90,,10.9,10.6,7.7
4.90,11.2,10.9,10.6,7.7
4.90,,10.9,10.6,7.7
4.90,11.2,10.9,10.6,7.7
4.90,,10.9,10.6,7.7
4.90,11.2,10.9,10.6,7.7
4.90,,10.9,10.6,7.7
4.90,11.2,10.9,10.6,7.7
4.90,,10.9,10.6,7.7
4.90,11.2,10.9,10.7,7.7
4.90,,10.9,10.6,7.7
4.90,11.2,10.9,10.6,7.7
4.90,,10.9,10.6,7.7
4.90,11.2,10.9,10.6,7.7
4.90,,10.9,10.6,7.7
4.90,11.2,10.9,10.6,7.7
4.70,,10.9,10.6,7.7
4.70,11.2,10.9,10.6,7.7
4.70,,10.9,10.6,7.7
4.70,11.2,10.9,10.7,7.7
4.70,,10.9,10.6,7.7
4.70,11.2,10.9,10.6,7.7
4.70,,10.9,10.6,7.7
4.70,11.2,10.9,10.6,7.7
4.40,,10.9,10.6,7.7
4.40,11.2,10.9,10.6,7.7
4.40,,10.9,10.6,7.7
4.40,11.2,10.9,10.6,7.7
4.40,,10.9,10.6,7.7
4.40,11.2,10.9,10.6,7.7
4.40,,10.9,10.6,7.7
4.40,11.2,10.9,10.6,7.7
4.40,,10.9,10.6,7.7
4.40,11.2,10.8,10.6,7.7
4.30,,10.8,10.6,7.7
4.30,11.2,10.8,10.6,7.7
4.30,,10.8,10.6,7.7
4.30,,10.8,10.6,7.7
4.30, 11.2   .,10.8,10.6,7.7
4.30,,10.8,10.6,7.7
4.30,,10.8,10.6,7.7
4.30,11.2,10.8,10.6,7.7
4.30,,10.8,10.6,7.7
4.30,,10.8,10.6,7.7
4.30,11.2,10.8,10.6,7.7
4.30,,10.8,10.6,7.7
4.30,,10.8,10.6,7.7
4.30,11.2,10.8,10.6,7.7
4.30, ,10.8,10.6,7.7
4.30,,10.9,10.6,7.7
4.30,11.2,10.8,10.6,7.7
4.30,,10.8,10.6,7.7
4.30,,10.9,10.6,7.7
4.30,11.2,10.8,10.6,7.7
4.30,,10.8,10.7,7.7
4.30,,10.8,10.6,7.7
4.30,1.0,10.8,10.6,7.7
4.30,1.2,10.8,10.6,7.7
4.30,,10.8,10.6,7.7
4.30,11.0,10.8,10.6,7.7
4.30,2.0,10.8,10.6,7.7
4.30,,10.8,10.6,7.7
4.30,1.0,10.8,10.6,7.7
4.30,1.2,10.8,10.6,7.7
4.20,,10.8,10.6,7.7
4.20,,10.8,10.6,7.7
4.20,11.2,10.8,10.6,7.7
4.20,,10.8,10.6,7.7
4.20, ,10.8,10.6,7.7
4.20,11.2,10.8,10.6,7.7
4.20,,10.8,10.6,7.7
4.20,,10.8,10.6,7.7
4.20,11.2,10.8,10.6,7.7
4.20,,10.8,10.6,7.7
4.20,11.2,10.8,10.6,7.7
4.20,,10.8,10.6,7.7
4.20,11.2,10.8,10.6,7.7
4.20,,10.8,10.6,7.7
4.20,11.2,10.8,10.6,7.7
4.20,,10.8,10.6,7.7
4.20,11.2,10.8,10.6,7.7
4.20,,10.8,10.6,7.7
4.20,11.2,10.8,10.6,7.7
4.20,,10.8,10.6,7.7
4.20,11.2,10.8,10.6,7.7
4.20,,10.8,10.6,7.7
4.20,11.2,10.8,10.6,7.7
4.10,,10.8,10.6,7.7
4.20,11.2,10.8,10.6,7.7
4.20,,10.8,10.6,7.7
4.20,11.2,10.8,10.6,7.7
4.10,,10.8,10.6,7.7
4.10,11.2,10.8,10.6,7.7
4.20,,10.8,10.6,7.7
4.10,11.2,10.8,10.6,7.7
4.10,,10.8,10.6,7.7
4.10,11.2,10.8,10.6,7.7
4.10,,10.8,10.6,7.7
4.10,11.2,10.8,10.6,7.7
4.20,,10.8,10.6,7.7
4.20,11.2,10.8,10.6,7.7
4.20,,10.8,10.6,7.7
4.10,11.2,10.8,10.6,7.7
4.10,,10.8,10.6,7.7
4.10,11.2,10.8,10.6,7.7
4.10,,10.8,10.6,7.7
4.20,11.2,10.8,10.6,7.7
4.20,,10.8,10.6,7.7
4.20,11.2,10.8,10.6,7.7
4.20,,10.8,10.6,7.7
4.20,11.2,10.8,10.6,7.7
4.20,,10.8,10.6,7.7
4.20,11.2,10.8,10.6,7.7
4.20,,10.8,10.6,7.7
,11.2,10.8,10.6,7.7
,,10.8,10.6,7.7
"send me only scle  vlues like just vlues without , ",11.2,10.8,10.6,7.7
,,10.8,10.6,7.7
,11.2,10.8,10.6,7.7
,,10.8,10.6,7.7
,11.2,10.8,10.6,7.7
,,10.8,10.6,7.7
,11.2,10.8,10.6,7.7
,,10.8,10.6,7.7
,11.2,10.8,10.6,7.7
,,10.8,10.6,7.7
,11.2,10.8,10.6,7.7
,,10.8,10.6,7.7
,11.2,10.8,10.6,7.7
,,10.8,10.6,7.7
,11.2,10.8,10.6,7.7
,,10.8,10.6,7.7
,11.2,10.8,10.6,7.7
,,10.8,10.6,7.7
,11.2,10.8,10.6,7.7
,,10.8,10.6,7.7
,11.2,10.9,10.6,7.7
,,10.9,10.6,7.7
,11.2,10.8,10.6,7.7
,,10.9,10.6,7.7
,11.2,10.9,10.6,7.7
,,10.9,10.6,7.7
,11.2,10.9,10.6,7.7
,,10.9,10.6,7.7
,11.2,10.9,10.6,7.7
,,10.9,10.6,7.7
,11.2,10.9,10.6,7.7
,,10.9,10.6,7.7
,11.2,10.9,10.6,7.7
,,10.8,10.6,7.8
,11.2,10.8,10.6,7.6
,,10.8,10.6,7.8
,11.2,10.8,10.6,7.7
,,10.8,10.6,7.7
,11.2,10.8,10.6,7.7
,,10.8,10.6,7.7
,11.2,10.8,10.6,7.7
,,10.8,10.6,7.7
,,10.8,10.6,7.7
, 11.2   .,10.8,10.6,7.7
,,10.8,10.6,7.7
,,10.8,10.6,7.7
,11.2,10.8,10.6,7.7
,,10.8,10.6,7.7
,,10.8,10.6,7.7
,11.2,10.8,10.6,7.8
,,10.8,10.6,7.7
,,10.8,10.6,7.7
,11.2,10.8,10.6,7.7
, ,10.8,10.6,7.7
,,10.8,10.6,7.7
,11.2,10.8,10.6,7.7
,,10.8,10.6,7.7
,,10.8,10.6,7.7
,11.0,10.8,10.6,7.7
,2.0,10.8,10.6,7.7
,,10.8,10.6,7.7
,1.0,10.8,10.6,7.7
,1.2,10.8,10.6,7.7
,,10.8,10.6,7.7
,,10.8,10.6,7.7
,11.2,10.8,10.6,7.7
,,10.8,10.6,7.7
, ,10.8,10.6,7.7
,11.2,10.8,10.6,7.7
,,10.8,10.6,7.7
,,10.8,10.6,7.7
,11.2,10.8,10.6,7.7
,,10.8,10.6,7.7
,11.2,10.8,10.6,7.7
,,10.8,10.6,7.7
,11.2,10.8,10.6,7.7
,,10.8,10.6,7.7
,11.2,10.8,10.6,7.7
,,10.8,10.6,7.7
,11.2,10.8,10.6,7.7
,,10.8,10.6,7.7
,11.2,10.8,10.6,7.7
,,10.8,10.6,7.7
,11.2,10.8,10.6,7.7
,,10.8,10.6,7.7
,11.2,10.8,10.6,7.7
,,10.8,10.6,7.7
,11.2,10.8,10.6,7.7
,,10.8,10.6,7.7
,11.2,10.8,10.6,7.7
,,10.8,10.6,7.7
,11.2,10.8,10.6,7.7
,,10.8,10.6,7.8
,11.2,10.8,10.6,7.8
,,10.8,10.6,7.7
,11.2,10.8,10.6,7.8
,,10.8,10.6,7.7
,11.2,10.8,10.6,7.7
,,10.8,10.6,7.7
,11.2,10.8,10.6,7.7
,,10.8,10.6,7.7
,11.2,10.8,10.6,7.7
,,10.8,10.6,7.7
,11.2,10.8,10.6,7.7
,,10.8,10.6,7.7
,11.2,10.8,10.6,7.7
,,10.8,10.6,7.7
,11.2,10.8,10.6,7.7
,,10.8,10.6,7.7
,11.2,10.8,10.6,7.7
,,10.8,10.6,7.7
,11.2,10.8,10.6,7.7
,,10.8,10.6,7.7
,11.2,10.8,10.6,7.7
,,10.8,10.6,7.7
,11.2,10.8,10.6,7.7
,,10.8,10.6,7.7
,11.2,10.8,10.6,7.7
,,10.8,10.6,7.7
,11.2,10.8,10.6,7.7
,,10.8,10.6,7.7
,11.2,10.8,10.6,7.7
,,10.8,10.6,7.7
,11.2,10.8,10.6,7.7
,,10.8,10.6,7.7
,11.2,10.8,10.6,7.7
,,10.8,10.6,7.7
,11.2,10.8,10.6,7.7
,,10.8,10.6,7.7
,11.2,10.8,10.6,7.7
,,10.8,10.6,7.7
,11.2,10.8,10.6,7.7
,,10.8,10.6,7.7
,11.2,10.8,10.6,7.7
,,10.8,10.6,7.7
,11.2,10.8,10.6,7.7
,,10.8,10.6,7.7
,11.2,10.8,10.6,7.7
,,10.8,10.6,7.7
,11.2,10.8,10.6,7.7
,,10.8,10.6,7.7
,11.2,10.8,10.6,7.7
,,10.8,10.6,7.7
,11.2,10.8,10.6,7.7
,,10.8,10.6,7.7
,1.9,10.8,10.6,7.7
,,10.8,10.6,7.7
,1.9,10.8,10.6,7.7
,,10.8,10.6,7.7
,1.9,10.8,10.6,7.7
,,10.8,10.6,7.7
,1.9,10.8,10.6,7.7
,,10.8,10.6,7.7
,1.9,10.8,10.6,7.7
,,10.8,10.6,7.7
,1.9,10.8,10.6,7.7
,,10.8,10.6,7.7
,1.9,10.8,10.6,7.7
,,10.8,10.6,7.7
,1.9,10.8,10.6,7.7
,,10.8,10.6,7.7
,1.9,10.8,10.6,7.7
,,10.8,10.6,7.7
,1.9,10.8,10.6,7.7
,,10.8,10.6,7.7
,1.9,10.8,10.6,7.7
,,10.8,10.6,7.7
,1.9,10.8,10.6,7.7
,,10.8,10.6,7.7
,1.9,10.8,10.6,7.7
,,10.8,10.6,7.8
,1.9,10.8,10.6,7.8
,,10.8,10.6,7.8
,1.9,10.8,10.6,7.7
,,10.8,10.6,7.7
,1.9,10.8,10.6,7.7
,,10.8,10.6,7.6
,1.9,10.8,10.6,7.7
,,10.8,10.6,7.7
,1.9,10.8,10.6,7.7
,,10.8,10.6,7.7
,1.9,10.8,10.6,7.7
,,10.8,10.6,7.7
,1.9,10.8,10.6,7.6
,,10.8,10.6,7.7
,1.9,10.8,10.6,7.7
,,10.8,10.6,7.7
,1.9,10.8,10.6,7.7
,,10.8,10.6,7.7
,1.9,10.8,10.6,7.7
,,10.8,10.6,7.7
,1.9,10.8,10.6,
,,10.8,10.6,
,1.9,10.8,10.6,
,,10.8,10.6,
,1.9,10.8,10.6,
,,10.8,10.6,
,1.9,10.8,10.6,
,,10.8,10.6,
,1.9,10.8,10.6,
,,10.8,10.6,
,11.0,10.8,10.6,
,,10.8,10.6,
,1.9,10.8,10.6,
,,10.8,10.6,
,1.9,10.8,10.6,
,,10.8,10.6,
,11.0,10.8,10.6,
,,10.8,10.6,
,1.9,10.8,10.6,
,,10.8,10.6,
,1.9,10.8,10.6,
,,10.8,10.6,
,1.9,10.8,10.6,
,,10.8,10.6,
,1.9,10.8,10.6,
,,10.8,10.6,
,1.9,10.8,10.6,
,,10.8,10.6,
,,10.8,10.6,
, 11.   .,10.8,10.6,
,,10.8,10.6,
,,10.8,10.6,
,1.9,10.8,10.6,
,,10.8,10.6,
,,10.8,10.6,
,1.9,10.8,10.6,
,,10.8,10.6,
,,10.8,10.6,
,1.9,10.8,10.6,
,,10.8,10.6,
,,10.8,10.6,
,1.9,10.8,10.6,
,,10.8,10.6,
,,10.8,10.6,
,1.0,10.8,10.6,
,9.0,10.8,10.6,
,,10.8,10.6,
,1.0,10.8,10.6,
,1.0,10.8,10.6,
,,10.8,10.6,
,,10.8,10.6,
,11.0,10.8,10.6,
,,10.8,10.6,
,1.0,10.8,10.6,
,1.0,10.8,10.6,
,,10.8,10.6,
,,10.8,10.6,
,11.0,10.8,10.6,
,,10.8,10.6,
, ,10.8,10.6,
,1.9,10.8,10.6,
,,10.8,10.6,
,,10.8,10.6,
,1.9,10.8,10.6,
,,10.8,10.6,
,1.9,10.8,10.6,
,,10.8,10.6,
,1.9,10.8,10.6,
,,10.8,10.6,
,1.9,10.8,10.6,
,,10.8,10.6,
,1.9,10.8,10.6,
,,10.8,10.6,
,1.9,10.8,10.6,
,,10.8,10.6,
,1.9,10.8,10.6,
,,10.8,10.6,
,1.9,10.8,10.6,
,,10.8,10.6,
,11.0,10.8,10.6,
,,10.8,10.6,
,1.9,10.8,10.6,
,,10.8,10.6,
,1.9,10.8,10.6,
,,10.8,10.6,
,1.9,10.8,10.6,
,,10.8,10.6,
,1.9,10.8,10.6,
,,10.8,10.6,
,1.9,10.8,10.6,
,,10.8,10.6,
,1.9,10.8,10.6,
,,10.8,10.6,
,1.9,10.8,10.6,
,,10.8,10.6,
,1.9,10.8,10.6,
,,10.8,10.6,
,1.9,10.8,10.6,
,,10.8,10.6,
,1.9,10.8,10.6,
,,10.8,10.6,
,1.9,10.8,10.6,
,,10.8,10.6,
,1.9,10.8,10.6,
,,10.8,10.6,
,1.9,10.8,10.6,
,,10.8,10.6,
,1.9,10.8,10.6,
,,10.8,10.6,
,1.9,10.8,10.6,
,,10.8,10.6,
,1.9,10.8,10.6,
,,10.8,10.6,
,1.9,10.8,10.6,
,,10.8,10.6,
,1.9,10.8,10.6,
,,10.8,10.6,
,1.9,10.8,10.6,
,,10.8,10.6,
,1.9,10.8,10.6,
,,10.8,10.6,
,1.9,10.8,10.6,
,,10.8,10.6,
,1.9,10.8,10.6,
,,10.8,10.6,
,1.9,10.8,10.6,
,,10.8,10.6,
,1.9,10.8,10.6,
,,10.8,10.6,
,1.9,10.8,10.6,
,,10.8,10.6,
,1.9,10.8,10.6,
,,10.8,10.6,
,1.9,10.8,10.6,
,,10.8,10.6,
,1.9,10.8,10.6,
,,10.8,10.6,
,1.9,10.8,10.6,
,,10.8,10.6,
,1.9,10.8,10.6,
,,10.8,10.6,
,1.9,10.8,10.6,
,,10.8,10.6,
,1.9,10.8,10.6,
,,10.8,10.6,
,,10.8,10.6,
, 1.9   .,10.8,10.6,
,,10.8,10.6,
,,10.8,10.6,
,1.9,10.8,10.6,
,,10.8,10.6,
,,10.8,10.6,
, 1.9   .,10.8,10.6,
,,10.8,10.6,
,,10.8,10.6,
,1.9,10.8,10.6,
,,10.8,10.6,
,,10.8,10.6,
,1.9,10.8,10.6,
,,10.8,10.6,
,,10.8,10.6,
,1.9,10.8,10.6,
, ,10.8,10.6,
,,10.8,10.6,
,1.9,10.8,10.6,
,,10.8,10.6,
,,10.8,10.6,
,1.9,10.8,10.6,
,,10.8,10.6,
,,10.8,10.6,
,1.9,10.8,10.6,
,,10.8,10.6,
,,10.8,10.6,
,,10.8,10.6,
,1.9,10.8,10.6,
,,10.8,10.6,
, ,10.8,10.6,
,1.9,10.8,10.6,
,,10.8,10.6,
,,10.8,10.6,
,1.9,10.8,10.6,
,,10.8,10.6,
,1.9,10.8,10.6,
,,10.8,10.6,
,,10.8,10.6,
,1.9,10.8,10.6,
,,10.8,10.6,
,1.9,10.8,10.6,
,,10.8,10.6,
,1.9,10.8,10.6,
,,10.8,10.6,
,1.9,10.8,10.6,
,,10.8,10.6,
,1.9,10.8,10.6,
,,10.8,10.6,
,1.9,10.8,10.6,
,,10.8,10.6,
,1.9,10.8,10.6,
,,10.8,10.6,
,1.9,10.8,10.6,
,,10.8,10.6,
,1.9,10.8,10.6,
,,10.8,10.6,
,1.9,10.8,10.6,
,,10.8,10.6,
,1.9,10.8,10.6,
,,10.8,10.6,
,1.9,10.8,10.6,
,,10.8,10.6,
,1.9,10.8,10.6,
,,10.8,10.6,
,1.9,10.8,10.6,
,,10.8,10.6,
,1.9,10.8,10.6,
,,10.8,10.6,
,1.9,10.8,10.6,
,,10.8,10.6,
,1.9,10.8,10.6,
,,10.8,10.6,
,1.9,10.8,10.6,
,,10.8,10.6,
,1.9,10.8,10.6,
,,10.8,10.6,
,1.9,10.8,10.6,
,,10.8,10.6,
,1.9,10.8,10.6,
,,10.8,10.6,
,,10.8,10.6,
,1.9,10.8,10.6,
,,10.8,10.6,
,1.9,10.8,10.6,
,,10.8,10.6,
,11.0,10.8,10.6,
,,10.8,10.6,
,11.0,10.8,10.6,
,,10.8,10.6,
,11.0,10.8,10.6,
,,10.8,10.6,
,11.0,10.8,10.6,
,,10.8,10.6,
,11.0,10.8,10.6,
,,10.8,10.6,
,11.0,10.8,10.6,
,,10.8,10.6,
,1.9,10.8,10.6,
,,10.8,10.6,
,1.9,10.8,10.6,
,,10.8,10.6,
,1.9,10.8,10.6,
,,10.8,10.6,
,1.9,10.8,10.6,
,,10.8,10.6,
,1.9,10.8,10.6,
,,10.8,10.6,
,1.9,10.8,10.6,
,,10.8,10.6,
,1.9,10.8,10.6,
,,10.8,10.6,
,1.9,10.8,10.6,
,,10.8,10.6,
,1.8,10.8,10.6,
,,10.8,10.6,
,1.8,10.7,10.6,
,,10.7,10.6,
,1.8,10.7,10.6,
,,10.8,10.6,
,1.8,10.8,10.6,
,,10.8,10.6,
,,10.8,10.6,
,1.8,10.8,10.6,
,,10.8,10.6,
,,10.8,10.6,
,1.8,10.8,10.6,
,,10.8,10.6,
,,10.8,10.6,
,1.9,10.8,10.6,
, ,10.8,10.6,
,,10.8,10.6,
,1.9,10.8,10.6,
,,10.8,10.6,
,,10.7,10.6,
,1.9,10.7,10.6,
,,10.8,10.6,
,,10.7,10.6,
,1.0,10.7,10.6,
,0.9,10.8,10.6,
,,10.7,10.6,
,,10.7,10.6,
,1.9,10.8,10.6,
,,10.8,10.6,
,,10.7,10.6,
,1.9,10.8,10.6,
,,10.8,10.6,
, ,10.7,10.6,
,1.9,10.7,10.6,
,,10.8,10.6,
,1.9,10.8,10.6,
,,10.8,10.6,
,1.9,10.8,10.5,
,,10.8,10.6,
,1.9,10.8,10.6,
,,10.8,10.5,
,1.9,10.8,10.5,
,,10.8,10.5,
,1.9,10.8,10.6,
,,10.8,10.6,
,1.9,10.8,10.6,
,,10.8,10.6,
,1.9,10.8,10.6,
,,10.8,10.5,
,1.9,10.8,10.5,
,,10.8,10.6,
,1.9,10.8,10.5,
,,10.8,10.6,
,1.9,10.8,10.6,
,,10.8,10.6,
,1.9,10.8,10.6,
,,10.8,10.6,
,1.9,10.8,10.6,
,,10.8,10.6,
,1.9,10.8,10.6,
,,10.8,10.6,
,1.9,10.8,10.5,
,,10.8,10.6,
,1.9,10.8,10.6,
,,10.8,10.6,
,1.9,10.8,10.6,
,,10.8,10.6,
,1.9,10.8,10.6,
,,10.8,10.6,
,1.9,10.8,10.6,
,,10.8,10.5,
,1.9,10.8,10.6,
,,10.8,10.5,
,1.9,10.8,10.5,
,,10.8,10.6,
,1.9,10.8,10.5,
,,10.8,10.6,
,1.9,10.8,10.5,
,,10.8,10.5,
,1.9,10.8,10.5,
,,10.8,10.5,
,1.9,10.8,10.5,
,,10.8,10.6,
,1.9,10.8,10.6,
,,10.8,10.6,
,1.9,10.8,10.6,
,,10.8,10.6,
,1.9,10.8,10.6,
,,10.8,10.6,
,1.9,10.8,10.6,
,,10.8,10.6,
,1.9,10.8,10.6,
,,10.8,10.6,
,1.9,10.8,10.6,
,,10.8,10.6,
,1.9,10.8,10.6,
,,10.8,10.6,
,1.9,10.8,10.6,
,,10.8,10.5,
,1.9,10.8,10.6,
,,10.7,10.6,
,1.9,10.7,10.6,
,,10.7,10.6,
,1.9,10.7,10.6,
,,10.7,10.6,
,1.9,10.7,10.6,
,,10.8,10.5,
,1.9,10.7,10.5,
,,10.7,10.5,
,1.9,10.7,10.6,
,,10.7,10.5,
,1.9,10.7,10.5,
,,10.7,10.5,
,1.9,10.7,10.5,
,,10.7,10.5,
,1.9,10.7,10.5,
,,10.7,10.5,
,1.9,10.7,10.5,
,,10.7,10.5,
,1.9,10.7,10.5,
,,10.7,10.5,
,,10.7,10.5,
,1.9,10.7,10.5,
,,10.7,10.5,
,,10.7,10.5,
,1.9,10.7,10.5,
,,10.7,10.5,
,,10.7,10.5,
,1.9,10.7,10.5,
, ,10.7,10.6,
,,10.7,10.6,
,1.9,10.7,10.6,
,,10.7,10.6,
,,10.7,10.6,
,1.9,10.7,10.6,
, ,10.7,10.6,
,,10.7,10.6,
,1.9,10.7,10.5,
,,10.7,10.6,
,,10.7,10.5,
,1.9,10.7,10.5,
,,10.7,10.5,
,,10.7,10.5,
,1.0,10.7,10.5,
,0.9,10.7,10.5,
,,10.7,10.5,
,,10.7,10.5,
,1.9,10.7,10.6,
,,10.7,10.6,
,,10.7,10.6,
,1.9,10.7,10.6,
,,10.7,10.6,
, ,10.7,10.6,
,1.9,10.7,10.6,
,,10.7,10.6,
,,10.7,10.6,
,1.9,10.7,10.6,
,,10.7,10.6,
,1.9,10.8,10.6,
,,10.8,10.6,
,1.9,10.8,10.6,
,,10.8,10.6,
,1.9,10.7,10.6,
,,10.8,10.6,
,1.9,10.7,10.6,
,,10.7,10.5,
,1.9,10.7,10.5,
,,10.7,10.5,
,1.9,10.8,10.5,
,,10.7,10.5,
,1.9,10.7,10.5,
,,10.7,10.5,
,1.9,10.7,10.5,
,,10.7,10.5,
,1.9,10.7,10.5,
,,10.7,10.5,
,1.9,10.8,10.5,
,,10.7,10.5,
,1.9,10.7,10.5,
,,10.7,10.5,
,1.9,10.7,10.5,
,,10.7,10.5,
,1.9,10.7,10.5,
,,10.7,10.5,
,1.9,10.7,10.5,
,,10.7,10.5,
,1.9,10.7,10.5,
,,10.7,10.5,
,1.9,10.7,10.5,
,,10.7,10.5,
,1.9,10.7,10.6,
,,10.7,10.6,
,1.9,10.7,10.6,
,,10.7,10.6,
,1.9,10.7,10.6,
,,10.7,10.6,
,1.9,10.7,10.5,
,,10.7,10.6,
,1.9,10.7,10.5,
,,10.7,10.5,
,1.9,10.7,10.5,
,,10.7,10.5,
,1.9,10.7,10.5,
,,10.7,10.5,
,1.9,10.7,10.5,
,,10.7,10.5,
,1.9,10.7,10.5,
,,10.7,10.5,
,1.9,10.7,10.5,
,,10.7,10.5,
,1.9,10.7,10.5,
,,10.7,10.5,
,1.9,10.7,10.5,
,,10.7,10.5,
,1.9,10.7,10.5,
,,10.7,10.5,
,1.9,10.7,10.5,
,,10.7,10.5,
,1.9,10.7,10.5,
,,10.7,10.5,
,1.9,10.7,10.5,
,,10.7,10.5,
,1.9,10.7,10.5,
,,10.7,10.5,
,1.9,10.7,10.5,
,,10.7,10.5,
,1.9,10.7,10.5,
,,10.7,10.5,
,1.9,10.7,10.5,
,,10.7,10.5,
,1.9,10.7,10.5,
,,10.7,10.5,
,1.9,10.7,10.5,
,,10.7,10.5,
,1.9,10.7,10.5,
,,10.7,10.5,
,1.9,10.7,10.5,
,,10.7,10.5,
,,10.7,10.5,
,1.9,10.7,10.5,
,,10.7,10.5,
,1.9,10.7,10.5,
,,10.7,10.5,
,,10.7,10.5,
,1.9,10.7,10.5,
,,10.7,10.5,
,,10.7,10.5,
,1.9,10.7,10.5,
,,10.7,10.5,
,,10.7,10.5,
,1.9,10.7,10.5,
, ,10.7,10.5,
,,10.7,10.5,
,1.9,10.7,10.5,
,,10.7,10.5,
,,10.7,10.5,
,1.9,10.7,10.5,
,,10.7,10.5,
,,10.7,10.5,
,1.0,10.8,10.5,
,9.0,10.8,10.5,
,,10.7,10.5,
,1.0,10.7,10.5,
,0.9,10.7,10.5,
,,10.7,10.5,
,,10.7,10.5,
,1.9,10.7,10.5,
,,10.7,10.5,
, ,10.7,10.5,
,1.9,10.7,10.5,
,,10.7,10.5,
,,10.7,10.5,
,1.9,10.7,10.5,
,,10.7,10.5,
,1.9,10.7,10.5,
,,10.7,10.5,
,1.9,10.7,10.5,
,,10.7,10.5,
,1.9,10.7,10.5,
,,10.7,10.5,
,1.9,10.7,10.5,
,,10.7,10.5,
,1.9,10.7,10.5,
,,10.7,10.5,
,1.9,10.7,10.5,
,,10.7,10.5,
,1.9,10.7,10.5,
,,10.7,10.5,
,1.9,10.7,10.5,
,,10.7,10.5,
,1.9,10.7,10.5,
,,10.7,10.5,
,1.9,10.7,10.5,
,,10.7,10.5,
,1.9,10.7,10.5,
,,10.7,10.5,
,1.9,10.7,10.5,
,,10.7,10.5,
,1.9,10.7,10.5,
,,10.7,10.5,
,1.9,10.7,10.5,
,,10.7,10.5,
,1.9,10.7,10.5,
,,10.7,10.5,
,1.9,10.7,10.5,
,,10.7,10.5,
,1.9,10.7,10.5,
,,10.7,10.5,
,1.9,10.7,10.5,
,,10.7,10.5,
,1.9,10.7,10.5,
,,10.7,10.5,
,1.9,10.7,10.5,
,,10.7,10.5,
,1.9,10.7,10.5,
,,10.7,10.5,
,1.9,10.7,10.5,
,,10.7,10.5,
,1.9,10.7,10.5,
,,10.7,10.5,
,1.9,10.7,10.5,
,,10.7,10.5,
,1.9,10.7,10.5,
,,10.7,10.5,
,1.9,10.7,10.5,
,,10.7,10.5,
,1.9,10.7,10.5,
,,10.7,10.5,
,1.9,10.7,10.5,
,,10.7,10.5,
,1.9,10.7,10.5,
,,10.7,10.5,
,1.9,10.7,10.5,
,,10.7,10.5,
,1.9,10.7,10.5,
,,10.7,10.5,
,1.9,10.7,10.5,
,,10.7,10.5,
,1.9,10.7,10.5,
,,10.7,10.5,
,1.9,10.7,10.5,
,,10.7,10.5,
,1.9,10.7,10.5,
,,10.7,10.5,
,1.9,10.7,10.5,
,,10.7,10.5,
,1.9,10.7,10.5,
,,10.7,10.5,
,1.9,10.7,10.5,
,,10.7,10.5,
,1.9,10.7,10.5,
,,10.7,10.5,
,1.9,10.7,10.5,
,,10.7,10.5,
,1.9,10.7,10.5,
,,10.7,10.5,
,1.9,10.7,10.5,
,,10.7,10.5,
,,10.7,10.5,
, 1.9   .,10.7,10.5,
,,10.7,10.5,
,,10.7,10.5,
,1.9,10.7,10.5,
,,10.7,10.5,
,,10.7,10.5,
,1.9,10.7,10.5,
, ,10.7,10.5,
,,10.7,10.5,
,1.9,10.7,10.5,
,,10.7,10.5,
,,10.7,10.5,
,1.9,10.7,10.5,
,,10.7,10.5,
,,10.7,10.5,
,1.9,10.7,10.5,
,,10.7,10.5,
,,10.7,10.5,
,1.9,10.7,10.5,
,,10.7,10.5,
,,10.7,10.5,
,1.0,10.7,10.5,
,9.0,10.7,10.5,
,,10.7,10.5,
,1.0,10.7,10.5,
,0.9,10.7,10.5,
,,10.7,10.5,
,,10.7,10.5,
,1.9,10.7,10.5,
,,10.7,10.5,
, ,10.7,10.5,
,1.9,10.7,10.5,
,,10.7,10.5,
,,10.7,10.5,
,1.9,10.7,10.5,
,,10.7,10.5,
,1.9,10.7,10.5,
,,10.7,10.5,
,1.9,10.7,10.5,
,,10.7,10.5,
,1.9,10.7,10.5,
,,10.7,10.5,
,1.9,10.7,10.5,
,,10.7,10.5,
,1.9,10.7,10.5,
,,10.7,10.5,
,1.9,10.7,10.5,
,,10.7,10.5,
,1.9,10.7,10.5,
,,10.7,10.5,
,1.9,10.7,10.5,
,,10.7,10.5,
,1.9,10.7,10.5,
,,10.7,10.5,
,1.9,10.7,10.5,
,,10.7,10.5,
,1.9,10.7,10.5,
,,10.7,10.5,
,1.9,10.7,10.5,
,,10.7,10.5,
,1.9,10.7,10.5,
,,10.7,10.5,
,1.9,10.7,10.5,
,,10.7,10.5,
,1.9,10.7,10.5,
,,10.7,10.5,
,1.9,10.7,10.5,
,,10.7,10.5,
,1.9,10.7,10.5,
,,10.7,10.5,
,1.9,10.7,10.5,
,,10.7,10.5,
,1.9,10.7,10.5,
,,10.7,10.5,
,1.9,10.7,10.5,
,,10.7,10.5,
,1.9,10.7,10.5,
,,10.7,10.5,
,1.9,10.7,10.5,
,,10.7,10.5,
,1.9,10.7,10.5,
,,10.7,10.5,
,1.9,10.7,10.5,
,,10.7,10.5,
,1.9,10.7,10.5,
,,10.7,10.5,
,1.9,10.7,10.5,
,,10.7,10.5,
,1.9,10.7,10.5,
,,10.7,10.5,
,1.9,10.7,10.5,
,,10.7,10.5,
,1.9,10.7,10.5,
,,10.7,10.5,
,1.9,10.7,10.5,
,,10.7,10.5,
,1.9,10.7,10.5,
,,10.7,10.5,
,1.9,10.7,10.5,
,,10.7,10.5,
,1.9,10.7,10.5,
,,10.7,10.5,
,1.9,10.7,10.5,
,,10.7,10.5,
,1.9,10.7,10.5,
,,10.7,10.5,
,1.9,10.7,10.5,
,,10.7,10.5,
,1.9,10.7,10.5,
,,10.7,10.5,
,1.9,10.7,10.5,
,,10.7,10.5,
,1.9,10.7,10.5,
,,10.7,10.5,
,1.9,10.7,10.5,
,,10.7,10.5,
,,10.7,10.5,
, 1.9   .,10.7,10.5,
,,10.7,10.5,
,,10.7,10.5,
,1.9,10.7,10.5,
,,10.7,10.5,
,,10.7,10.5,
, 1.9   .,10.7,10.5,
,,10.7,10.5,
,,10.7,10.5,
,1.9,10.7,10.5,
,,10.7,10.5,
,,10.7,10.5,
,1.9,10.7,10.5,
,,10.7,10.5,
,,10.7,10.5,
,1.9,10.7,10.5,
, ,10.7,10.5,
,,10.7,10.5,
,1.9,10.7,10.5,
,,10.7,10.5,
,,10.7,10.5,
,1.0,10.7,10.5,
,9.0,10.7,10.5,
,,10.7,10.5,
,1.0,10.7,10.5,
,0.9,10.7,10.5,
,,10.7,10.5,
,,10.7,10.5,
,1.9,10.7,10.5,
,,10.7,10.5,
, ,10.7,10.5,
,1.9,10.7,10.5,
,,10.7,10.5,
,,10.7,10.5,
,1.9,10.7,10.5,
,,10.7,10.5,
,1.9,10.7,10.5,
,,10.7,10.5,
,1.9,10.7,10.5,
,,10.7,10.5,
,1.9,10.7,10.5,
,,10.7,10.5,
,1.9,10.7,10.5,
,,10.7,10.5,
,1.9,10.7,10.5,
,,10.7,10.5,
,1.9,10.7,10.5,
,,10.7,10.5,
,1.9,10.7,10.5,
,,10.7,10.5,
,1.9,10.7,10.5,
,,10.7,10.5,
,1.9,10.7,10.5,
,,10.7,10.5,
,1.9,10.7,10.5,
,,10.7,10.5,
,1.9,10.7,10.5,
,,10.7,10.5,
,1.9,10.7,10.5,
,,10.7,10.5,
,1.9,10.7,10.5,
,,10.7,10.5,
,1.9,10.7,10.5,
,,10.7,10.5,
,1.9,10.7,10.5,
,,10.7,10.5,
,1.9,10.7,10.5,
,,10.7,10.5,
,1.9,10.7,10.5,
,,10.7,10.5,
,1.9,10.7,10.5,
,,10.7,10.5,
,1.9,10.7,10.5,
,,10.7,10.5,
,1.9,10.7,10.5,
,,10.7,10.5,
,1.9,10.7,10.5,
,,10.7,10.5,
,1.9,10.7,10.5,
,,10.7,10.5,
,1.9,10.7,10.5,
,,10.7,10.5,
,1.9,10.7,10.5,
,,10.7,10.5,
,1.9,10.7,10.5,
,,10.7,10.5,
,1.9,10.7,10.5,
,,10.7,10.5,
,1.9,10.7,10.5,
,,10.7,10.5,
,1.9,10.7,10.5,
,,10.7,10.5,
,1.9,10.7,10.5,
,,10.7,10.5,
,1.9,10.7,10.5,
,,10.7,10.5,
,1.9,10.7,10.5,
,,10.7,10.5,
,1.9,10.7,10.5,
,,10.7,10.5,
,1.9,10.7,10.5,
,,10.7,10.5,
,1.9,10.7,10.5,
,,10.7,10.5,
,1.9,10.7,10.5,
,,10.7,10.5,
,,10.7,10.5,
,1.9,10.7,10.5,
,,10.7,10.5,
,,10.7,10.5,
,1.9,10.7,10.5,
,,10.7,10.5,
,,10.7,10.5,
,1.9,10.7,10.5,
, ,10.7,10.5,
,,10.7,10.5,
,1.9,10.7,10.5,
,,10.7,10.5,
,,10.7,10.5,
,1.9,10.7,10.5,
,,10.7,10.5,
,,10.7,10.5,
,1.0,10.7,10.5,
,9.0,10.7,10.5,
,,10.7,10.5,
,,10.7,10.5,
,1.9,10.7,10.5,
,,10.7,10.5,
,,10.7,10.5,
,1.9,10.7,10.5,
,,10.7,10.5,
, ,10.7,10.5,
,1.9,10.7,10.5,
,,10.7,10.5,
,,10.7,10.5,
,1.9,10.7,10.5,
,,10.7,10.5,
,1.9,10.7,10.5,
,,10.7,10.5,
,1.9,10.7,10.5,
,,10.7,10.5,
,1.9,10.7,10.5,
,,10.7,10.5,
,1.9,10.7,10.5,
,,10.7,10.5,
,1.9,10.7,10.5,
,,10.7,10.5,
,,10.7,10.5,
,1.9,10.7,10.5,
,,10.7,10.5,
,1.9,10.7,10.5,
,,10.7,10.5,
,1.9,10.7,10.5,
,,10.7,10.5,
,1.9,10.7,10.5,
,,10.7,10.5,
,1.9,10.7,10.5,
,,10.7,10.5,
,1.9,10.7,10.5,
,,10.7,10.5,
,1.9,10.7,10.5,
,,10.7,10.5,
,1.9,10.6,10.5,
,,10.6,10.5,
,1.8,10.6,10.5,
,,10.6,10.5,
,1.9,10.6,10.5,
,,10.6,10.5,
,1.8,10.6,10.5,
,,10.6,10.5,
,1.9,10.7,10.5,
,,10.7,10.5,
,1.9,10.7,10.5,
,,10.7,10.5,
,1.8,10.7,10.5,
,,10.7,10.5,
,,10.7,10.5,
,,10.7,10.5,
,1.9,10.7,10.5,
,,10.7,10.5,
,1.9,10.7,10.5,
,,10.7,10.5,
,1.8,10.7,10.5,
,,10.7,10.5,
,1.9,10.7,10.5,
,,10.7,10.5,
,1.8,10.7,10.5,
,,10.7,10.5,
,1.8,10.7,10.5,
,,10.7,10.5,
,1.8,10.7,10.5,
,,10.7,10.5,
,1.8,10.7,10.5,
,,10.7,10.5,
,1.9,10.7,10.5,
,,10.7,10.5,
,1.9,10.7,10.5,
,,10.7,10.5,
,1.8,10.7,10.5,
,,10.7,10.5,
,1.8,10.7,10.5,
,,10.7,10.5,
,1.8,10.7,10.5,
,,10.7,10.5,
,1.8,10.7,10.5,
,,10.7,10.5,
,1.8,10.7,10.5,
,,10.7,10.5,
,1.8,10.7,10.5,
,,10.7,10.5,
,1.8,10.7,10.5,
,,10.7,10.5,
,1.8,10.7,10.5,
,,10.7,10.5,
,1.8,10.7,10.5,
,,10.7,10.5,
,1.8,10.7,10.5,
,,10.7,10.5,
,1.9,10.7,10.5,
,,10.7,10.5,
,1.8,10.7,10.5,
,,10.6,10.5,
,1.8,10.6,10.5,
,,10.6,10.5,
,,10.6,10.5,
,1.8,10.7,10.5,
, ,10.7,10.5,
,,10.6,10.5,
,1.8,10.7,10.5,
,,10.7,10.5,
,,10.7,10.5,
,1.8,10.7,10.5,
,,10.7,10.5,
,,10.7,10.5,
,1.0,10.7,10.5,
,0.8,10.7,10.5,
,,10.6,10.5,
,,10.7,10.5,
,1.8,10.6,10.5,
,,10.6,10.5,
, ,10.6,10.5,
,1.8,10.6,10.5,
,,10.6,10.5,
,,10.6,10.5,
,1.8,10.6,10.5,
,,10.6,10.5,
, ,10.6,10.5,
,1.8,10.6,10.5,
,,10.6,10.5,
,1.8,10.6,10.5,
,,10.6,10.5,
,1.8,10.6,10.5,
,,10.6,10.5,
,1.8,10.6,10.5,
,,10.6,10.5,
,1.8,10.6,10.5,
,,10.6,10.5,
,1.8,10.6,10.5,
,,10.6,10.5,
,1.8,10.6,10.5,
,,10.6,10.5,
,1.8,10.6,10.5,
,,10.6,10.5,
,1.8,10.6,10.5,
,,10.6,10.5,
,1.8,10.6,10.5,
,,10.6,10.5,
,1.8,10.6,10.5,
,,10.6,10.5,
,1.8,10.6,10.5,
,,10.6,10.5,
,1.8,10.7,10.5,
,,10.7,10.5,
,1.8,10.7,10.5,
,,10.7,10.5,
,1.8,10.8,10.5,
,,10.8,10.5,
,1.8,10.7,10.5,
,,10.7,10.5,
,1.8,10.7,10.5,
,,10.7,10.5,
,1.8,10.7,10.5,
,,10.7,10.5,
,1.8,10.6,10.5,
,,10.6,10.5,
,1.8,10.6,10.5,
,,10.6,10.5,
,1.8,10.6,10.5,
,,10.6,10.5,
,1.8,10.6,10.5,
,,10.6,10.5,
,1.8,10.6,10.5,
,,10.6,10.5,
,1.8,10.7,10.5,
,,10.7,10.5,
,1.8,10.7,10.5,
,,10.7,10.5,
,1.8,10.7,10.5,
,,10.7,10.5,
,1.8,10.7,10.5,
,,10.7,10.5,
,1.8,10.7,10.5,
,,10.7,10.5,
,1.8,10.7,10.5,
,,10.6,10.5,
,1.8,10.6,10.5,
,,10.6,10.5,
,1.8,10.6,10.5,
,,10.6,10.5,
,1.8,10.6,10.5,
,,10.7,10.5,
,1.8,10.7,10.5,
,,10.7,10.5,
,1.8,10.7,10.5,
,,10.7,10.5,
,1.8,10.7,10.5,
,,10.7,10.5,
,1.8,10.7,10.5,
,,10.7,10.5,
,0.8,10.7,10.5,
,,10.7,10.5,
,1.8,10.7,10.5,
,,10.7,10.5,
,,10.7,10.5,
,1.8,10.7,10.5,
, ,10.7,10.5,
,,10.7,10.5,
,1.8,10.7,10.5,
,,10.7,10.5,
,,10.7,10.5,
,1.8,10.7,10.5,
, ,10.7,10.5,
,,10.7,10.5,
,1.8,10.7,10.5,
,,10.6,10.4,
,,10.6,10.5,
,1.8,10.6,10.4,
,,10.6,10.4,
,,10.6,10.4,
,1.0,10.6,10.4,
,0.8,10.6,10.4,
,,10.6,10.5,
,,10.6,10.5,
,1.8,10.7,10.5,
,,10.6,10.5,
,,10.6,10.5,
,1.8,10.7,10.5,
,,10.6,10.5,
, ,10.7,10.5,
,1.8,10.7,10.5,
,,10.7,10.5,
,,10.7,10.5,
,1.8,10.6,10.5,
,,10.6,10.5,
,1.8,10.7,10.4,
,,10.7,10.5,
,1.8,10.7,10.5,
,,10.6,10.5,
,1.8,10.6,10.5,
,,10.7,10.5,
,1.8,10.7,10.5,
,,10.7,10.5,
,1.8,10.7,10.5,
,,10.7,10.5,
,1.8,10.7,10.5,
,,10.6,10.5,
,1.8,10.7,10.5,
,,10.7,10.5,
,1.8,10.6,10.5,
,,10.6,10.5,
,1.8,10.7,10.5,
,,10.7,10.5,
,1.8,10.6,10.4,
,,10.6,10.4,
,1.8,10.6,10.4,
,,10.6,10.4,
,1.8,10.6,10.5,
,,10.6,10.4,
,1.8,10.6,10.5,
,,10.6,10.5,
,1.8,10.6,10.5,
,,10.6,10.5,
,1.8,10.6,10.5,
,,10.6,10.5,
,1.8,10.6,10.5,
,,10.6,10.5,
,1.8,10.6,10.4,
,,10.6,10.4,
,1.8,10.6,10.4,
,,10.6,10.4,
,1.8,10.6,10.4,
,,10.6,10.4,
,1.8,10.6,10.4,
,,10.6,10.4,
,1.8,10.6,10.4,
,,10.6,10.4,
,1.8,10.6,10.4,
,,10.6,10.5,
,1.8,10.6,10.5,
,,10.6,10.5,
,1.8,10.6,10.5,
,,10.6,10.5,
,1.8,10.6,10.5,
,,10.6,10.5,
,1.8,10.6,10.5,
,,10.6,10.5,
,1.8,10.6,10.5,
,,10.6,10.5,
,1.8,10.6,10.5,
,,10.6,10.5,
,1.8,10.6,10.4,
,,10.6,10.4,
,1.8,10.6,10.4,
,,10.7,10.4,
,1.8,10.6,10.4,
,,10.6,10.5,
,1.8,10.7,10.5,
,,10.6,10.5,
,1.8,10.6,10.5,
,,10.6,10.5,
,1.8,10.6,10.5,
,,10.6,10.5,
,1.8,10.6,10.5,
,,10.6,10.5,
,1.8,10.6,10.5,
,,10.6,10.4,
,1.8,10.6,10.4,
,,10.6,10.4,
,1.8,10.6,10.4,
,,10.7,10.4,
,1.8,10.7,10.4,
,,10.7,10.5,
,1.8,10.7,10.5,
,,10.6,10.5,
,1.8,10.7,10.5,
,,10.7,10.4,
,1.8,10.6,10.4,
,,10.6,10.5,
,,10.6,10.5,
,1.8,10.6,10.5,
,,10.6,10.5,
,,10.6,10.5,
,1.8,10.6,10.4,
,,10.6,10.5,
,,10.6,10.4,
,1.8,10.6,10.5,
, ,10.6,10.5,
,,10.6,10.5,
,1.8,10.6,10.5,
,,10.6,10.5,
,,10.6,10.4,
,1.8,10.6,10.5,
,,10.6,10.5,
,,10.6,10.5,
,1.0,10.6,10.5,
,8.0,10.6,10.5,
,,10.6,10.5,
,,10.6,10.5,
,1.8,10.6,10.5,
,,10.6,10.5,
,,10.6,10.5,
,1.8,10.6,10.5,
,,10.6,10.4,
, ,10.6,10.4,
,1.8,10.6,10.4,
,,10.6,10.4,
,,10.6,10.4,
,1.8,10.6,10.4,
,,10.7,10.4,
, ,10.6,10.4,
,1.8,10.7,10.4,
,,10.6,10.4,
,,10.7,10.4,
,1.8,10.6,10.5,
,,10.7,10.5,
,1.8,10.6,10.5,
,,10.7,10.5,
,1.8,10.6,10.5,
,,10.6,10.4,
,1.8,10.6,10.4,
,,10.6,10.4,
,1.8,10.6,10.4,
,,10.6,10.4,
,1.8,10.6,10.4,
,,10.6,10.4,
,1.8,10.6,10.4,
,,10.6,10.4,
,1.8,10.6,10.4,
,,10.6,10.4,
,1.8,10.6,10.5,
,,10.6,10.5,
,1.8,10.6,10.5,
,,10.6,10.5,
,1.8,10.6,10.5,
,,10.6,10.5,
,1.8,10.6,10.5,
,,10.6,10.4,
,1.8,10.6,10.4,
,,10.6,10.4,
,1.8,10.6,10.4,
,,10.6,10.4,
,1.8,10.6,10.4,
,,10.6,10.4,
,1.8,10.6,10.4,
,,10.6,10.4,
,1.8,10.6,10.4,
,,10.6,10.4,
,1.8,10.6,10.4,
,,10.6,10.4,
,1.8,10.6,10.4,
,,10.6,10.4,
,1.8,10.6,10.4,
,,10.6,10.4,
,1.8,10.6,10.4,
,,10.6,10.4,
,1.8,10.6,10.4,
,,10.6,10.4,
,1.8,10.6,10.4,
,,10.6,10.4,
,1.8,10.6,10.4,
,,10.6,10.4,
,1.8,10.6,10.4,
,,10.6,10.4,
,1.8,10.6,10.4,
,,10.6,10.4,
,1.8,10.6,10.4,
,,10.6,10.4,
,1.8,10.6,10.4,
,,10.6,10.4,
,1.8,10.6,10.4,
,,10.6,10.4,
,1.8,10.6,10.4,
,,10.6,10.4,
,1.8,10.6,10.4,
,,10.6,10.4,
,1.8,10.6,10.4,
,,10.6,10.4,
,1.8,10.6,10.4,
,,10.6,10.4,
,1.8,10.6,10.4,
,,10.6,10.4,
,1.8,10.6,10.4,
,,10.6,10.4,
,1.8,10.6,10.4,
,,10.6,10.4,
,1.8,10.6,10.4,
,,10.6,10.4,
,1.8,10.7,10.4,
,,10.6,10.4,
,1.8,10.6,10.4,
,,10.7,10.4,
,1.8,10.7,10.4,
,,10.6,10.4,
,1.8,10.6,10.4,
,,10.6,10.4,
,,10.6,10.4,
, 1.8   .,10.6,10.4,
,,10.6,10.4,
,,10.6,10.4,
,1.8,10.6,10.4,
,,10.6,10.4,
,,10.6,10.4,
,1.8,10.6,10.4,
, ,10.6,10.4,
,,10.6,10.4,
,1.8,10.6,10.4,
,,10.6,10.4,
,,10.6,10.4,
,1.8,10.6,10.4,
, ,10.6,10.4,
,,10.6,10.4,
,1.0,10.6,10.4,
,8.0,10.6,10.4,
,,10.6,10.4,
,1.8,10.6,10.4,
,,10.6,10.4,
,,10.7,10.4,
,1.0,10.6,10.4,
,8.0,10.6,10.4,
,,10.6,10.4,
,1.0,10.6,10.4,
,0.7,10.6,10.4,
,,10.6,10.4,
,,10.6,10.4,
,1.8,10.6,10.4,
,,10.6,10.4,
, ,10.6,10.4,
,1.8,10.6,10.4,
,,10.6,10.4,
,,10.6,10.4,
,1.8,10.6,10.4,
,,10.6,10.4,
,1.8,10.6,10.4,
,,10.6,10.4,
,1.8,10.6,10.4,
,,10.6,10.4,
,1.8,10.6,10.4,
,,10.6,10.4,
,1.8,10.6,10.4,
,,10.6,10.4,
,1.8,10.6,10.4,
,,10.6,10.4,
,1.8,10.6,10.4,
,,10.6,10.4,
,1.8,10.6,10.4,
,,10.6,10.4,
,1.8,10.6,10.4,
,,10.6,10.4,
,1.8,10.6,10.4,
,,10.6,10.4,
,1.8,10.6,10.4,
,,10.6,10.4,
,1.8,10.6,10.4,
,,10.6,10.4,
,1.8,10.6,10.4,
,,10.6,10.4,
,1.8,10.6,10.4,
,,10.6,10.4,
,1.8,10.6,10.4,
,,10.6,10.4,
,1.8,10.6,10.4,
,,10.6,10.4,
,1.8,10.6,10.4,
,,10.6,10.4,
,1.8,10.6,10.4,
,,10.6,10.4,
,1.8,10.6,10.4,
,,10.6,10.4,
,1.8,10.6,10.4,
,,10.6,10.4,
,1.8,10.6,10.4,
,,10.6,10.4,
,1.8,10.6,10.4,
,,10.6,10.4,
,1.8,10.6,10.4,
,,10.6,10.4,
,1.8,10.6,10.4,
,,10.6,10.4,
,1.8,10.6,10.4,
,,10.6,10.4,
,1.8,10.6,10.4,
,,10.6,10.4,
,1.8,10.6,10.4,
,,10.6,10.4,
,1.8,10.6,10.4,
,,10.6,10.4,
,1.8,10.6,10.4,
,,10.6,10.4,
,1.8,10.6,10.4,
,,10.6,10.4,
,1.8,10.6,10.4,
,,10.6,10.4,
,1.8,10.6,10.4,
,,10.6,10.4,
,1.8,10.6,10.4,
,,10.6,10.4,
,1.8,10.6,10.4,
,,10.6,10.4,
,1.8,10.6,10.4,
,,10.6,10.4,
,1.8,10.6,10.4,
,,10.6,10.4,
,1.8,10.6,10.4,
,,10.6,10.4,
,1.8,10.6,10.4,
,,10.6,10.4,
,1.8,10.6,10.4,
,,10.6,10.4,
,1.8,10.6,10.4,
,,10.6,10.4,
,1.8,10.6,10.4,
,,10.6,10.4,
,1.8,10.6,10.4,
,,10.6,10.4,
,1.8,10.6,10.4,
,,10.6,10.4,
,,10.6,10.4,
, 1.8   .,10.6,10.4,
,,10.6,10.4,
,,10.6,10.4,
,1.8,10.6,10.4,
,,10.6,10.4,
,,10.6,10.4,
,1.8,10.6,10.4,
,,10.6,10.4,
,,10.6,10.4,
,1.8,10.6,10.4,
,,10.6,10.4,
,,10.6,10.4,
,1.8,10.6,10.4,
,,10.6,10.4,
,,10.6,10.4,
,1.0,10.6,10.4,
,8.0,10.6,10.4,
,,10.6,10.4,
,1.0,10.6,10.4,
,0.8,10.6,10.4,
,,10.6,10.4,
,,10.6,10.4,
,1.8,10.6,10.4,
,,10.6,10.4,
, ,10.6,10.4,
,1.8,10.6,10.4,
,,10.6,10.4,
,,10.6,10.4,
,1.8,10.6,10.4,
,,10.6,10.4,
,1.8,10.6,10.4,
,,10.6,10.4,
,,10.6,10.4,
,1.8,10.6,10.4,
,,10.6,10.4,
,1.8,10.6,10.4,
,,10.6,10.4,
,1.8,10.6,10.4,
,,10.6,10.4,
,1.8,10.6,10.4,
,,10.6,10.4,
,1.8,10.6,10.4,
,,10.6,10.4,
,1.8,10.6,10.4,
,,10.6,10.4,
,1.8,10.6,10.4,
,,10.6,10.4,
,1.8,10.6,10.4,
,,10.6,10.4,
,1.8,10.6,10.4,
,,10.6,10.4,
,1.8,10.6,10.4,
,,10.6,10.4,
,1.8,10.6,10.4,
,,10.6,10.4,
,1.8,10.6,10.4,
,,10.6,10.4,
,1.8,10.6,10.4,
,,10.6,10.4,
,1.8,10.6,10.4,
,,10.6,10.4,
,1.8,10.6,10.4,
,,10.6,10.4,
,1.8,10.6,10.4,
,,10.6,10.4,
,1.8,10.6,10.4,
,,10.6,10.4,
,1.8,10.6,10.4,
,,10.6,10.4,
,1.8,10.6,10.4,
,,10.6,10.4,
,1.8,10.6,10.4,
,,10.6,10.4,
,1.8,10.6,10.4,
,,10.6,10.4,
,1.8,10.6,10.4,
,,10.6,10.4,
,1.8,10.6,10.4,
,,10.6,10.4,
,1.8,10.6,10.4,
,,10.6,10.4,
,1.8,10.6,10.4,
,,10.6,10.4,
,1.8,10.6,10.4,
,,10.6,10.4,
,1.8,10.6,10.4,
,,10.6,10.4,
,1.8,10.6,10.4,
,,10.6,10.4,
,1.8,10.6,10.4,
,,10.6,10.4,
,1.8,10.6,10.4,
,,10.6,10.4,
,1.7,10.6,10.4,
,,10.6,10.4,
,1.7,10.6,10.4,
,,10.6,10.4,
,1.7,10.6,10.4,
,,10.6,10.4,
,1.7,10.6,10.4,
,,10.6,10.4,
,1.7,10.6,10.4,
,,10.6,10.4,
,1.8,10.6,10.4,
,,10.6,10.4,
,1.7,10.6,10.4,
,,10.6,10.4,
,1.8,10.6,10.4,
,,10.6,10.4,
,1.7,10.6,10.4,
,,10.6,10.4,
,1.7,10.6,10.4,
,,10.6,10.4,
,1.7,10.6,10.4,
,,10.6,10.4,
,,10.6,10.4,
, 1.8   .,10.6,10.4,
,,10.6,10.4,
,,10.6,10.4,
,1.8,10.6,10.4,
,,10.6,10.4,
,1.7,10.6,10.4,
,,10.6,10.4,
,,10.6,10.4,
,1.8,10.6,10.4,
, ,10.6,10.4,
,,10.6,10.4,
,1.7,10.6,10.4,
,,10.6,10.4,
,,10.6,10.4,
,1.7,10.6,10.4,
, ,10.6,10.4,
,,10.6,10.4,
,1.0,10.6,10.4,
,0.7,10.6,10.4,
,,10.6,10.4,
,1.0,10.6,10.4,
,7.0,10.6,10.4,
,,10.6,10.4,
,1.0,10.6,10.4,
,0.7,10.6,10.4,
,,10.6,10.4,
,,10.6,10.4,
,1.7,10.6,10.4,
,,10.6,10.4,
, ,10.6,10.4,
,1.7,10.6,10.4,
,,10.6,10.4,
,,10.6,10.4,
,1.7,10.6,10.4,
,,10.6,10.4,
,1.7,10.6,10.4,
,,10.6,10.4,
,1.7,10.6,10.4,
,,10.6,10.4,
,1.7,10.6,10.4,
,,10.6,10.4,
,1.7,10.6,10.4,
,,10.6,10.4,
,1.8,10.6,10.4,
,,10.6,10.4,
,1.8,10.6,10.4,
,,10.6,10.4,
,1.8,10.6,10.4,
,,10.6,10.4,
,1.8,10.6,10.4,
,,10.6,10.4,
,1.8,10.6,10.4,
,,10.6,10.4,
,1.8,10.6,10.4,
,,10.6,10.4,
,1.8,10.6,10.4,
,,10.6,10.4,
,1.7,10.6,10.4,
,,10.6,10.4,
,1.7,10.6,10.4,
,,10.6,10.4,
,1.7,10.6,10.4,
,,10.6,10.4,
,1.8,10.6,10.4,
,,10.6,10.4,
,1.7,10.6,10.4,
,,10.6,10.4,
,1.7,10.6,10.4,
,,10.6,10.4,
,1.8,10.6,10.4,
,,10.6,10.4,
,1.7,10.6,10.4,
,,10.6,10.4,
,1.7,10.6,10.4,
,,10.6,10.4,
,1.7,10.6,10.4,
,,10.6,10.4,
,1.7,10.6,10.4,
,,10.6,10.4,
,1.7,10.6,10.4,
,,10.6,10.4,
,1.7,10.6,10.4,
,,10.6,10.4,
,1.7,10.6,10.4,
,,10.6,10.4,
,1.7,10.6,10.4,
,,10.6,10.4,
,1.7,10.6,10.4,
,,10.6,10.4,
,1.7,10.6,10.4,
,,10.6,10.4,
,1.7,10.6,10.4,
,,10.6,10.4,
,1.7,10.6,10.4,
,,10.6,10.4,
,1.7,10.6,10.4,
,,10.6,10.4,
,1.7,10.6,10.4,
,,10.6,10.4,
,1.7,10.6,10.4,
,,10.6,10.4,
,1.7,10.6,10.4,
,,10.6,10.4,
,1.7,10.6,10.4,
,,10.6,10.4,
,1.7,10.6,10.4,
,,10.6,10.4,
,1.7,10.6,10.4,
,,10.6,10.4,
,1.7,10.6,10.4,
,,10.6,10.4,
,1.7,10.6,10.4,
,,10.6,10.4,
,1.7,10.6,10.4,
,,10.6,10.4,
,1.7,10.6,10.4,
,,10.6,10.4,
,1.7,10.6,10.4,
,,10.6,10.4,
,,10.5,10.4,
, 1.7   .,10.5,10.4,
,,10.5,10.4,
,,10.5,10.4,
,1.7,10.5,10.4,
,,10.5,10.4,
,,10.5,10.4,
,1.7,10.6,10.4,
,,10.6,10.4,
,,10.6,10.4,
,1.9,10.6,10.4,
, ,10.6,10.4,
,,10.6,10.4,
,1.7,10.5,10.4,
,,10.6,10.4,
,,10.5,10.4,
,1.7,10.6,10.4,
,,10.6,10.4,
,,10.5,10.4,
,1.0,10.6,10.4,
,0.8,10.6,10.4,
,,10.6,10.4,
,,10.6,10.4,
,1.6,10.6,10.4,
,,10.6,10.4,
, ,10.6,10.4,
,1.8,10.6,10.4,
,,10.6,10.4,
,,10.6,10.4,
,1.8,10.6,10.4,
,,10.6,10.4,
,1.7,10.6,10.4,
,,10.6,10.4,
,1.8,10.6,10.4,
,,10.6,10.4,
,1.8,10.6,10.4,
,,10.6,10.4,
,1.7,10.6,10.4,
,,10.6,10.4,
,1.7,10.5,10.4,
,,10.6,10.4,
,1.7,10.6,10.4,
,,10.6,10.4,
,1.7,10.6,10.4,
,,10.6,10.4,
,1.8,10.6,10.4,
,,10.5,10.4,
,1.7,10.6,10.4,
,,10.6,10.4,
,1.7,10.6,10.4,
,,10.6,10.4,
,1.8,10.6,10.4,
,,10.6,10.4,
,1.7,10.6,10.4,
,,10.6,10.4,
,1.7,10.6,10.4,
,,10.6,10.4,
,1.7,10.6,10.4,
,,10.6,10.4,
,1.7,10.6,10.4,
,,10.6,10.4,
,1.7,10.6,10.4,
,,10.6,10.4,
,1.7,10.6,10.4,
,,10.6,10.4,
,1.7,10.5,10.4,
,,10.6,10.4,
,1.7,10.6,10.4,
,,10.5,10.4,
,1.7,10.6,10.4,
,,10.5,10.4,
,1.8,10.6,10.4,
,,10.6,10.4,
,1.7,10.5,10.4,
,,10.6,10.4,
,1.7,10.6,10.4,
,,10.5,10.4,
,1.7,10.6,10.4,
,,10.6,10.4,
,1.7,10.5,10.4,
,,10.6,10.4,
,1.7,10.6,10.4,
,,10.5,10.4,
,1.7,10.6,10.4,
,,10.6,10.4,
,1.7,10.5,10.4,
,,10.6,10.4,
,1.7,10.6,10.4,
,,10.5,10.4,
,1.7,10.6,10.4,
,,10.6,10.4,
,1.8,10.6,10.4,
,,10.6,10.4,
,1.8,10.6,10.4,
,,10.6,10.4,
,1.7,10.5,10.4,
,,10.6,10.4,
,1.8,10.5,10.4,
,,10.6,10.4,
,1.8,10.5,10.4,
,,10.6,10.4,
,1.7,10.6,10.4,
,,10.6,10.4,
,1.8,10.6,10.4,
,,10.6,10.4,
,1.7,10.6,10.4,
,,10.6,10.4,
,1.7,10.6,10.4,
,,10.6,10.4,
,1.7,10.6,10.4,
,,10.6,10.4,
,1.7,10.6,10.4,
,,10.6,10.4,
,1.7,10.6,10.4,
,,10.6,10.4,
,1.7,10.6,10.4,
,,10.6,10.4,
,,10.5,10.4,
,1.7,10.6,10.4,
,,10.6,10.4,
,,10.6,10.4,
,1.7,10.6,10.4,
,,10.6,10.3,
,,10.5,10.3,
,1.7,10.6,10.4,
, ,10.6,10.3,
,,10.6,10.4,
,1.7,10.6,10.4,
,,10.6,10.4,
,,10.6,10.4,
,1.7,10.6,10.4,
,,10.6,10.4,
,,10.5,10.3,
,1.7,10.6,10.4,
,,10.6,10.4,
,,10.6,10.4,
,1.7,10.5,10.4,
,,10.6,10.3,
,,10.6,10.4,
,1.0,10.6,10.3,
,0.7,10.6,10.4,
,,10.6,10.3,
,,10.6,10.3,
,1.7,10.6,10.3,
,,10.6,10.3,
,,10.6,10.3,
,1.7,10.5,10.3,
,,10.5,10.4,
, ,10.6,10.4,
,1.7,10.5,10.4,
,,10.6,10.4,
,1.7,10.5,10.4,
,,10.6,10.4,
,1.7,10.6,10.4,
,,10.6,10.4,
,1.7,10.6,10.4,
,,10.6,10.3,
,1.7,10.6,10.3,
,,10.6,10.3,
,1.7,10.6,10.3,
,,10.6,10.4,
,1.7,10.6,10.3,
,,10.6,10.4,
,1.7,10.6,10.3,
,,10.6,10.4,
,1.7,10.6,10.4,
,,10.6,10.4,
,1.8,10.6,10.4,
,,10.6,10.4,
,1.7,10.6,10.4,
,,10.6,10.4,
,1.7,10.6,10.3,
,,10.5,10.4,
,1.7,10.5,10.4,
,,10.5,10.3,
,1.7,10.6,10.3,
,,10.5,10.3,
,1.7,10.5,10.4,
,,10.5,10.4,
,1.7,10.5,10.4,
,,10.5,10.3,
,1.7,10.5,10.4,
,,10.5,10.3,
,1.7,10.5,10.3,
,,10.5,10.3,
,1.7,10.5,10.4,
,,10.5,10.4,
,1.7,10.5,10.4,
,,10.5,10.4,
,1.7,10.5,10.4,
,,10.5,10.4,
,1.7,10.5,10.4,
,,10.5,10.3,
,1.7,10.5,10.4,
,,10.5,10.4,
,1.7,10.5,10.4,
,,10.5,10.4,
,1.7,10.5,10.4,
,,10.5,10.4,
,1.7,10.5,10.4,
,,10.5,10.4,
,1.7,10.5,10.4,
,,10.5,10.4,
,1.7,10.5,10.4,
,,10.5,10.3,
,1.7,10.5,10.3,
,,10.5,10.3,
,1.7,10.5,10.3,
,,10.5,10.3,
,1.7,10.5,10.3,
,,10.5,10.4,
,1.7,10.5,10.4,
,,10.5,10.4,
,1.7,10.5,10.4,
,,10.5,10.4,
,1.7,10.5,10.3,
,,10.5,10.3,
,1.7,10.5,10.3,
,,10.5,10.4,
,1.7,10.5,10.4,
,,10.5,10.3,
,1.7,10.5,10.3,
,,10.5,10.4,
,1.7,10.5,10.3,
,,10.5,10.3,
,1.7,10.5,10.3,
,,10.5,10.4,
,1.7,10.5,10.3,
,,10.5,10.4,
,1.7,10.5,10.3,
,,10.5,10.4,
,1.7,10.5,10.3,
,,10.5,10.4,
,1.7,10.5,10.3,
,,10.5,10.3,
,,10.5,10.3,
,1.8,10.5,10.3,
,,10.6,10.3,
,,10.5,10.3,
,1.7,10.5,10.3,
,,10.6,10.3,
,,10.5,10.3,
,1.7,10.5,10.3,
,,10.5,10.3,
,,10.6,10.3,
,1.7,10.5,10.3,
, ,10.6,10.3,
,,10.5,10.3,
,1.7,10.5,10.3,
,,10.5,10.3,
,,10.5,10.3,
,1.7,10.5,10.3,
,,10.5,10.3,
,,10.5,10.3,
,1.0,10.5,10.3,
,0.7,10.5,10.3,
,,10.5,10.3,
,,10.5,10.3,
,1.7,10.5,10.3,
,,10.5,10.3,
,,10.5,10.3,
,1.7,10.5,10.3,
,,10.5,10.3,
, ,10.5,10.3,
,1.7,10.5,10.3,
,,10.5,10.3,
,,10.5,10.3,
,1.7,10.5,10.3,
,,10.5,10.3,
,1.7,10.5,10.3,
,,10.5,10.3,
,1.7,10.5,10.3,
,,10.6,10.3,
,1.7,10.5,10.3,
,,10.5,10.3,
,1.7,10.5,10.3,
,,10.5,10.3,
,1.8,10.5,10.3,
,,10.5,10.3,
,1.7,10.5,10.3,
,,10.5,10.3,
,1.7,10.5,10.3,
,,10.5,10.3,
,1.7,10.5,10.3,
,,10.5,10.3,
,1.7,10.5,10.3,
,,10.5,10.3,
,1.7,10.5,10.3,
,,10.5,10.3,
,1.7,10.5,10.3,
,,10.5,10.3,
,1.7,10.5,10.3,
,,10.5,10.3,
,1.7,10.5,10.3,
,,10.5,10.3,
,1.7,10.5,10.3,
,,10.5,10.3,
,1.7,10.5,10.3,
,,10.5,10.3,
,1.7,10.5,10.3,
,,10.5,10.3,
,1.7,10.5,10.3,
,,10.5,10.3,
,1.7,10.5,10.3,
,,10.5,10.3,
,1.7,10.5,10.3,
,,10.5,10.3,
,1.7,10.5,10.3,
,,10.5,10.3,
,1.7,10.5,10.3,
,,10.5,10.4,
,1.7,10.5,10.3,
,,10.5,10.3,
,1.7,10.5,10.3,
,,10.5,10.3,
,1.7,10.5,10.3,
,,10.5,10.3,
,1.7,10.5,10.3,
,,10.5,10.3,
,1.7,10.5,10.3,
,,10.5,10.3,
,1.7,10.5,10.3,
,,10.5,10.3,
,1.7,10.5,10.3,
,,10.5,10.3,
,1.7,10.5,10.3,
,,10.5,10.3,
,1.7,10.5,10.3,
,,10.5,10.3,
,1.7,10.5,10.3,
,,10.5,10.3,
,1.7,10.5,10.3,
,,10.5,10.3,
,1.7,10.5,10.3,
,,10.5,10.3,
,1.7,10.5,10.3,
,,10.5,10.3,
,1.7,10.5,10.3,
,,10.5,10.3,
,1.7,10.5,10.3,
,,10.5,10.3,
,1.7,10.5,10.3,
,,10.5,10.3,
,1.7,10.5,10.3,
,,10.5,10.3,
,1.7,10.5,10.3,
,,10.5,10.3,
,1.7,10.5,10.3,
,,10.5,10.3,
,1.7,10.5,10.3,
,,10.5,10.3,
,1.7,10.5,10.3,
,,10.5,10.3,
,,10.5,10.3,
,1.7,10.5,10.3,
,,10.5,10.3,
,,10.5,10.3,
,1.7,10.5,10.3,
,,10.5,10.3,
,,10.5,10.3,
,1.7,10.5,10.3,
, ,10.5,10.3,
,,10.5,10.3,
,1.7,10.5,10.3,
,,10.5,10.3,
,,10.5,10.3,
,1.7,10.5,10.3,
,,10.5,10.3,
,,10.5,10.3,
,1.0,10.5,10.3,
,7.0,10.5,10.3,
,,10.5,10.3,
,1.0,10.5,10.3,
,0.7,10.5,10.3,
,,10.5,10.3,
,,10.5,10.3,
,1.7,10.5,10.3,
,,10.5,10.3,
,,10.5,10.3,
,1.7,10.5,10.3,
,,10.5,10.3,
,,10.5,10.3,
,1.7,10.5,10.3,
,,10.5,10.3,
,,10.5,10.3,
,1.7,10.5,10.3,
,,10.5,10.3,
,,10.5,10.3,
,1.7,10.5,10.3,
,,10.5,10.3,
,1.7,10.5,10.3,
,,10.5,10.3,
,1.7,10.5,10.3,
,,10.5,10.3,
,1.7,10.5,10.3,
,,10.5,10.3,
,1.7,10.5,10.3,
,,10.5,10.3,
,1.7,10.5,10.3,
,,10.5,10.3,
,1.7,10.5,10.3,
,,10.5,10.3,
,1.7,10.5,10.3,
,,10.5,10.3,
,1.7,10.5,10.3,
,,10.5,10.3,
,1.7,10.5,10.3,
,,10.5,10.3,
,1.7,10.5,10.3,
,,10.5,10.3,
,1.7,10.5,10.3,
,,10.5,10.3,
,1.7,10.5,10.3,
,,10.5,10.3,
,1.7,10.5,10.3,
,,10.5,10.3,
,1.7,10.5,10.3,
,,10.5,10.3,
,1.7,10.5,10.3,
,,10.5,10.3,
,1.7,10.5,10.3,
,,10.5,10.3,
,1.7,10.5,10.3,
,,10.5,10.3,
,1.7,10.5,10.3,
,,10.5,10.3,
,1.7,10.5,10.3,
,,10.5,10.3,
,1.7,10.5,10.3,
,,10.5,10.3,
,1.7,10.5,10.3,
,,10.5,10.3,
,1.7,10.5,10.3,
,,10.5,10.3,
,1.7,10.5,10.3,
,,10.5,10.3,
,1.7,10.5,10.3,
,,10.5,10.3,
,1.7,10.5,10.3,
,,10.5,10.3,
,1.7,10.5,10.3,
,,10.5,10.3,
,1.7,10.5,10.3,
,,10.5,10.3,
,1.7,10.5,10.3,
,,10.5,10.3,
,1.7,10.5,10.3,
,,10.5,10.3,
,1.7,10.5,10.3,
,,10.5,10.3,
,1.7,10.5,10.3,
,,10.5,10.3,
,1.7,10.5,10.3,
,,10.5,10.3,
,1.7,10.5,10.3,
,,10.5,10.3,
,1.7,10.5,10.3,
,,10.5,10.3,
,1.7,10.5,10.3,
,,10.5,10.3,
,1.7,10.5,10.3,
,,10.5,10.3,
,1.7,10.5,10.3,
,,10.5,10.3,
,1.7,10.5,10.3,
,,10.5,10.3,
,1.7,10.5,10.3,
,,10.5,10.3,
,1.7,10.5,10.3,
,,10.5,10.3,
,,10.5,10.3,
,1.7,10.5,10.3,
,,10.5,10.3,
,1.7,10.5,10.3,
,,10.5,10.3,
,,10.5,10.3,
,1.7,10.5,10.3,
,,10.5,10.3,
,,10.5,10.3,
,1.7,10.5,10.3,
,,10.5,10.3,
,,10.5,10.3,
,1.7,10.5,10.3,
, ,10.5,10.3,
,,10.5,10.3,
,1.7,10.5,10.3,
,,10.5,10.3,
,,10.5,10.3,
,1.7,10.5,10.3,
,,10.5,10.3,
,,10.5,10.3,
,1.0,10.5,10.3,
,7.0,10.5,10.3,
,,10.5,10.3,
,1.0,10.5,10.3,
,0.7,10.5,10.3,
,,10.5,10.3,
,,10.5,10.3,
,1.7,10.5,10.3,
,,10.5,10.3,
, ,10.5,10.3,
,1.7,10.5,10.3,
,,10.5,10.3,
,,10.5,10.3,
,1.7,10.5,10.3,
,,10.5,10.3,
,1.7,10.5,10.3,
,,10.5,10.3,
,1.7,10.5,10.3,
,,10.5,10.3,
,1.7,10.5,10.3,
,,10.5,10.3,
,1.7,10.5,10.3,
,,10.5,10.3,
,1.7,10.5,10.3,
,,10.5,10.3,
,1.7,10.5,10.3,
,,10.5,10.3,
,1.7,10.5,10.3,
,,10.5,10.3,
,1.7,10.5,10.3,
,,10.5,10.3,
,1.7,10.5,10.3,
,,10.5,10.3,
,1.7,10.5,10.3,
,,10.5,10.3,
,1.7,10.5,10.3,
,,10.5,10.3,
,1.7,10.5,10.3,
,,10.5,10.3,
,1.7,10.5,10.3,
,,10.5,10.3,
,1.7,10.5,10.3,
,,10.5,10.3,
,1.7,10.5,10.3,
,,10.5,10.3,
,1.7,10.5,10.3,
,,10.5,10.3,
,1.7,10.5,10.3,
,,10.5,10.3,
,1.7,10.5,10.3,
,,10.5,10.3,
,1.7,10.5,10.3,
,,10.5,10.3,
,1.7,10.5,10.3,
,,10.5,10.3,
,1.7,10.5,10.3,
,,10.5,10.3,
,1.7,10.5,10.3,
,,10.5,10.3,
,1.7,10.5,10.3,
,,10.5,10.3,
,1.7,10.5,10.3,
,,10.5,10.3,
,1.7,10.5,10.3,
,,10.5,10.3,
,1.7,10.5,10.3,
,,10.5,10.3,
,1.7,10.5,10.3,
,,10.4,10.3,
,1.7,10.4,10.3,
,,10.4,10.3,
,1.7,10.5,10.3,
,,10.5,10.3,
,1.7,10.5,10.3,
,,10.5,10.3,
,1.7,10.5,10.3,
,,10.5,10.3,
,1.7,10.5,10.3,
,,10.5,10.3,
,1.7,10.5,10.3,
,,10.5,10.3,
,1.7,10.5,10.3,
,,10.5,10.3,
,1.7,10.5,10.3,
,,10.5,10.3,
,1.7,10.5,10.3,
,,10.5,10.3,
,1.7,10.5,10.3,
,,10.5,10.3,
,1.7,10.5,10.3,
,,10.5,10.3,
,1.7,10.5,10.3,
,,10.5,10.3,
,1.7,10.5,10.3,
,,10.5,10.3,
,1.7,10.5,10.3,
,,10.5,10.3,
,1.7,10.5,10.3,
,,10.5,10.3,
,,10.5,10.3,
, 1.7   .,10.5,10.3,
,,10.5,10.3,
,,10.5,10.3,
,1.7,10.5,10.3,
,,10.5,10.3,
,,10.5,10.3,
,1.7,10.5,10.3,
,,10.5,10.3,
,,10.5,10.3,
,1.7,10.5,10.3,
,,10.5,10.3,
,,10.5,10.3,
,1.7,10.5,10.3,
,,10.5,10.3,
,,10.5,10.3,
,1.0,10.5,10.3,
,7.0,10.5,10.3,
,,10.5,10.3,
,1.0,10.5,10.3,
,0.7,10.5,10.3,
,,10.5,10.3,
,,10.5,10.3,
,1.7,10.5,10.3,
,,10.5,10.3,
,1.0,10.5,10.3,
,0.7,10.5,10.3,
,,10.5,10.3,
,,10.5,10.3,
,1.7,10.5,10.3,
,,10.5,10.3,
, ,10.5,10.3,
,1.7,10.5,10.3,
,,10.5,10.3,
,,10.5,10.3,
,1.7,10.5,10.3,
,,10.5,10.3,
,1.7,10.5,10.3,
,,10.5,10.3,
,1.7,10.5,10.3,
,,10.5,10.3,
,1.7,10.5,10.3,
,,10.5,10.3,
,1.7,10.5,10.3,
,,10.5,10.3,
,1.7,10.5,10.3,
,,10.5,10.3,
,1.7,10.5,10.3,
,,10.5,10.3,
,1.7,10.5,10.3,
,,10.5,10.3,
,1.7,10.5,10.3,
,,10.5,10.3,
,1.7,10.5,10.3,
,,10.5,10.3,
,1.7,10.5,10.3,
,,10.5,10.3,
,1.7,10.5,10.3,
,,10.5,10.3,
,1.7,10.5,10.3,
,,10.5,10.3,
,1.7,10.5,10.3,
,,10.5,10.3,
,1.7,10.5,10.3,
,,10.5,10.3,
,1.7,10.5,10.3,
,,10.5,10.3,
,1.7,10.5,10.3,
,,10.5,10.3,
,1.7,10.5,10.3,
,,10.5,10.3,
,1.7,10.5,10.3,
,,10.5,10.3,
,1.7,10.5,10.3,
,,10.5,10.3,
,1.7,10.5,10.3,
,,10.5,10.3,
,1.7,10.5,10.3,
,,10.5,10.3,
,1.7,10.5,10.3,
,,10.5,10.3,
,1.7,10.5,10.3,
,,10.5,10.3,
,1.7,10.5,10.3,
,,10.5,10.3,
,1.7,10.5,10.3,
,,10.5,10.3,
,1.7,10.5,10.3,
,,10.5,10.3,
,1.7,10.5,10.3,
,,10.5,10.3,
,1.7,10.5,10.3,
,,10.5,10.3,
,1.7,10.5,10.3,
,,10.5,10.3,
,1.7,10.5,10.3,
,,10.5,10.3,
,1.7,10.5,10.3,
,,10.5,10.3,
,1.7,10.5,10.3,
,,10.5,10.3,
,1.7,10.5,10.3,
,,10.5,10.3,
,1.7,10.5,10.3,
,,10.5,10.3,
,1.7,10.5,10.3,
,,10.5,10.3,
,1.7,10.5,10.3,
,,10.5,10.3,
,1.7,10.5,10.3,
,,10.5,10.3,
,1.7,10.5,10.3,
,,10.5,10.3,
,1.7,10.5,10.3,
,,10.5,10.3,
,1.7,10.5,10.3,
,,10.5,10.3,
,,10.5,10.3,
, 1.7   .,10.5,10.3,
,,10.5,10.3,
,,10.4,10.3,
,1.7,10.5,10.3,
,,10.4,10.3,
,,10.4,10.3,
, 1.7   .,10.4,10.3,
,,10.4,10.3,
,,10.4,10.3,
,1.7,10.4,10.3,
,,10.4,10.3,
,,10.5,10.3,
,1.7,10.5,10.3,
,,10.5,10.3,
,,10.5,10.3,
,1.7,10.5,10.3,
, ,10.5,10.3,
,,10.5,10.3,
,1.7,10.5,10.3,
,,10.5,10.3,
,,10.5,10.3,
,1.0,10.5,10.3,
,7.0,10.5,10.3,
,,10.5,10.3,
,1.0,10.5,10.3,
,0.7,10.5,10.3,
,,10.5,10.3,
,,10.5,10.3,
,1.7,10.5,10.3,
,,10.5,10.3,
, ,10.5,10.3,
,1.7,10.5,10.3,
,,10.5,10.3,
,,10.5,10.3,
,1.7,10.5,10.3,
,,10.5,10.3,
,1.7,10.5,10.3,
,,10.5,10.3,
,1.7,10.5,10.3,
,,10.5,10.3,
,1.7,10.5,10.3,
,,10.5,10.3,
,1.7,10.5,10.3,
,,10.5,10.3,
,1.7,10.5,10.3,
,,10.5,10.3,
,1.7,10.5,10.3,
,,10.5,10.3,
,1.7,10.5,10.3,
,,10.5,10.3,
,1.7,10.5,10.3,
,,10.5,10.3,
,1.7,10.4,10.3,
,,10.5,10.3,
,1.7,10.4,10.3,
,,10.4,10.3,
,1.7,10.4,10.3,
,,10.5,10.3,
,1.7,10.4,10.3,
,,10.5,10.3,
,1.7,10.5,10.3,
,,10.4,10.3,
,1.7,10.5,10.3,
,,10.5,10.3,
,1.7,10.5,10.3,
,,10.5,10.3,
,1.7,10.5,10.3,
,,10.5,10.3,
,1.7,10.5,10.3,
,,10.5,10.3,
,1.7,10.5,10.3,
,,10.5,10.3,
,1.7,10.5,10.3,
,,10.5,10.3,
,1.7,10.5,10.3,
,,10.5,10.3,
,1.7,10.5,10.3,
,,10.5,10.3,
,1.7,10.5,10.3,
,,10.5,10.3,
,1.7,10.5,10.3,
,,10.4,10.3,
,1.7,10.5,10.3,
,,10.4,10.3,
,1.7,10.4,10.3,
,,10.4,10.3,
,1.7,10.5,10.3,
,,10.5,10.3,
,1.7,10.4,10.2,
,,10.4,10.2,
,1.7,10.5,10.2,
,,10.4,10.3,
,1.7,10.4,10.3,
,,10.5,10.3,
,1.7,10.4,10.3,
,,10.4,10.3,
,1.7,10.4,10.3,
,,10.4,10.3,
,1.7,10.4,10.3,
,,10.4,10.3,
,1.7,10.4,10.3,
,,10.4,10.3,
,1.7,10.4,10.3,
,,10.4,10.3,
,1.7,10.4,10.3,
,,10.4,10.3,
,1.7,10.4,10.3,
,,10.4,10.3,
,1.7,10.4,10.3,
,,10.4,10.3,
,1.7,10.4,10.3,
,,10.4,10.3,
,1.7,10.4,10.3,
,,10.4,10.3,
,1.7,10.4,10.3,
,,10.4,10.3,
,1.7,10.4,10.3,
,,10.4,10.3,
,1.7,10.4,10.3,
,,10.4,10.3,
, 1.7   .,10.4,10.3,
,,10.4,10.3,
,,10.4,10.3,
,1.7,10.4,10.3,
,,10.4,10.3,
,,10.4,10.3,
,1.7,10.4,10.3,
,,10.4,10.3,
,,10.4,10.3,
,1.7,10.4,10.3,
, ,10.4,10.3,
,,10.4,10.3,
,1.7,10.4,10.3,
,,10.4,10.2,
,,10.4,10.2,
,1.7,10.4,10.2,
,,10.4,10.3,
,,10.4,10.3,
,1.0,10.4,10.3,
,0.7,10.4,10.3,
,,10.4,10.2,
,,10.4,10.2,
,1.7,10.4,10.2,
,,10.4,10.3,
,,10.4,10.3,
,1.7,10.4,10.3,
,,10.4,10.3,
,,10.4,10.3,
,1.7,10.4,10.3,
,,10.4,10.3,
,1.7,10.4,10.2,
,,10.4,10.2,
,,10.4,10.2,
,1.7,10.4,10.2,
,,10.4,10.3,
,1.7,10.4,10.2,
,,10.4,10.3,
,1.7,10.4,10.3,
,,10.4,10.3,
,1.7,10.4,10.3,
,,10.4,10.3,
,1.7,10.4,10.3,
,,10.4,10.3,
,1.7,10.4,10.2,
,,10.4,10.2,
,1.7,10.4,10.2,
,,10.4,10.2,
,1.7,10.4,10.2,
,,10.4,10.3,
,1.7,10.4,10.3,
,,10.4,10.3,
,1.7,10.4,10.3,
,,10.4,10.3,
,1.7,10.4,10.3,
,,10.4,10.3,
,1.7,10.4,10.3,
,,10.4,10.3,
,1.7,10.4,10.3,
,,10.4,10.3,
,1.7,10.4,10.3,
,,10.4,10.2,
,1.7,10.4,10.2,
,,10.4,10.2,
,1.7,10.4,10.3,
,,10.4,10.3,
,1.7,10.4,10.3,
,,10.4,10.3,
,1.7,10.4,10.3,
,,10.4,10.3,
,1.7,10.4,10.3,
,,10.4,10.3,
,1.7,10.4,10.3,
,,10.4,10.3,
,1.7,10.4,10.3,
,,10.4,10.3,
,1.7,10.4,10.3,
,,10.4,10.3,
,1.7,10.4,10.3,
,,10.4,10.3,
,1.7,10.5,10.3,
,,10.4,10.2,
,1.7,10.5,10.2,
,,10.5,10.2,
,1.7,10.4,10.2,
,,10.4,10.3,
,1.7,10.4,10.2,
,,10.4,10.2,
,1.7,10.4,10.2,
,,10.4,10.2,
,1.7,10.4,10.3,
,,10.4,10.2,
,1.7,10.4,10.2,
,,10.4,10.3,
,1.7,10.4,10.3,
,,10.4,10.3,
,1.7,10.4,10.3,
,,10.4,10.3,
,1.7,10.4,10.2,
,,10.4,10.2,
,1.7,10.4,10.2,
,,10.4,10.3,
,1.7,10.4,10.2,
,,10.4,10.2,
,1.7,10.4,10.2,
,,10.4,10.2,
,1.7,10.4,10.2,
,,10.4,10.2,
,1.7,10.4,10.3,
,,10.4,10.2,
,1.7,10.4,10.2,
,,10.4,10.2,
,1.7,10.4,10.2,
,,10.4,10.2,
,1.7,10.4,10.2,
,,10.4,10.2,
,1.7,10.4,10.2,
,,10.4,10.2,
,,10.4,10.2,
,1.7,10.4,10.2,
,,10.4,10.3,
,,10.4,10.2,
,1.7,10.4,10.2,
,,10.4,10.2,
,,10.4,10.2,
,1.7,10.4,10.3,
, ,10.4,10.2,
,,10.4,10.2,
,1.7,10.4,10.2,
,,10.4,10.2,
,,10.4,10.3,
,1.7,10.4,10.2,
, ,10.4,10.2,
,,10.4,10.3,
,1.7,10.4,10.2,
,,10.4,10.2,
,,10.4,10.2,
,1.7,10.4,10.2,
,,10.4,10.3,
,,10.4,10.2,
,1.0,10.4,10.2,
,0.7,10.4,10.2,
,,10.4,10.2,
,,10.4,10.2,
,1.7,10.4,10.2,
,,10.4,10.2,
,,10.4,10.2,
,1.7,10.4,10.2,
,,10.4,10.2,
, ,10.4,10.2,
,1.7,10.4,10.2,
,,10.4,10.2,
,1.7,10.4,10.2,
,,10.4,10.2,
,1.6,10.4,10.2,
,,10.4,10.2,
,1.7,10.4,10.2,
,,10.4,10.2,
,1.7,10.4,10.2,
,,10.4,10.2,
,1.7,10.4,10.2,
,,10.4,10.2,
,1.7,10.4,10.2,
,,10.4,10.2,
,1.8,10.4,10.2,
,,10.4,10.2,
,1.7,10.4,10.2,
,,10.4,10.2,
,1.7,10.4,10.2,
,,10.4,10.2,
,1.7,10.4,10.2,
,,10.4,10.2,
,1.7,10.4,10.2,
,,10.4,10.2,
,1.7,10.4,10.2,
,,10.4,10.2,
,1.7,10.4,10.2,
,,10.4,10.2,
,1.7,10.4,10.2,
,,10.4,10.2,
,1.7,10.4,10.2,
,,10.4,10.2,
,1.7,10.4,10.2,
,,10.4,10.2,
,1.7,10.4,10.2,
,,10.4,10.2,
,1.7,10.4,10.2,
,,10.4,10.2,
,1.7,10.4,10.2,
,,10.4,10.2,
,1.7,10.4,10.2,
,,10.4,10.2,
,1.7,10.4,10.2,
,,10.4,10.2,
,1.7,10.4,10.2,
,,10.4,10.2,
,1.6,10.4,10.2,
,,10.4,10.2,
,1.7,10.4,10.2,
,,10.4,10.2,
,1.7,10.4,10.2,
,,10.4,10.2,
,1.7,10.4,10.2,
,,10.4,10.2,
,1.7,10.4,10.2,
,,10.4,10.2,
,1.7,10.4,10.2,
,,10.4,10.2,
,1.7,10.4,10.2,
,,10.4,10.2,
,1.7,10.4,10.2,
,,10.4,10.2,
,1.7,10.4,10.2,
,,10.4,10.2,
,1.7,10.4,10.2,
,,10.4,10.2,
,1.7,10.4,10.2,
,,10.4,10.2,
,1.7,10.4,10.2,
,,10.4,10.2,
,1.7,10.4,10.2,
,,10.4,10.2,
,1.7,10.4,10.2,
,,10.4,10.2,
,1.7,10.4,10.2,
,,10.4,10.2,
,1.7,10.4,10.2,
,,10.4,10.2,
,1.7,10.4,10.2,
,,10.4,10.2,
,1.7,10.4,10.2,
,,10.4,10.2,
,1.7,10.4,10.2,
,,10.4,10.2,
,1.7,10.4,10.2,
,,10.4,10.2,
,1.7,10.4,10.2,
,,10.4,10.2,
,,10.4,10.2,
,1.7,10.4,10.2,
,,10.4,10.2,
,,10.4,10.2,
,1.7,10.4,10.2,
,,10.4,10.2,
,,10.4,10.2,
,1.7,10.4,10.2,
, ,10.4,10.2,
,,10.4,10.2,
,1.7,10.4,10.2,
,,10.4,10.2,
,,10.4,10.2,
,1.7,10.4,10.2,
,,10.4,10.2,
,,10.4,10.2,
,1.0,10.4,10.2,
,0.7,10.4,10.2,
,,10.4,10.2,
,,10.4,10.2,
,1.7,10.4,10.2,
,,10.4,10.2,
,,10.4,10.2,
,1.7,10.4,10.2,
,,10.4,10.2,
, ,10.4,10.2,
,1.7,10.4,10.2,
,,10.4,10.2,
,,10.4,10.2,
,1.7,10.4,10.2,
,,10.4,10.2,
,1.7,10.4,10.2,
,,10.4,10.2,
,1.7,10.4,10.2,
,,10.4,10.2,
,1.7,10.4,10.2,
,,10.4,10.2,
,1.7,10.4,10.2,
,,10.4,10.2,
,1.7,10.4,10.2,
,,10.4,10.2,
,1.7,10.4,10.2,
,,10.4,10.2,
,1.7,10.4,10.2,
,,10.4,10.2,
,1.7,10.4,10.2,
,,10.4,10.2,
,1.7,10.4,10.2,
,,10.4,10.2,
,1.7,10.4,10.2,
,,10.4,10.2,
,1.7,10.4,10.2,
,,10.4,10.2,
,1.7,10.4,10.2,
,,10.4,10.2,
,1.7,10.4,10.2,
,,10.4,10.2,
,1.7,10.4,10.2,
,,10.4,10.2,
,1.7,10.4,10.2,
,,10.4,10.2,
,1.7,10.4,10.2,
,,10.4,10.2,
,1.7,10.4,10.2,
,,10.4,10.2,
,1.7,10.4,10.2,
,,10.4,10.2,
,1.7,10.4,10.2,
,,10.4,10.2,
,1.7,10.4,10.2,
,,10.4,10.2,
,1.7,10.4,10.2,
,,10.4,10.2,
,1.7,10.4,10.2,
,,10.4,10.2,
,1.7,10.4,10.2,
,,10.4,10.2,
,1.7,10.4,10.2,
,,10.4,10.2,
,1.7,10.4,10.2,
,,10.4,10.2,
,1.7,,10.2,
,,,10.2,
,1.7,,10.2,
,,,10.2,
,1.7,,10.2,
,,,10.2,
,1.7,,10.2,
,,,10.2,
,1.7,,10.2,
,,,10.2,
,1.7,,10.2,
,,,10.2,
,1.7,,10.2,
,,,10.2,
,1.7,,10.2,
,,,10.2,
,1.7,,10.2,
,,,10.2,
,1.7,,10.2,
,,,10.2,
,1.7,,10.2,
,,,10.2,
,1.7,,10.2,
,,,10.2,
,1.7,,10.2,
,,,10.2,
,1.7,,10.2,
,,,10.2,
,1.7,,10.2,
,,,10.2,
,1.7,,10.2,
,,,10.2,
,1.7,,10.2,
,,,10.2,
,,,10.2,
,1.7,,10.2,
,,,10.2,
,,,10.2,
,1.7,,10.2,
,,,10.2,
,,,10.2,
,1.7,,10.2,
,,,10.2,
,,,10.2,
,1.7,,10.2,
,,,10.2,
,,,10.2,
,1.7,,10.2,
, ,,10.2,
,,,10.2,
,1.7,,10.2,
,,,10.2,
,,,10.2,
,1.0,,10.2,
,0.7,,10.2,
,,,10.2,
,1.0,,10.2,
,0.7,,10.2,
,,,10.2,
,,,10.2,
,1.7,,10.2,
,,,10.2,
,,,10.2,
,1.7,,10.2,
,,,10.2,
, ,,10.2,
,1.7,,10.2,
,,,10.2,
,,,10.2,
,1.7,,10.2,
,,,10.2,
,1.7,,10.2,
,,,10.2,
,1.7,,10.2,
,,,10.2,
,1.7,,10.2,
,,,10.2,
,1.7,,10.2,
,,,10.2,
,1.7,,10.2,
,,,10.2,
,1.7,,10.2,
,,,10.2,
,1.7,,10.2,
,,,10.2,
,1.7,,10.2,
,,,10.2,
,1.7,,10.2,
,,,10.2,
,1.7,,10.2,
,,,10.2,
,1.7,,10.2,
,,,10.2,
,1.7,,10.2,
,,,10.2,
,1.7,,10.2,
,,,10.2,
,1.7,,10.2,
,,,10.2,
,1.7,,10.2,
,,,10.2,
,1.7,,10.2,
,,,10.2,
,1.7,,10.2,
,,,10.2,
,1.7,,10.2,
,,,10.2,
,1.7,,10.2,
,,,10.2,
,1.7,,10.2,
,,,10.2,
,1.7,,10.2,
,,,10.2,
,1.7,,10.2,
,,,10.2,
,1.7,,10.2,
,,,10.2,
,1.7,,10.2,
,,,10.2,
,1.7,,10.2,
,,,10.2,
,1.7,,10.2,
,,,10.2,
,1.7,,10.2,
,,,10.2,
,1.7,,10.2,
,,,10.2,
,1.7,,10.2,
,,,10.2,
,1.7,,10.2,
,,,10.2,
,1.7,,10.2,
,,,10.2,
,1.7,,10.2,
,,,10.2,
,1.7,,10.2,
,,,10.2,
,1.7,,10.2,
,,,10.2,
,1.7,,10.2,
,,,10.2,
,1.7,,10.2,
,,,10.2,
,1.7,,10.2,
,,,10.2,
,1.7,,10.2,
,,,10.2,
,1.7,,10.2,
,,,10.2,
,1.7,,10.2,
,,,10.2,
,1.7,,10.2,
,,,10.2,
,1.7,,10.2,
,,,10.2,
,,,10.2,
,1.7,,10.2,
,,,10.2,
,,,10.2,
,1.7,,10.2,
,,,10.2,
,,,10.2,
,1.7,,10.2,
, ,,10.2,
,,,10.2,
,1.7,,10.2,
,,,10.2,
,,,10.2,
,1.7,,10.2,
,,,10.2,
,,,10.2,
,1.0,,10.2,
,7.0,,10.2,
,,,10.2,
,1.0,,10.2,
,0.7,,10.2,
,,,10.2,
,,,10.2,
,1.7,,10.2,
,,,10.2,
, ,,10.2,
,1.7,,10.2,
,,,10.2,
,,,10.2,
,1.7,,10.2,
,,,10.2,
,1.7,,10.2,
,,,10.2,
,1.7,,10.2,
,,,10.2,
,1.7,,10.2,
,,,10.2,
,1.7,,10.2,
,,,10.2,
,1.7,,10.2,
,,,10.2,
,1.7,,10.2,
,,,10.2,
,1.7,,10.2,
,,,10.2,
,1.7,,10.2,
,,,10.2,
,1.7,,10.2,
,,,10.2,
,1.6,,10.2,
,,,10.2,
,1.6,,10.2,
,,,10.2,
,1.6,,10.2,
,,,10.2,
,1.6,,10.2,
,,,10.2,
,1.6,,10.2,
,,,10.2,
,1.6,,10.2,
,,,10.2,
,1.6,,10.2,
,,,10.2,
,1.6,,10.2,
,,,10.2,
,1.6,,10.2,
,,,10.2,
,1.6,,10.2,
,,,10.2,
,1.7,,10.2,
,,,10.2,
,1.7,,10.2,
,,,10.2,
,1.7,,10.2,
,,,10.2,
,1.7,,10.2,
,,,10.2,
,1.7,,10.2,
,,,10.2,
,1.7,,10.2,
,,,10.2,
,1.7,,10.2,
,,,10.2,
,1.7,,10.2,
,,,10.2,
,1.7,,10.2,
,,,10.2,
,1.7,,10.2,
,,,10.2,
,1.7,,10.2,
,,,10.2,
,1.7,,10.2,
,,,10.2,
,1.7,,10.2,
,,,10.2,
,1.7,,10.2,
,,,10.2,
,1.7,,10.2,
,,,10.2,
,1.7,,10.2,
,,,10.2,
,1.7,,10.2,
,,,10.2,
,1.7,,10.2,
,,,10.2,
,1.7,,10.2,
,,,10.2,
,1.7,,10.2,
,,,10.2,
,1.7,,10.2,
,,,10.2,
,1.7,,10.2,
,,,10.2,
,1.7,,10.2,
,,,10.2,
,,,10.2,
, 1.7   .,,10.2,
,,,10.2,
,,,10.2,
,1.7,,10.2,
,,,10.2,
,,,10.2,
,1.7,,10.2,
, ,,10.2,
,,,10.2,
,1.7,,10.2,
,,,10.2,
,,,10.2,
,1.7,,10.2,
,,,10.2,
,,,10.2,
,1.7,,10.2,
,,,10.2,
,,,10.2,
,1.7,,10.2,
,,,10.2,
,,,10.2,
,1.0,,10.2,
,7.0,,10.2,
,,,10.2,
,1.0,,10.2,
,0.7,,10.2,
,,,10.2,
,,,10.2,
,1.7,,10.2,
,,,10.2,
, ,,10.2,
,1.7,,10.2,
,,,10.2,
,,,10.2,
,1.7,,10.2,
,,,10.2,
,1.7,,10.2,
,,,10.2,
,1.7,,10.2,
,,,10.2,
,1.7,,10.2,
,,,10.2,
,1.7,,10.2,
,,,10.2,
,1.7,,10.2,
,,,10.2,
,1.7,,10.2,
,,,10.2,
,1.7,,10.2,
,,,10.2,
,1.7,,10.2,
,,,10.2,
,1.7,,10.2,
,,,10.2,
,1.7,,10.2,
,,,10.2,
,1.7,,10.2,
,,,10.2,
,1.7,,10.2,
,,,10.2,
,1.7,,10.2,
,,,10.2,
,1.7,,10.2,
,,,10.2,
,1.7,,10.2,
,,,10.2,
,1.7,,10.2,
,,,10.2,
,1.7,,10.2,
,,,10.2,
,1.7,,10.2,
,,,10.2,
,1.7,,10.2,
,,,10.2,
,1.7,,10.2,
,,,10.2,
,1.7,,10.2,
,,,10.2,
,1.7,,10.2,
,,,10.2,
,1.7,,10.2,
,,,10.2,
,1.7,,10.2,
,,,10.2,
,1.7,,10.2,
,,,10.2,
,1.7,,10.2,
,,,10.2,
,1.7,,10.2,
,,,10.2,
,1.7,,10.2,
,,,10.2,
,1.7,,10.2,
,,,10.2,
,1.7,,10.2,
,,,10.2,
,1.7,,10.2,
,,,10.2,
,1.7,,10.2,
,,,10.2,
,1.7,,10.2,
,,,10.2,
,1.7,,10.2,
,,,10.2,
,1.7,,10.2,
,,,10.2,
,1.7,,10.2,
,,,10.1,
,1.7,,10.1,
,,,10.1,
,1.7,,10.1,
,,,10.1,
,1.7,,10.1,
,,,10.1,
,1.7,,10.1,
,,,10.1,
,,,10.1,
,1.7,,10.1,
,,,10.1,
,1.7,,10.1,
,,,10.1,
,,,10.1,
, 1.7   .,,10.1,
,,,10.1,
,,,10.1,
,1.6,,10.1,
,,,9.8,
,,,9.8,
,1.7,,9.8,
, ,,9.8,
,,,9.8,
,1.7,,9.8,
,,,9.8,
,,,9.8,
,1.7,,9.8,
,,,9.8,
,,,9.6,
,1.0,,9.6,
,7.0,,9.6,
,,,9.5,
,1.0,,9.5,
,0.7,,9.5,
,,,9.6,
,,,9.6,
,1.6,,9.6,
,,,9.6,
, ,,9.5,
,1.7,,9.5,
,,,9.5,
,,,9.5,
,1.7,,9.5,
,,,9.5,
, ,,9.5,
,1.7,,9.5,
,,,9.6,
,,,9.5,
,1.7,,9.6,
,,,9.6,
,1.6,,9.5,
,,,9.5,
,1.6,,9.5,
,,,9.5,
,1.6,,9.5,
,,,9.5,
,1.6,,9.5,
,,,9.5,
,1.6,,9.5,
,,,9.5,
,1.6,,9.5,
,,,9.5,
,1.6,,9.5,
,,,9.5,
,1.6,,9.5,
,,,9.5,
,1.6,,9.5,
,,,9.5,
,1.6,,9.5,
,,,9.5,
,1.6,,9.5,
,,,9.5,
,1.6,,9.5,
,,,9.5,
,1.6,,9.5,
,,,9.5,
,1.6,,9.5,
,,,9.5,
,1.6,,9.5,
,,,9.5,
,1.6,,9.5,
,,,9.5,
,1.6,,9.5,
,,,9.5,
,1.6,,9.5,
,,,9.5,
,1.6,,9.5,
,,,9.5,
,1.6,,9.5,
,,,9.5,
,,,9.5,
, 1.6   .,,9.5,
,,,9.5,
,,,9.5,
,1.6,,9.5,
,,,9.5,
,,,9.5,
, 1.6   .,,9.5,
,,,9.5,
,,,9.5,
,1.6,,9.5,
, ,,9.5,
,,,9.5,
,1.6,,9.5,
,,,9.5,
,,,9.5,
,1.6,,9.5,
, ,,9.5,
,,,9.5,
,1.6,,9.5,
,,,9.5,
,,,9.5,
,1.0,,9.5,
,6.0,,9.5,
,,,9.5,
,1.0,,9.5,
,0.6,,9.5,
,,,9.5,
,,,9.5,
,1.6,,9.5,
,,,9.5,
, ,,9.5,
,1.6,,9.5,
,,,9.5,
,,,9.5,
,1.6,,9.5,
,,,9.5,
,1.6,,9.5,
,,,9.5,
,1.6,,9.5,
,,,9.5,
,1.6,,9.5,
,,,9.5,
,1.6,,9.5,
,,,9.5,
,1.6,,9.5,
,,,9.5,
,1.6,,9.5,
,,,9.5,
,1.6,,9.5,
,,,9.5,
,1.6,,9.5,
,,,9.5,
,1.6,,9.5,
,,,9.5,
,1.6,,9.5,
,,,9.5,
,1.6,,9.5,
,,,9.5,
,1.6,,9.5,
,,,9.5,
,1.6,,9.5,
,,,9.5,
,1.6,,9.5,
,,,9.5,
,1.6,,9.5,
,,,9.5,
,1.6,,9.5,
,,,9.5,
,1.6,,9.5,
,,,9.5,
,1.6,,9.5,
,,,9.5,
,1.6,,9.5,
,,,9.5,
,1.6,,9.5,
,,,9.5,
,1.6,,9.5,
,,,9.5,
,1.6,,9.5,
,,,9.4,
,1.6,,9.5,
,,,9.5,
,1.6,,9.5,
,,,9.5,
,1.6,,9.5,
,,,9.5,
,1.6,,9.5,
,,,9.5,
,1.6,,9.5,
,,,9.5,
,1.6,,9.5,
,,,9.5,
,1.6,,9.5,
,,,9.5,
,1.6,,9.5,
,,,9.5,
,1.6,,9.5,
,,,9.5,
,1.6,,9.5,
,,,9.5,
,1.6,,9.5,
,,,9.5,
,1.6,,9.5,
,,,9.5,
,1.6,,9.5,
,,,9.5,
,1.6,,9.5,
,,,9.5,
,1.6,,9.5,
,,,9.5,
,1.6,,9.5,
,,,9.5,
,1.6,,9.5,
,,,9.5,
,1.6,,9.5,
,,,9.5,
,1.6,,9.5,
,,,9.5,
,1.6,,9.5,
,,,9.5,
,,,9.5,
, 1.6   .,,9.5,
,,,9.5,
,,,9.5,
,1.6,,9.5,
,,,9.5,
,,,9.5,
,1.6,,9.5,
,,,9.5,
,,,9.5,
,1.6,,9.5,
, ,,9.5,
,,,9.5,
,1.6,,9.5,
,,,9.5,
,,,9.5,
,1.6,,9.5,
,,,9.5,
,,,9.5,
,1.0,,9.5,
,0.6,,9.5,
,,,9.5,
,,,9.5,
,1.6,,9.5,
,,,9.5,
, ,,9.5,
,1.6,,9.5,
,,,9.5,
,,,9.5,
,1.6,,9.5,
,,,9.5,
,1.6,,9.5,
,,,9.5,
,1.6,,9.5,
,,,9.5,
,1.6,,9.5,
,,,9.5,
,1.6,,9.5,
,,,9.5,
,1.6,,9.5,
,,,9.5,
,1.6,,9.5,
,,,9.5,
,1.6,,9.5,
,,,9.5,
,1.6,,9.5,
,,,9.5,
,1.6,,9.5,
,,,9.5,
,1.6,,9.5,
,,,9.5,
,1.6,,9.5,
,,,9.5,
,1.6,,9.5,
,,,9.5,
,1.6,,9.5,
,,,9.5,
,1.6,,9.5,
,,,9.5,
,1.6,,9.5,
,,,9.5,
,1.6,,9.5,
,,,9.5,
,1.6,,9.5,
,,,9.5,
,1.6,,9.4,
,,,9.5,
,1.6,,9.5,
,,,9.5,
,1.6,,9.5,
,,,9.5,
,1.6,,9.5,
,,,9.5,
,1.6,,9.5,
,,,9.5,
,1.6,,9.5,
,,,9.5,
,1.6,,9.5,
,,,9.5,
,1.6,,9.5,
,,,9.4,
,1.6,,9.5,
,,,9.5,
,1.6,,9.5,
,,,9.4,
,1.6,,9.4,
,,,9.5,
,1.6,,9.5,
,,,9.5,
,1.6,,9.5,
,,,9.5,
,1.6,,9.4,
,,,9.5,
,1.6,,9.4,
,,,9.4,
,1.6,,9.4,
,,,9.4,
,1.6,,9.4,
,,,9.4,
,1.6,,9.4,
,,,9.4,
,1.6,,9.4,
,,,9.4,
,1.6,,9.4,
,,,9.4,
,1.6,,9.4,
,,,9.4,
,1.6,,9.4,
,,,9.5,
,1.6,,9.5,
,,,9.4,
,1.6,,9.5,
,,,9.5,
,1.6,,9.5,
,,,9.4,
,1.6,,9.4,
,,,9.4,
,,,9.4,
,1.6,,9.4,
,,,9.4,
,,,9.4,
,1.6,,9.4,
,,,9.4,
,,,9.4,
,1.6,,9.4,
, ,,9.4,
,,,9.4,
,1.6,,9.4,
,,,9.4,
,,,9.4,
,1.6,,9.4,
, ,,9.4,
,,,9.4,
,1.6,,9.5,
,,,9.5,
,,,9.4,
,1.6,,9.4,
,,,9.4,
,,,9.4,
,1.0,,9.5,
,0.6,,9.5,
,,,9.5,
,,,9.4,
,1.6,,9.5,
,,,9.5,
,,,9.4,
,1.6,,9.4,
,,,9.4,
,,,9.4,
,1.6,,9.4,
,,,9.4,
,1.6,,9.4,
,,,9.4,
,1.6,,9.4,
,,,9.4,
,1.6,,9.4,
,,,9.4,
,1.6,,9.4,
,,,9.4,
,1.6,,9.4,
,,,9.4,
,1.6,,9.4,
,,,9.4,
,1.6,,9.4,
,,,9.4,
,1.6,,9.4,
,,,9.4,
,1.5,,9.4,
,,,9.4,
,1.5,,9.4,
,,,9.4,
,1.5,,9.4,
,,,9.4,
,1.5,,9.4,
,,,9.4,
,1.5,,9.4,
,,,9.4,
,1.6,,9.4,
,,,9.4,
,1.6,,9.4,
,,,9.4,
,1.6,,9.4,
,,,9.4,
,1.6,,9.4,
,,,9.4,
,1.6,,9.4,
,,,9.4,
,1.6,,9.4,
,,,9.4,
,1.6,,9.4,
,,,9.4,
,1.6,,9.4,
,,,9.4,
,1.6,,9.4,
,,,9.4,
,1.6,,9.4,
,,,9.4,
,1.6,,9.4,
,,,9.4,
,1.6,,9.4,
,,,9.4,
,1.6,,9.4,
,,,9.4,
,1.6,,9.4,
,,,9.4,
,1.6,,9.4,
,,,9.4,
,1.5,,9.4,
,,,9.4,
,1.6,,9.4,
,,,9.4,
,1.6,,9.4,
,,,9.4,
,1.6,,9.4,
,,,9.4,
,1.6,,9.4,
,,,9.4,
,1.6,,9.4,
,,,9.4,
,1.5,,9.4,
,,,9.4,
,1.6,,9.4,
,,,9.4,
,1.5,,9.4,
,,,9.4,
,1.5,,9.4,
,,,9.4,
,1.6,,9.4,
,,,9.5,
,1.5,,9.5,
,,,9.5,
,1.5,,9.5,
,,,9.5,
,1.5,,9.5,
,,,9.5,
,1.6,,9.5,
,,,9.4,
,,,9.4,
,1.5,,9.4,
,,,9.4,
,,,9.4,
,1.5,,9.4,
,,,9.4,
,,,9.4,
,1.5,,9.5,
, ,,9.4,
,,,9.4,
,1.5,,9.4,
,,,9.4,
,,,9.4,
,1.5,,9.4,
,,,9.4,
,,,9.4,
,1.0,,9.5,
,0.5,,9.5,
,,,9.4,
,,,9.4,
,1.5,,9.5,
,,,9.4,
,,,9.4,
,1.5,,9.4,
,,,9.4,
, ,,9.4,
,1.5,,9.4,
,,,9.4,
,,,9.4,
,1.5,,9.4,
,,,9.4,
,1.5,,9.4,
,,,9.4,
,1.5,,9.5,
,,,9.5,
,1.5,,9.4,
,,,9.5,
,1.5,,9.4,
,,,9.4,
,1.6,,9.4,
,,,9.4,
,1.6,,9.4,
,,,9.4,
,1.6,,9.4,
,,,9.4,
,1.6,,9.4,
,,,9.4,
,1.6,,9.4,
,,,9.4,
,1.6,,9.4,
,,,9.4,
,1.6,,9.4,
,,,9.4,
,1.6,,9.4,
,,,9.4,
,1.6,,9.4,
,,,9.4,
,1.5,,9.4,
,,,9.4,
,1.5,,9.4,
,,,9.4,
,1.6,,9.4,
,,,9.4,
,1.6,,9.4,
,,,9.4,
,1.5,,9.4,
,,,9.4,
,1.5,,9.4,
,,,9.4,
,1.5,,9.4,
,,,9.4,
,1.5,,9.4,
,,,9.4,
,1.5,,9.4,
,,,9.4,
,1.5,,9.4,
,,,9.4,
,1.5,,9.4,
,,,9.4,
,1.5,,9.4,
,,,9.4,
,1.5,,9.4,
,,,9.4,
,1.5,,9.4,
,,,9.4,
,1.5,,9.4,
,,,9.4,
,1.5,,9.4,
,,,9.4,
,1.5,,9.4,
,,,9.4,
,1.6,,9.4,
,,,9.4,
,1.5,,9.4,
,,,9.4,
,1.6,,9.4,
,,,9.4,
,1.6,,9.4,
,,,9.4,
,1.6,,9.4,
,,,9.4,
,1.6,,9.4,
,,,9.4,
,1.6,,9.4,
,,,9.4,
,1.6,,9.4,
,,,9.4,
,1.6,,9.4,
,,,9.4,
,1.6,,9.4,
,,,9.4,
,1.6,,9.4,
,,,9.4,
,1.6,,9.4,
,,,9.4,
,,,9.4,
,1.6,,9.4,
,,,9.4,
,,,9.4,
,1.6,,9.4,
,,,9.4,
,,,9.4,
,1.6,,9.4,
, ,,9.4,
,,,9.4,
,1.6,,9.4,
,,,9.4,
,,,9.4,
,1.6,,9.4,
,,,9.4,
,,,9.4,
,1.5,,9.4,
,,,9.4,
,,,9.4,
,1.6,,9.4,
,,,9.4,
,,,9.4,
,1.0,,9.4,
,0.5,,9.4,
,,,9.4,
, ,,9.4,
,1.5,,9.4,
,,,9.4,
,,,9.4,
,1.5,,9.4,
,,,9.4,
, ,,9.4,
,1.5,,9.4,
,,,9.4,
,,,9.4,
,1.5,,9.4,
,,,9.4,
,1.5,,9.4,
,,,9.4,
,1.6,,9.4,
,,,9.4,
,1.5,,9.4,
,,,9.4,
,1.5,,9.4,
,,,9.4,
,1.5,,9.4,
,,,9.4,
,1.5,,9.4,
,,,9.4,
,1.5,,9.4,
,,,9.4,
,1.5,,9.4,
,,,9.4,
,1.5,,9.4,
,,,9.4,
,1.5,,9.4,
,,,9.4,
,1.5,,9.4,
,,,9.4,
,1.5,,9.4,
,,,9.4,
,1.5,,9.4,
,,,9.4,
,1.5,,9.4,
,,,9.4,
,1.5,,9.4,
,,,9.4,
,1.5,,9.4,
,,,9.4,
,1.5,,9.4,
,,,9.4,
,1.5,,9.4,
,,,9.4,
,1.5,,9.4,
,,,9.4,
,1.5,,9.4,
,,,9.4,
,1.5,,9.4,
,,,9.4,
,1.5,,9.4,
,,,9.4,
,1.5,,9.4,
,,,9.4,
,1.5,,9.4,
,,,9.4,
,1.6,,9.4,
,,,9.4,
,1.5,,9.4,
,,,9.4,
,1.5,,9.4,
,,,9.4,
,1.5,,9.4,
,,,9.4,
,1.5,,9.4,
,,,9.4,
,1.5,,9.4,
,,,9.4,
,1.5,,9.4,
,,,9.4,
,1.5,,9.4,
,,,9.4,
,1.5,,9.4,
,,,9.4,
,1.5,,9.4,
,,,9.4,
,1.5,,9.4,
,,,9.4,
,1.5,,9.4,
,,,9.4,
,1.5,,9.4,
,,,9.4,
,1.6,,9.4,
,,,9.4,
,1.5,,9.4,
,,,9.4,
,1.6,,9.4,
,,,9.4,
,1.5,,9.4,
,,,9.4,
,1.5,,9.4,
,,,9.4,
,,,9.4,
,1.5,,9.4,
,,,9.4,
,,,9.4,
,1.5,,9.4,
,,,9.4,
,,,9.4,
,1.5,,9.4,
, ,,9.4,
,,,9.4,
,1.5,,9.4,
,,,9.4,
,,,9.4,
,1.5,,9.4,
,,,9.4,
,,,9.4,
,1.0,,9.4,
,5.0,,9.4,
,,,9.4,
,1.0,,9.4,
,0.6,,9.4,
,,,9.4,
,,,9.4,
,1.5,,9.4,
,,,9.4,
, ,,9.4,
,1.6,,9.4,
,,,9.4,
,,,9.4,
,1.5,,9.4,
,,,9.4,
,1.5,,9.4,
,,,9.4,
,1.5,,9.4,
,,,9.4,
,1.5,,9.4,
,,,9.4,
,1.5,,9.4,
,,,9.4,
,1.5,,9.4,
,,,9.4,
,1.5,,9.4,
,,,9.4,
,1.5,,9.4,
,,,9.4,
,1.5,,9.4,
,,,9.4,
,1.5,,9.4,
,,,9.4,
,1.5,,9.4,
,,,9.4,
,1.5,,9.4,
,,,9.4,
,1.5,,9.4,
,,,9.4,
,1.5,,9.4,
,,,9.4,
,1.5,,9.4,
,,,9.4,
,1.5,,9.4,
,,,9.4,
,1.5,,9.4,
,,,9.4,
,1.5,,9.4,
,,,9.4,
,1.6,,9.4,
,,,9.4,
,1.5,,9.4,
,,,9.4,
,1.5,,9.4,
,,,9.4,
,1.5,,9.4,
,,,9.4,
,1.5,,9.4,
,,,9.4,
,1.5,,9.4,
,,,9.4,
,1.5,,9.4,
,,,9.4,
,1.6,,9.4,
,,,9.4,
,1.5,,9.4,
,,,9.4,
,1.5,,9.4,
,,,9.4,
,1.5,,9.4,
,,,9.4,
,1.5,,9.4,
,,,9.4,
,1.5,,9.4,
,,,9.4,
,1.5,,9.4,
,,,,
,1.5,,,
,,,,
,1.5,,,
,,,,
,1.5,,,
,,,,
,1.5,,,
,,,,
,1.5,,,
,,,,
,1.5,,,
,,,,
,1.5,,,
,,,,
,1.5,,,
,,,,
,1.5,,,
,,,,
,1.5,,,
,,,,
,1.5,,,
,,,,
,,,,
, 1.5   .,,,
,,,,
,,,,
,1.5,,,
,,,,
,,,,
,1.5,,,
, ,,,
,,,,
,1.5,,,
,,,,
,,,,
,1.5,,,
,,,,
,,,,
,1.0,,,
,5.0,,,
,,,,
,1.0,,,
,0.5,,,
,,,,
,1.0,,,
,5.0,,,
,,,,
, ,,,
,1.5,,,
,,,,
,,,,
,1.5,,,
,,,,
, ,,,
,1.5,,,
,,,,
,,,,
,1.5,,,
,,,,
,1.5,,,
,,,,
,1.5,,,
,,,,
,1.5,,,
,,,,
,1.5,,,
,,,,
,1.5,,,
,,,,
,1.5,,,
,,,,
,1.5,,,
,,,,
,1.5,,,
,,,,
,1.5,,,
,,,,
,1.5,,,
,,,,
,1.5,,,
,,,,
,1.5,,,
,,,,
,1.5,,,
,,,,
,1.5,,,
,,,,
,1.5,,,
,,,,
,1.5,,,
,,,,
,1.5,,,
,,,,
,1.5,,,
,,,,
,1.5,,,
,,,,
,1.5,,,
,,,,
,1.5,,,
,,,,
,1.5,,,
,,,,
,1.5,,,
,,,,
,1.5,,,
,,,,
,1.5,,,
,,,,
,1.5,,,
,,,,
,1.5,,,
,,,,
,1.5,,,
,,,,
,1.5,,,
,,,,
,1.5,,,
,,,,
,1.5,,,
,,,,
,1.5,,,
,,,,
,1.5,,,
,,,,
,1.5,,,
,,,,
,1.5,,,
,,,,
,1.5,,,
,,,,
,1.5,,,
,,,,
,1.5,,,
,,,,
,1.5,,,
,,,,
,1.5,,,
,,,,
,,,,
, 1.5   .,,,
,,,,
,,,,
,1.5,,,
,,,,
,,,,
, 1.5   .,,,
,,,,
,,,,
,1.5,,,
,,,,
,,,,
,1.5,,,
,,,,
,,,,
,1.5,,,
, ,,,
,,,,
,1.5,,,
,,,,
,,,,
,1.0,,,
,5.0,,,
,,,,
,1.0,,,
,0.5,,,
,,,,
,,,,
,1.5,,,
,,,,
, ,,,
,1.5,,,
,,,,
,,,,
,1.5,,,
,,,,
,1.5,,,
,,,,
,1.5,,,
,,,,
,1.5,,,
,,,,
,1.5,,,
,,,,
,1.5,,,
,,,,
,1.5,,,
,,,,
,1.5,,,
,,,,
,1.5,,,
,,,,
,1.5,,,
,,,,
,1.5,,,
,,,,
,1.5,,,
,,,,
,1.5,,,
,,,,
,1.5,,,
,,,,
,1.5,,,
,,,,
,1.5,,,
,,,,
,1.5,,,
,,,,
,1.5,,,
,,,,
,1.5,,,
,,,,
,1.5,,,
,,,,
,1.5,,,
,,,,
,1.5,,,
,,,,
,1.5,,,
,,,,
,1.5,,,
,,,,
,1.5,,,
,,,,
,1.5,,,
,,,,
,1.5,,,
,,,,
,1.5,,,
,,,,
,1.5,,,
,,,,
,1.5,,,
,,,,
,1.5,,,
,,,,
,1.5,,,
,,,,
,1.5,,,
,,,,
,1.5,,,
,,,,
,1.5,,,
,,,,
,1.5,,,
,,,,
,1.5,,,
,,,,
,1.5,,,
,,,,
,1.5,,,
,,,,
,1.5,,,
,,,,
,1.5,,,
,,,,
,1.5,,,
,,,,
,1.5,,,
,,,,
, 1.5   .,,,
,,,,
,,,,
,1.5,,,
,,,,
,,,,
,1.5,,,
,,,,
,,,,
,1.5,,,
, ,,,
,,,,
,1.5,,,
,,,,
,,,,
,1.5,,,
,,,,
,,,,
,1.0,,,
,0.5,,,
,,,,
,,,,
,1.5,,,
,,,,
,1.0,,,
,0.5,,,
,,,,
,,,,
,1.5,,,
,,,,
, ,,,
,1.5,,,
,,,,
,,,,
,1.5,,,
,,,,
,1.5,,,
,,,,
,1.2,,,
,,,,
,,,,
,1.2,,,
,,,,
,,,,
,1.2,,,
, ,,,
,,,,
,1.2,,,
,,,,
,,,,
,1.2,,,
,,,,
,,,,
,1.0,,,
,0.2,,,
,,,,
,,,,
,1.2,,,
,,,,
,,,,
,1.2,,,
,,,,
, ,,,
,1.2,,,
,,,,
,1.2,,,
,,,,
,1.0,,,
,,,,
,1.0,,,
,,,,
,1.0,,,
,,,,
,1.0,,,
,,,,
,1.0,,,
,,,,
,1.0,,,
,,,,
,1.0,,,
,,,,
,1.0,,,
,,,,
,1.0,,,
,,,,
,1.0,,,
,,,,
,,,,
,9.8,,,
,,,,
, ,,,
,9.8,,,
,,,,
,,,,
,9.8,,,
,,,,
,9.8,,,
,,,,
,9.8,,,
,,,,
,9.8,,,
,,,,
,9.8,,,
,,,,
,9.8,,,
,,,,
,9.8,,,
,,,,
,9.8,,,
,,,,
,9.8,,,
,,,,
,9.8,,,
,,,,
,9.8,,,
,,,,
,9.8,,,
,,,,
,9.8,,,
,,,,
,9.8,,,
,,,,
, ,,,
,9.7,,,
,,,,
,9.7,,,
,,,,
,9.7,,,
,,,,
,9.7,,,
,,,,
,9.7,,,
,,,,
,9.7,,,
,,,,
,9.7,,,
,,,,
,9.7,,,
,,,,
,9.7,,,
,,,,
,9.7,,,
,,,,
,9.7,,,
,,,,
,9.7,,,
,,,,
,9.7,,,
,,,,
,9.7,,,
,,,,
,9.5,,,
,,,,
,9.5,,,
,,,,
,9.6,,,
,,,,
,9.6,,,
,,,,
,,,,
,9.6,,,
,,,,
,,,,
,9.6,,,
,,,,
,,,,
,9.7,,,
, ,,,
,,,,
,9.6,,,
,,,,
,,,,
,9.6,,,
, ,,,
,,,,
,9.6,,,
,,,,
,,,,
,9.6,,,
,,,,
,,,,
,9.0,,,
,0.6,,,
,,,,
,,,,
,9.6,,,
,,,,
, ,,,
,9.6,,,
,,,,
,,,,
,9.6,,,
,,,,
,9.6,,,
,,,,
,9.6,,,
,,,,
,9.6,,,
,,,,
,9.6,,,
,,,,
,9.6,,,
,,,,
,9.6,,,
,,,,
,9.6,,,
,,,,
,9.6,,,
,,,,
,9.6,,,
,,,,
,9.6,,,
,,,,
,9.6,,,
,,,,
,9.6,,,
,,,,
,9.6,,,
,,,,
,9.6,,,
,,,,
,9.6,,,
,,,,
,9.6,,,
,,,,
,9.6,,,
,,,,
,9.6,,,
,,,,
,9.6,,,
,,,,
,9.6,,,
,,,,
,9.6,,,
,,,,
,9.6,,,
,,,,
,9.6,,,
,,,,
,9.6,,,
,,,,
,9.6,,,
,,,,
,9.6,,,
,,,,
,9.7,,,
,,,,
,9.6,,,
,,,,
,9.6,,,
,,,,
,9.6,,,
,,,,
,9.6,,,
,,,,
,9.6,,,
,,,,
,9.6,,,
,,,,
,9.6,,,
,,,,
,9.6,,,
,,,,
,9.6,,,
,,,,
,9.6,,,
,,,,
,9.6,,,
,,,,
,9.6,,,
,,,,
,9.6,,,
,,,,
,9.6,,,
,,,,
,9.6,,,
,,,,
,9.6,,,
,,,,
,9.6,,,
,,,,
,,,,
,9.6,,,
,,,,
,,,,
,9.6,,,
,,,,
,,,,
,9.6,,,
, ,,,
,,,,
,9.6,,,
,,,,
,,,,
,9.6,,,
,,,,
,,,,
,9.0,,,
,6.0,,,
,,,,
,,,,
,9.6,,,
,,,,
,,,,
,9.6,,,
,,,,
, ,,,
,9.6,,,
,,,,
,,,,
,9.6,,,
,,,,
, ,,,
,9.6,,,
,,,,
,,,,
,9.6,,,
,,,,
,9.6,,,
,,,,
,9.6,,,
,,,,
,9.6,,,
,,,,
,9.6,,,
,,,,
,9.6,,,
,,,,
,9.6,,,
,,,,
,9.6,,,
,,,,
,9.6,,,
,,,,
,9.6,,,
,,,,
,9.6,,,
,,,,
,9.6,,,
,,,,
,9.6,,,
,,,,
,9.6,,,
,,,,
,9.6,,,
,,,,
,9.6,,,
,,,,
,9.6,,,
,,,,
,9.6,,,
,,,,
,9.6,,,
,,,,
,9.6,,,
,,,,
,9.6,,,
,,,,
,9.6,,,
,,,,
,9.6,,,
,,,,
,9.6,,,
,,,,
,9.6,,,
,,,,
,9.6,,,
,,,,
,9.6,,,
,,,,
,9.6,,,
,,,,
,9.6,,,
,,,,
,9.6,,,
,,,,
,9.6,,,
,,,,
,9.6,,,
,,,,
,9.6,,,
,,,,
,9.6,,,
,,,,
,9.6,,,
,,,,
,9.6,,,
,,,,
,9.6,,,
,,,,
,9.6,,,
,,,,
,9.6,,,
,,,,
,9.6,,,
,,,,
,9.6,,,
,,,,
,9.6,,,
,,,,
,,,,
, 9.6   .,,,
,,,,
,,,,
,9.6,,,
,,,,
,,,,
, 9.6   .,,,
,,,,
,,,,
,9.6,,,
,,,,
,,,,
,9.6,,,
,,,,
,,,,
,9.6,,,
, ,,,
,,,,
,9.6,,,
,,,,
,,,,
,9.0,,,
,6.0,,,
,,,,
,,,,
,9.6,,,
,,,,
,,,,
,9.6,,,
,,,,
, ,,,
,9.6,,,
,,,,
,,,,
,9.6,,,
,,,,
,9.6,,,
,,,,
,9.6,,,
,,,,
,9.6,,,
,,,,
,9.6,,,
,,,,
,9.6,,,
,,,,
,9.6,,,
,,,,
,9.6,,,
,,,,
,9.6,,,
,,,,
,9.6,,,
,,,,
,9.6,,,
,,,,
,9.6,,,
,,,,
,9.6,,,
,,,,
,9.6,,,
,,,,
,9.6,,,
,,,,
,9.6,,,
,,,,
,9.6,,,
,,,,
,9.6,,,
,,,,
,9.6,,,
,,,,
,9.6,,,
,,,,
,9.6,,,
,,,,
,9.6,,,
,,,,
,9.6,,,
,,,,
,9.6,,,
,,,,
,9.6,,,
,,,,
,9.6,,,
,,,,
,9.6,,,
,,,,
,9.6,,,
,,,,
,9.6,,,
,,,,
,9.6,,,
,,,,
,9.6,,,
,,,,
,9.6,,,
,,,,
,9.6,,,
,,,,
,9.6,,,
,,,,
,9.6,,,
,,,,
,9.6,,,
,,,,
,9.6,,,
,,,,
,9.6,,,
,,,,
,9.6,,,
,,,,
,9.6,,,
,,,,
,9.6,,,
,,,,
,9.6,,,
,,,,
,9.6,,,
,,,,
,9.6,,,
,,,,
, 9.6   .,,,
,,,,
,,,,
,9.6,,,
,,,,
,,,,
,9.6,,,
,,,,
,,,,
,9.6,,,
, ,,,
,,,,
,9.6,,,
,,,,
,,,,
,9.6,,,
,,,,
,,,,
,9.0,,,
,0.6,,,
,,,,
,,,,
,9.6,,,
,,,,
, ,,,
,9.6,,,
,,,,
,,,,
,9.6,,,
,,,,
,9.6,,,
,,,,
,,,,
,9.6,,,
,,,,
,9.6,,,
,,,,
,9.6,,,
,,,,
,9.6,,,
,,,,
,9.6,,,
,,,,
,9.6,,,
,,,,
,9.6,,,
,,,,
,9.6,,,
,,,,
,9.6,,,
,,,,
,9.6,,,
,,,,
,9.6,,,
,,,,
,9.6,,,
,,,,
,9.6,,,
,,,,
,9.6,,,
,,,,
,9.6,,,
,,,,
,9.6,,,
,,,,
,9.6,,,
,,,,
,9.6,,,
,,,,
,9.6,,,
,,,,
,9.6,,,
,,,,
,9.6,,,
,,,,
,9.6,,,
,,,,
,9.6,,,
,,,,
,9.6,,,
,,,,
,9.6,,,
,,,,
,9.6,,,
,,,,
,9.6,,,
,,,,
,9.6,,,
,,,,
,9.6,,,
,,,,
,9.6,,,
,,,,
,9.6,,,
,,,,
,9.6,,,
,,,,
,9.6,,,
,,,,
,9.6,,,
,,,,
,9.6,,,
,,,,
,9.6,,,
,,,,
,9.6,,,
,,,,
,9.6,,,
,,,,
,9.6,,,
,,,,
,9.6,,,
,,,,
,9.6,,,
,,,,
,9.6,,,
,,,,
,9.6,,,
,,,,
,9.6,,,
,,,,
,9.6,,,
,,,,
,,,,
,9.6,,,
,,,,
,,,,
,9.6,,,
,,,,
,,,,
,9.6,,,
, ,,,
,,,,
,9.6,,,
,,,,
,,,,
,9.6,,,
,,,,
,,,,
,9.0,,,
,0.6,,,
,,,,
,,,,
,9.6,,,
,,,,
, ,,,
,9.6,,,
,,,,
,,,,
,9.6,,,
,,,,
,9.6,,,
,,,,
,9.6,,,
,,,,
,9.6,,,
,,,,
,9.6,,,
,,,,
,9.6,,,
,,,,
,9.6,,,
,,,,
,9.6,,,
,,,,
,9.6,,,
,,,,
,9.6,,,
,,,,
,9.6,,,
,,,,
,9.6,,,
,,,,
,9.6,,,
,,,,
,9.6,,,
,,,,
,9.6,,,
,,,,
,9.6,,,
,,,,
,9.5,,,
,,,,
,9.6,,,
,,,,
,9.5,,,
,,,,
,9.6,,,
,,,,
,9.5,,,
,,,,
,9.6,,,
,,,,
,9.6,,,
,,,,
,9.6,,,
,,,,
,9.5,,,
,,,,
,9.6,,,
,,,,
,9.6,,,
,,,,
,9.6,,,
,,,,
,9.6,,,
,,,,
,9.6,,,
,,,,
,9.6,,,
,,,,
,9.5,,,
,,,,
,9.6,,,
,,,,
,9.6,,,
,,,,
,,,,
,9.6,,,
,,,,
,9.6,,,
,,,,
,9.6,,,
,,,,
,9.6,,,
,,,,
,9.6,,,
,,,,
,9.6,,,
,,,,
,9.6,,,
,,,,
,9.6,,,
,,,,
,9.6,,,
,,,,
,9.6,,,
,,,,
,9.6,,,
,,,,
,,,,
,9.6,,,
,,,,
,,,,
,9.6,,,
,,,,
,,,,
,9.6,,,
, ,,,
,,,,
,9.6,,,
,,,,
,,,,
,9.6,,,
,,,,
,,,,
,9.6,,,
,,,,
,,,,
,,,,
,9.6,,,
,,,,
,9.0,,,
,6.0,,,
,,,,
,,,,
,9.6,,,
,,,,
,,,,
,9.6,,,
,,,,
, ,,,
,9.6,,,
,,,,
,,,,
,9.6,,,
,,,,
,9.6,,,
,,,,
,9.6,,,
,,,,
,9.6,,,
,,,,
,9.6,,,
,,,,
,9.6,,,
,,,,
,9.6,,,
,,,,
,9.6,,,
,,,,
,9.6,,,
,,,,
,9.6,,,
,,,,
,9.6,,,
,,,,
,9.6,,,
,,,,
,9.5,,,
,,,,
,9.6,,,
,,,,
,9.6,,,
,,,,
,9.6,,,
,,,,
,9.6,,,
,,,,
,9.6,,,
,,,,
,9.6,,,
,,,,
,9.6,,,
,,,,
,9.6,,,
,,,,
,9.6,,,
,,,,
,9.6,,,
,,,,
,9.6,,,
,,,,
,9.6,,,
,,,,
,9.6,,,
,,,,
,9.6,,,
,,,,
,9.6,,,
,,,,
,9.6,,,
,,,,
,9.6,,,
,,,,
,9.6,,,
,,,,
,9.6,,,
,,,,
,9.6,,,
,,,,
,9.6,,,
,,,,
,9.6,,,
,,,,
,9.6,,,
,,,,
,9.6,,,
,,,,
,9.6,,,
,,,,
,9.6,,,
,,,,
,9.6,,,
,,,,
,9.6,,,
,,,,
,9.6,,,
,,,,
,9.6,,,
,,,,
,9.6,,,
,,,,
,,,,
, 9.6   .,,,
,,,,
,,,,
,9.6,,,
,,,,
,,,,
,9.6,,,
,,,,
,,,,
,9.6,,,
, ,,,
,,,,
,9.6,,,
,,,,
,,,,
,9.0,,,
,6.0,,,
,,,,
,,,,
,9.6,,,
,,,,
,,,,
,9.6,,,
,,,,
, ,,,
,9.6,,,
,,,,
,,,,
,9.6,,,
,,,,
,9.6,,,
,,,,
,9.6,,,
,,,,
,9.6,,,
,,,,
,9.6,,,
,,,,
,9.6,,,
,,,,
,9.6,,,
,,,,
,9.6,,,
,,,,
,9.6,,,
,,,,
,9.6,,,
,,,,
,9.6,,,
,,,,
,9.6,,,
,,,,
,9.6,,,
,,,,
,9.6,,,
,,,,
,9.6,,,
,,,,
,9.6,,,
,,,,
,9.6,,,
,,,,
,9.6,,,
,,,,
,9.6,,,
,,,,
,9.6,,,
,,,,
,9.6,,,
,,,,
,9.5,,,
,,,,
,9.6,,,
,,,,
,9.6,,,
,,,,
,9.6,,,
,,,,
,9.6,,,
,,,,
,9.6,,,
,,,,
,9.5,,,
,,,,
,9.5,,,
,,,,
,9.6,,,
,,,,
,9.6,,,
,,,,
,9.5,,,
,,,,
,9.5,,,
,,,,
,9.6,,,
,,,,
,9.6,,,
,,,,
,9.5,,,
,,,,
,9.6,,,
,,,,
,9.6,,,
,,,,
,9.5,,,
,,,,
,9.6,,,
,,,,
,9.5,,,
,,,,
,9.5,,,
,,,,
,9.5,,,
,,,,
,9.5,,,
,,,,
,,,,
, 9.5   .,,,
,,,,
,,,,
,9.6,,,
,,,,
,,,,
,9.5,,,
,,,,
,,,,
,9.5,,,
, ,,,
,,,,
,9.5,,,
,,,,
,,,,
,9.5,,,
, ,,,
,,,,
,9.5,,,
,,,,
,,,,
,9.5,,,
,,,,
,,,,
,9.0,,,
,0.5,,,
,,,,
,,,,
,9.5,,,
,,,,
, ,,,
,9.5,,,
,,,,
,,,,
,9.6,,,
,,,,
,9.5,,,
,,,,
,9.6,,,
,,,,
,9.6,,,
,,,,
,9.5,,,
,,,,
,9.5,,,
,,,,
,9.6,,,
,,,,
,9.5,,,
,,,,
,9.5,,,
,,,,
,9.5,,,
,,,,
,9.6,,,
,,,,
,9.6,,,
,,,,
,9.6,,,
,,,,
,9.6,,,
,,,,
,9.6,,,
,,,,
,9.5,,,
,,,,
,9.6,,,
,,,,
,9.5,,,
,,,,
,9.6,,,
,,,,
,9.6,,,
,,,,
,9.6,,,
,,,,
,9.6,,,
,,,,
,9.6,,,
,,,,
,9.6,,,
,,,,
,9.6,,,
,,,,
,9.6,,,
,,,,
,9.5,,,
,,,,
,9.5,,,
,,,,
,9.5,,,
,,,,
,9.5,,,
,,,,
,9.6,,,
,,,,
,9.5,,,
,,,,
,9.5,,,
,,,,
,9.5,,,
,,,,
,9.5,,,
,,,,
,9.6,,,
,,,,
,9.5,,,
,,,,
,9.5,,,
,,,,
,9.6,,,
,,,,
,9.6,,,
,,,,
,9.5,,,
,,,,
,9.5,,,
,,,,
,9.5,,,
,,,,
,9.5,,,
,,,,
,9.5,,,
,,,,
,,,,
,9.6,,,
,,,,
,,,,
,9.5,,,
,,,,
,,,,
,9.6,,,
, ,,,
,,,,
,9.6,,,
,,,,
,,,,
,9.5,,,
,,,,
,,,,
,9.0,,,
,0.6,,,
,,,,
,,,,
,9.5,,,
,,,,
, ,,,
,9.5,,,
,,,,
,,,,
,9.5,,,
,,,,
,9.5,,,
,,,,
,9.5,,,
,,,,
,9.6,,,
,,,,
,9.6,,,
,,,,
,9.6,,,
,,,,
,9.5,,,
,,,,
,9.5,,,
,,,,
,9.6,,,
,,,,
,9.6,,,
,,,,
,9.6,,,
,,,,
,9.6,,,
,,,,
,9.6,,,
,,,,
,9.5,,,
,,,,
,9.5,,,
,,,,
,9.5,,,
,,,,
,9.5,,,
,,,,
,9.6,,,
,,,,
,9.5,,,
,,,,
,9.5,,,
,,,,
,9.5,,,
,,,,
,9.5,,,
,,,,
,9.5,,,
,,,,
,9.5,,,
,,,,
,9.5,,,
,,,,
,9.5,,,
,,,,
,9.5,,,
,,,,
,9.5,,,
,,,,
,9.5,,,
,,,,
,9.5,,,
,,,,
,9.5,,,
,,,,
,9.5,,,
,,,,
,9.5,,,
,,,,
,9.5,,,
,,,,
,9.5,,,
,,,,
,9.5,,,
,,,,
,9.5,,,
,,,,
,9.5,,,
,,,,
,9.5,,,
,,,,
,9.5,,,
,,,,
,9.5,,,
,,,,
,9.5,,,
,,,,
,9.5,,,
,,,,
,9.5,,,
,,,,
,9.5,,,
,,,,
,,,,
,9.5,,,
,,,,
,,,,
,9.5,,,
,,,,
,,,,
,9.5,,,
, ,,,
,,,,
,9.5,,,
,,,,
,,,,
,9.5,,,
, ,,,
,,,,
,9.5,,,
,,,,
,,,,
,9.5,,,
,,,,
,,,,
,9.0,,,
,5.0,,,
,,,,
,,,,
,9.5,,,
,,,,
,,,,
,9.5,,,
,,,,
,,,,
,9.5,,,
,,,,
,9.5,,,
,,,,
,9.5,,,
,,,,
,9.5,,,
,,,,
,9.5,,,
,,,,
,9.5,,,
,,,,
,9.5,,,
,,,,
,9.5,,,
,,,,
,9.5,,,
,,,,
,9.5,,,
,,,,
,9.5,,,
,,,,
,9.5,,,
,,,,
,9.5,,,
,,,,
,9.5,,,
,,,,
,9.5,,,
,,,,
,9.5,,,
,,,,
,9.5,,,
,,,,
,9.5,,,
,,,,
,9.5,,,
,,,,
,9.5,,,
,,,,
,9.5,,,
,,,,
,9.5,,,
,,,,
,9.5,,,
,,,,
,9.5,,,
,,,,
,9.5,,,
,,,,
,9.5,,,
,,,,
,9.5,,,
,,,,
,9.5,,,
,,,,
,9.5,,,
,,,,
,9.5,,,
,,,,
,9.5,,,
,,,,
,9.5,,,
,,,,
,9.5,,,
,,,,
,9.5,,,
,,,,
,9.5,,,
,,,,
,9.5,,,
,,,,
,9.5,,,
,,,,
,9.5,,,
,,,,
,9.5,,,
,,,,
,9.5,,,
,,,,
,9.5,,,
,,,,
,9.5,,,
,,,,
,9.5,,,
,,,,
,9.5,,,
,,,,
,9.5,,,
,,,,
,,,,
, 9.5   .,,,
,,,,
,,,,
,9.5,,,
,,,,
,,,,
,9.5,,,
, ,,,
,,,,
,9.5,,,
,,,,
,,,,
,9.5,,,
,,,,
,,,,
,9.0,,,
,5.0,,,
,,,,
,,,,
,9.5,,,
,,,,
,,,,
,9.5,,,
,,,,
, ,,,
,9.5,,,
,,,,
,,,,
,9.5,,,
,,,,
, ,,,
,9.5,,,
,,,,
,9.5,,,
,,,,
,9.5,,,
,,,,
,9.5,,,
,,,,
,9.5,,,
,,,,
,9.5,,,
,,,,
,9.5,,,
,,,,
,9.5,,,
,,,,
,9.5,,,
,,,,
,9.5,,,
,,,,
,9.5,,,
,,,,
,9.5,,,
,,,,
,9.5,,,
,,,,
,9.5,,,
,,,,
,9.5,,,
,,,,
,9.5,,,
,,,,
,9.5,,,
,,,,
,9.5,,,
,,,,
,9.5,,,
,,,,
,9.5,,,
,,,,
,9.5,,,
,,,,
,9.5,,,
,,,,
,9.5,,,
,,,,
,9.5,,,
,,,,
,9.5,,,
,,,,
,9.5,,,
,,,,
,9.5,,,
,,,,
,9.5,,,
,,,,
,9.5,,,
,,,,
,9.5,,,
,,,,
,9.5,,,
,,,,
,9.5,,,
,,,,
,9.5,,,
,,,,
,9.5,,,
,,,,
,9.5,,,
,,,,
,9.5,,,
,,,,
,9.5,,,
,,,,
,9.5,,,
,,,,
,9.5,,,
,,,,
,9.5,,,
,,,,
,9.5,,,
,,,,
,9.5,,,
,,,,
,9.5,,,
,,,,
,,,,
, 9.5   .,,,
,,,,
,,,,
,9.5,,,
,,,,
,,,,
, 9.5   .,,,
,,,,
,,,,
,9.5,,,
,,,,
,,,,
,9.5,,,
,,,,
,,,,
,9.5,,,
, ,,,
,,,,
,9.5,,,
,,,,
,,,,
,9.5,,,
,,,,
,,,,
,9.0,,,
,0.5,,,
,,,,
,,,,
,9.5,,,
,,,,
, ,,,
,9.5,,,
,,,,
,,,,
,9.5,,,
,,,,
,9.5,,,
,,,,
,9.5,,,
,,,,
,9.5,,,
,,,,
,9.5,,,
,,,,
,9.5,,,
,,,,
,9.5,,,
,,,,
,9.5,,,
,,,,
,9.5,,,
,,,,
,9.5,,,
,,,,
,9.5,,,
,,,,
,9.5,,,
,,,,
,9.5,,,
,,,,
,9.5,,,
,,,,
,9.5,,,
,,,,
,9.5,,,
,,,,
,9.5,,,
,,,,
,9.5,,,
,,,,
,9.5,,,
,,,,
,9.5,,,
,,,,
,9.5,,,
,,,,
,9.5,,,
,,,,
,9.5,,,
,,,,
,9.5,,,
,,,,
,9.5,,,
,,,,
,9.5,,,
,,,,
,9.5,,,
,,,,
,9.5,,,
,,,,
,9.5,,,
,,,,
,9.5,,,
,,,,
,9.5,,,
,,,,
,9.5,,,
,,,,
,9.5,,,
,,,,
,9.5,,,
,,,,
,9.5,,,
,,,,
,9.5,,,
,,,,
,9.5,,,
,,,,
,9.5,,,
,,,,
,9.5,,,
,,,,
,9.5,,,
,,,,
,9.5,,,
,,,,
,9.5,,,
,,,,
,9.5,,,
,,,,
,9.5,,,
,,,,
,9.5,,,
,,,,
,9.5,,,
,,,,
,9.5,,,
,,,,
,9.5,,,
,,,,
,9.5,,,
,,,,
,9.5,,,
,,,,
,9.5,,,
,,,,
,9.5,,,
,,,,
,9.5,,,
,,,,
,9.4,,,
,,,,
,9.4,,,
,,,,
,9.4,,,
,,,,
,9.4,,,
,,,,
,9.4,,,
,,,,
,9.4,,,
,,,,
,9.4,,,
,,,,
,9.4,,,
,,,,
,9.4,,,
,,,,
,9.4,,,
,,,,
,9.4,,,
,,,,
,9.4,,,
,,,,
,9.5,,,
,,,,
,9.4,,,
,,,,
,9.5,,,
,,,,
,9.6,,,
,,,,
,9.5,,,
,,,,
,,,,
,9.5,,,
,,,,
,,,,
,9.4,,,
,,,,
,,,,
,9.4,,,
, ,,,
,,,,
,9.4,,,
,,,,
,,,,
,9.4,,,
,,,,
,,,,
,9.0,,,
,0.4,,,
,,,,
,,,,
,9.4,,,
,,,,
, ,,,
,9.4,,,
,,,,
,,,,
,9.4,,,
,,,,
, ,,,
,9.4,,,
,,,,
,,,,
,9.4,,,
,,,,
,9.4,,,
,,,,
,9.4,,,
,,,,
,9.4,,,
,,,,
,9.4,,,
,,,,
,9.4,,,
,,,,
,9.4,,,
,,,,
,9.4,,,
,,,,
,9.4,,,
,,,,
,9.4,,,
,,,,
,9.4,,,
,,,,
,9.4,,,
,,,,
,9.4,,,
,,,,
,9.3,,,
,,,,
,9.4,,,
,,,,
,9.3,,,
,,,,
,9.4,,,
,,,,
,9.3,,,
,,,,
,9.3,,,
,,,,
,9.3,,,
,,,,
,9.3,,,
,,,,
,9.3,,,
,,,,
,9.3,,,
,,,,
,9.3,,,
,,,,
,9.4,,,
,,,,
,9.4,,,
,,,,
,9.3,,,
,,,,
,9.4,,,
,,,,
,9.3,,,
,,,,
,9.4,,,
,,,,
,9.3,,,
,,,,
,9.4,,,
,,,,
,9.3,,,
,,,,
,9.3,,,
,,,,
,9.3,,,
,,,,
,9.4,,,
,,,,
,9.3,,,
,,,,
,9.3,,,
,,,,
,9.3,,,
,,,,
,9.3,,,
,,,,
,9.4,,,
,,,,
,9.3,,,
,,,,
,9.3,,,
,,,,
,9.3,,,
,,,,
,,,,
,9.3,,,
,,,,
,,,,
,9.3,,,
,,,,
,,,,
,9.3,,,
,,,,
,,,,
,9.3,,,
, ,,,
,,,,
,9.3,,,
,,,,
,,,,
,9.3,,,
,,,,
,,,,
,9.0,,,
,0.3,,,
,,,,
,,,,
,9.3,,,
,,,,
, ,,,
,9.3,,,
,,,,
,,,,
,9.3,,,
,,,,
,9.3,,,
,,,,
,9.3,,,
,,,,
,9.3,,,
,,,,
,9.2,,,
,,,,
,9.3,,,
,,,,
,9.3,,,
,,,,
,9.4,,,
,,,,
,9.4,,,
,,,,
,9.4,,,
,,,,
,9.3,,,
,,,,
,9.4,,,
,,,,
,9.4,,,
,,,,
,9.3,,,
,,,,
,9.4,,,
,,,,
,9.4,,,
,,,,
,9.4,,,
,,,,
,9.3,,,
,,,,
,9.3,,,
,,,,
,9.3,,,
,,,,
,9.3,,,
,,,,
,9.3,,,
,,,,
,9.3,,,
,,,,
,9.3,,,
,,,,
,9.3,,,
,,,,
,9.4,,,
,,,,
,9.3,,,
,,,,
,9.3,,,
,,,,
,9.3,,,
,,,,
,9.3,,,
,,,,
,9.4,,,
,,,,
,9.4,,,
,,,,
,9.4,,,
,,,,
,9.3,,,
,,,,
,9.3,,,
,,,,
,9.3,,,
,,,,
,9.3,,,
,,,,
,9.3,,,
,,,,
,9.3,,,
,,,,
,9.3,,,
,,,,
,9.3,,,
,,,,
,9.3,,,
,,,,
,9.3,,,
,,,,
,9.3,,,
,,,,
,9.3,,,
,,,,
,,,,
,9.3,,,
,,,,
,,,,
,9.3,,,
,,,,
,,,,
,9.3,,,
, ,,,
,,,,
,9.3,,,
,,,,
,,,,
,9.3,,,
,,,,
,,,,
,9.0,,,
,3.0,,,
,,,,
,9.4,,,
,,,,
,,,,
,9.0,,,
,3.0,,,
,,,,
,,,,
,9.3,,,
,,,,
,,,,
,9.3,,,
,,,,
, ,,,
,9.3,,,
,,,,
,,,,
,9.3,,,
,,,,
,9.3,,,
,,,,
,9.3,,,
,,,,
,9.4,,,
,,,,
,9.3,,,
,,,,
,9.3,,,
,,,,
,9.3,,,
,,,,
,9.3,,,
,,,,
,9.3,,,
,,,,
,9.4,,,
,,,,
,9.3,,,
,,,,
,9.3,,,
,,,,
,9.3,,,
,,,,
,9.3,,,
,,,,
,9.3,,,
,,,,
,9.3,,,
,,,,
,9.4,,,
,,,,
,9.3,,,
,,,,
,9.4,,,
,,,,
,9.4,,,
,,,,
,9.3,,,
,,,,
,9.3,,,
,,,,
,9.3,,,
,,,,
,9.3,,,
,,,,
,9.3,,,
,,,,
,9.3,,,
,,,,
,9.3,,,
,,,,
,9.3,,,
,,,,
,9.4,,,
,,,,
,9.3,,,
,,,,
,9.3,,,
,,,,
,9.3,,,
,,,,
,9.3,,,
,,,,
,9.3,,,
,,,,
,9.3,,,
,,,,
,9.3,,,
,,,,
,9.4,,,
,,,,
,9.4,,,
,,,,
,9.3,,,
,,,,
,9.3,,,
,,,,
,9.3,,,
,,,,
,9.3,,,
,,,,
,,,,
,9.3,,,
,,,,
,9.3,,,
,,,,
,,,,
, 9.3   .,,,
,,,,
,,,,
,9.3,,,
,,,,
,,,,
,9.3,,,
,,,,
,,,,
,9.3,,,
,,,,
,,,,
,9.3,,,
,,,,
,,,,
,9.0,,,
,3.0,,,
,,,,
,,,,
,9.3,,,
,,,,
,,,,
,9.3,,,
,,,,
,,,,
,9.3,,,
,,,,
,,,,
,9.3,,,
,,,,
,9.3,,,
,,,,
,9.3,,,
,,,,
,9.3,,,
,,,,
,9.3,,,
,,,,
,9.3,,,
,,,,
,9.3,,,
,,,,
,9.3,,,
,,,,
,9.3,,,
,,,,
,9.3,,,
,,,,
,9.3,,,
,,,,
,9.3,,,
,,,,
,9.3,,,
,,,,
,9.3,,,
,,,,
,9.3,,,
,,,,
,9.3,,,
,,,,
,9.3,,,
,,,,
,9.3,,,
,,,,
,9.3,,,
,,,,
,9.3,,,
,,,,
,9.3,,,
,,,,
,9.3,,,
,,,,
,9.3,,,
,,,,
,9.3,,,
,,,,
,9.3,,,
,,,,
,9.3,,,
,,,,
,9.3,,,
,,,,
,9.3,,,
,,,,
,9.3,,,
,,,,
,9.3,,,
,,,,
,9.3,,,
,,,,
,9.3,,,
,,,,
,9.3,,,
,,,,
,9.3,,,
,,,,
,9.3,,,
,,,,
,9.3,,,
,,,,
,9.3,,,
,,,,
,9.3,,,
,,,,
,9.3,,,
,,,,
,9.3,,,
,,,,
,9.3,,,
,,,,
,9.3,,,
,,,,
,9.3,,,
,,,,
,9.3,,,
,,,,
,,,,
, 9.3   .,,,
,,,,
,,,,
,9.3,,,
,,,,
,,,,
,9.3,,,
,,,,
,,,,
,9.3,,,
, ,,,
,,,,
,9.3,,,
,,,,
,,,,
,9.3,,,
, ,,,
,,,,
,9.3,,,
,,,,
,,,,
,,,,
,9.3,,,
,,,,
,9.0,,,
,0.3,,,
,,,,
,,,,
,9.3,,,
,,,,
, ,,,
,9.3,,,
,,,,
,,,,
,9.3,,,
,,,,
,9.3,,,
,,,,
,9.3,,,
,,,,
,9.3,,,
,,,,
,9.3,,,
,,,,
,9.3,,,
,,,,
,9.3,,,
,,,,
,9.3,,,
,,,,
,9.3,,,
,,,,
,9.3,,,
,,,,
,9.3,,,
,,,,
,9.3,,,
,,,,
,9.3,,,
,,,,
,9.3,,,
,,,,
,9.3,,,
,,,,
,9.3,,,
,,,,
,9.3,,,
,,,,
,9.3,,,
,,,,
,9.3,,,
,,,,
,9.3,,,
,,,,
,9.3,,,
,,,,
,9.3,,,
,,,,
,9.3,,,
,,,,
,9.3,,,
,,,,
,9.3,,,
,,,,
,9.3,,,
,,,,
,9.3,,,
,,,,
,9.3,,,
,,,,
,9.3,,,
,,,,
,9.3,,,
,,,,
,9.3,,,
,,,,
,9.3,,,
,,,,
,9.3,,,
,,,,
,9.3,,,
,,,,
,9.3,,,
,,,,
,9.3,,,
,,,,
,9.3,,,
,,,,
,9.3,,,
,,,,
,9.3,,,
,,,,
,9.3,,,
,,,,
,9.3,,,
,,,,
,9.3,,,
,,,,
,9.3,,,
,,,,
,9.3,,,
,,,,
,9.3,,,
,,,,
,,,,
,9.3,,,
,,,,
,,,,
,9.3,,,
,,,,
,,,,
,9.3,,,
, ,,,
,,,,
,9.3,,,
,,,,
,,,,
,9.3,,,
,,,,
,,,,
,9.0,,,
,0.3,,,
,,,,
,,,,
,9.3,,,
,,,,
, ,,,
,9.3,,,
,,,,
,,,,
,9.3,,,
,,,,
,9.3,,,
,,,,
,9.3,,,
,,,,
,9.3,,,
,,,,
,9.3,,,
,,,,
,9.3,,,
,,,,
,9.3,,,
,,,,
,9.3,,,
,,,,
,9.3,,,
,,,,
,9.3,,,
,,,,
,9.3,,,
,,,,
,9.3,,,
,,,,
,9.3,,,
,,,,
,9.3,,,
,,,,
,9.3,,,
,,,,
,9.3,,,
,,,,
,9.3,,,
,,,,
,9.3,,,
,,,,
,9.3,,,
,,,,
,9.3,,,
,,,,
,9.3,,,
,,,,
,9.3,,,
,,,,
,9.3,,,
,,,,
,9.3,,,
,,,,
,9.3,,,
,,,,
,9.3,,,
,,,,
,9.3,,,
,,,,
,9.3,,,
,,,,
,9.3,,,
,,,,
,9.3,,,
,,,,
,9.3,,,
,,,,
,9.3,,,
,,,,
,9.3,,,
,,,,
,9.3,,,
,,,,
,9.3,,,
,,,,
,9.3,,,
,,,,
,9.3,,,
,,,,
,9.3,,,
,,,,
,9.3,,,
,,,,
,9.3,,,
,,,,
,9.3,,,
,,,,
,9.3,,,
,,,,
,9.3,,,
,,,,
,9.3,,,
,,,,
,9.3,,,
,,,,
,,,,
,9.3,,,
,,,,
,,,,
,9.3,,,
,,,,
,,,,
,9.3,,,
,,,,
,,,,
,9.3,,,
,,,,
,,,,
,9.3,,,
, ,,,
,,,,
,9.0,,,
,3.0,,,
,,,,
,9.3,,,
,,,,
,,,,
,9.0,,,
,0.3,,,
,,,,
,,,,
,9.3,,,
,,,,
, ,,,
,9.3,,,
,,,,
,,,,
,9.3,,,
,,,,
,9.3,,,
,,,,
,9.3,,,
,,,,
,9.1,,,
,,,,
,9.1,,,
,,,,
,9.1,,,
,,,,
,9.1,,,
,,,,
,9.1,,,
,,,,
,9.1,,,
,,,,
,9.1,,,
,,,,
,9.1,,,
,,,,
,9.1,,,
,,,,
,,,,
,9.1,,,
,,,,
,9.1,,,
,,,,
,,,,
, 9.1   .,,,
,,,,
,,,,
,9.1,,,
,,,,
,,,,
,9.1,,,
,,,,
,,,,
,9.1,,,
, ,,,
,,,,
,9.1,,,
,,,,
,,,,
,9.1,,,
,,,,
,,,,
,,,,
,9.1,,,
,,,,
,,,,
,9.1,,,
,,,,
,,,,
,9.1,,,
,,,,
,9.1,,,
,,,,
,9.1,,,
,,,,
,9.1,,,
,,,,
,9.1,,,
,,,,
,9.1,,,
,,,,
,9.1,,,
,,,,
,9.1,,,
,,,,
,9.1,,,
,,,,
,,,,
,9.1,,,
,,,,
,,,,
,9.1,,,
,,,,
,,,,
,9.1,,,
,,,,
,,,,
,9.1,,,
,,,,
,,,,
,9.1,,,
,,,,
,,,,
,9.0,,,
,0.1,,,
,,,,
,,,,
,9.1,,,
,,,,
, ,,,
,9.1,,,
,,,,
,,,,
,9.1,,,
,,,,
,9.1,,,
,,,,
,,,,
,9.1,,,
,,,,
,9.1,,,
,,,,
,9.1,,,